ISO-10303-21;
HEADER;
FILE_DESCRIPTION (( 'STEP AP203' ),
    '1' );
FILE_NAME ('CRB 01.STEP',
    '2026-04-13T08:14:07',
    ( '' ),
    ( '' ),
    'SwSTEP 2.0',
    'SolidWorks 2024',
    '' );
FILE_SCHEMA (( 'CONFIG_CONTROL_DESIGN' ));
ENDSEC;

DATA;
#1 = EDGE_CURVE ( 'NONE', #1597, #1815, #510, .T. ) ;
#2 = CARTESIAN_POINT ( 'NONE',  ( 22.41575461569258110, 0.8547145198222645401, 18.55076341750683966 ) ) ;
#3 = CARTESIAN_POINT ( 'NONE',  ( 20.91067736006276689, 7.377552050168207920, 90.00000000000004263 ) ) ;
#4 = AXIS2_PLACEMENT_3D ( 'NONE', #413, #731, #1998 ) ;
#5 = CARTESIAN_POINT ( 'NONE',  ( 9.357760650116427215, 5.865074729498771511, 74.99729012944116846 ) ) ;
#6 = CARTESIAN_POINT ( 'NONE',  ( -1.345167874243730299, 0.5866193802456859396, 15.39999999999999325 ) ) ;
#7 = COORDINATED_UNIVERSAL_TIME_OFFSET ( 5, 30, .AHEAD. ) ;
#8 = AXIS2_PLACEMENT_3D ( 'NONE', #907, #1489, #1063 ) ;
#9 = FACE_OUTER_BOUND ( 'NONE', #1772, .T. ) ;
#10 = CARTESIAN_POINT ( 'NONE',  ( 1.403699858394994893, 4.900000000000030553, 15.39999999999995950 ) ) ;
#11 = CARTESIAN_POINT ( 'NONE',  ( -14.79141703174166800, -0.3985746249862844315, 15.39999999999901981 ) ) ;
#12 = CARTESIAN_POINT ( 'NONE',  ( -15.08369162877210101, 0.7010752652935620111, 15.39999999999837321 ) ) ;
#13 = CARTESIAN_POINT ( 'NONE',  ( -26.00000000000000000, 4.900000000000000355, 15.40000000000000036 ) ) ;
#14 = CARTESIAN_POINT ( 'NONE',  ( 24.27645949759657640, 3.265962688429739469, 15.40000000000007319 ) ) ;
#15 = CARTESIAN_POINT ( 'NONE',  ( 20.67661093448188581, 7.789517033683371672, 90.00000000000000000 ) ) ;
#16 = CARTESIAN_POINT ( 'NONE',  ( 6.487132860050389027, 6.143938538781477554, 95.00000000000000000 ) ) ;
#17 = CARTESIAN_POINT ( 'NONE',  ( -12.26395094273163622, -0.6059760300756346085, 18.55977811328126492 ) ) ;
#18 = CARTESIAN_POINT ( 'NONE',  ( 23.95461561028506736, 0.4975049166238710296, 15.80408113909010837 ) ) ;
#19 = CARTESIAN_POINT ( 'NONE',  ( -0.6294423576284956523, 4.155852267258939747, 17.37168970715790550 ) ) ;
#20 = CARTESIAN_POINT ( 'NONE',  ( -14.88047190534002340, -0.5233870946080928510, 18.54585264497931618 ) ) ;
#21 = CARTESIAN_POINT ( 'NONE',  ( -14.99533746537025358, 0.8044320462393050875, 15.40000000000012825 ) ) ;
#22 = CARTESIAN_POINT ( 'NONE',  ( -8.246137600378892429, -3.075808573421429770, 95.00000000000028422 ) ) ;
#23 = CARTESIAN_POINT ( 'NONE',  ( -14.88739555888311017, 0.7100226772795457109, 18.24790259442224993 ) ) ;
#24 = CARTESIAN_POINT ( 'NONE',  ( 22.15748613707982884, 0.7519086688146227049, 15.39999999999999503 ) ) ;
#25 = CARTESIAN_POINT ( 'NONE',  ( -1.769267329757878926, 3.794783740362473790, 89.99999999999998579 ) ) ;
#26 = CARTESIAN_POINT ( 'NONE',  ( 10.36744331250512730, 5.044305531831054346, 55.00375369022523131 ) ) ;
#27 = CARTESIAN_POINT ( 'NONE',  ( -8.939367985528470228, -0.1002972386848953457, 15.40000000000001990 ) ) ;
#28 = CARTESIAN_POINT ( 'NONE',  ( -14.83341456130996150, -0.3125467830273098158, 35.00090047978090269 ) ) ;
#29 = CARTESIAN_POINT ( 'NONE',  ( 12.29666802210710408, 4.899999999999961275, 15.40000000000002700 ) ) ;
#30 = EDGE_CURVE ( 'NONE', #96, #1053, #272, .T. ) ;
#31 = CARTESIAN_POINT ( 'NONE',  ( -16.91992230561717037, 2.917500962539988141, 15.40000000000000036 ) ) ;
#32 = CARTESIAN_POINT ( 'NONE',  ( -8.628065565066227904, -1.585392295759852965, 55.00385570364692001 ) ) ;
#33 = CARTESIAN_POINT ( 'NONE',  ( -26.00000000000000000, -4.900000000000000355, 9.599999999999999645 ) ) ;
#34 = CARTESIAN_POINT ( 'NONE',  ( 23.14282161194168452, 3.882743326763294256, 15.39999999999999147 ) ) ;
#35 = CARTESIAN_POINT ( 'NONE',  ( 20.51079019892295108, 7.216888545785601572, 90.00000000000000000 ) ) ;
#36 = CARTESIAN_POINT ( 'NONE',  ( 21.13158824209623532, 6.429865685532981878, 74.99837513003340916 ) ) ;
#37 = CARTESIAN_POINT ( 'NONE',  ( -10.76465157348405199, -0.2980245797038816313, 15.39999999999997904 ) ) ;
#38 = CARTESIAN_POINT ( 'NONE',  ( 22.97751307436608670, -1.597898233701789961, 15.48613498548722767 ) ) ;
#39 = CARTESIAN_POINT ( 'NONE',  ( 5.371189887004650387, 3.882336627929738881, 16.31982232723855475 ) ) ;
#40 = CIRCLE ( 'NONE', #426, 3.000000000000000444 ) ;
#41 = EDGE_CURVE ( 'NONE', #1006, #1304, #1012, .T. ) ;
#42 = CARTESIAN_POINT ( 'NONE',  ( -14.89616887946108825, 0.7032829558920372648, 18.25008157934907516 ) ) ;
#43 = CARTESIAN_POINT ( 'NONE',  ( -6.490367002618906866, -0.008622636192544096481, 21.66664953764032475 ) ) ;
#44 = CARTESIAN_POINT ( 'NONE',  ( -14.88739444705386106, 0.7099939375050973167, 18.24837216160363695 ) ) ;
#45 = CARTESIAN_POINT ( 'NONE',  ( 21.87163271590642566, 0.8201757269766702940, 15.40000000000000746 ) ) ;
#46 = CARTESIAN_POINT ( 'NONE',  ( 14.03730120614817878, 5.441975427017178291, 90.00000000000001421 ) ) ;
#47 = CARTESIAN_POINT ( 'NONE',  ( 11.97282467875651335, 4.722661962051117435, 88.33225028822032243 ) ) ;
#48 = CARTESIAN_POINT ( 'NONE',  ( 21.96908450107806487, -2.474707896133171214, 15.40000000000002522 ) ) ;
#49 = PERSON_AND_ORGANIZATION_ROLE ( 'creator' ) ;
#50 = ORIENTED_EDGE ( 'NONE', *, *, #1874, .F. ) ;
#51 = CARTESIAN_POINT ( 'NONE',  ( -12.93094725659660149, -0.1741639882334976852, 55.00413024553244412 ) ) ;
#52 = CARTESIAN_POINT ( 'NONE',  ( 0.02360629587512238017, 4.154741720106316372, 16.24987030541349142 ) ) ;
#53 = CARTESIAN_POINT ( 'NONE',  ( -12.21581948084499025, 2.110441925177877653, 18.26275393417843418 ) ) ;
#54 = CARTESIAN_POINT ( 'NONE',  ( -6.378961627637631082, -0.9362130157832809774, 55.00384697260349043 ) ) ;
#55 = CARTESIAN_POINT ( 'NONE',  ( -14.69474222575342992, 0.8492803608353410860, 18.24602076971227049 ) ) ;
#56 = CC_DESIGN_PERSON_AND_ORGANIZATION_ASSIGNMENT ( #162, #665, ( #1896 ) ) ;
#57 = CARTESIAN_POINT ( 'NONE',  ( 22.90827655620694259, 3.948559668157451963, 15.40000000000001101 ) ) ;
#58 = ADVANCED_FACE ( 'NONE', ( #1982 ), #1566, .F. ) ;
#59 = CARTESIAN_POINT ( 'NONE',  ( 22.69223452469880087, 2.166626799299584683, 35.00137049743513984 ) ) ;
#60 = CARTESIAN_POINT ( 'NONE',  ( 21.74315029861786286, 0.5310839638898890991, 18.11551924154856508 ) ) ;
#61 = VERTEX_POINT ( 'NONE', #337 ) ;
#62 = CARTESIAN_POINT ( 'NONE',  ( -10.71260333367094297, -0.4970537013107046986, 88.33451985895587200 ) ) ;
#63 = CARTESIAN_POINT ( 'NONE',  ( -13.31104971445376428, 4.900000000000000355, 15.40000000000000036 ) ) ;
#64 = CARTESIAN_POINT ( 'NONE',  ( 18.37542181190685042, 1.980717125625637731, 18.63097162538986851 ) ) ;
#65 = DIRECTION ( 'NONE',  ( -0.2523189464366740742, -0.5410997268091269907, -0.8022133350401094987 ) ) ;
#66 = CARTESIAN_POINT ( 'NONE',  ( -16.55552970251823908, 3.201676068611091441, 15.40000000000000746 ) ) ;
#67 = CARTESIAN_POINT ( 'NONE',  ( 22.79851942986109137, 3.978173376857251586, 15.40000000000003055 ) ) ;
#68 = ADVANCED_FACE ( 'NONE', ( #1132 ), #1724, .T. ) ;
#69 = CARTESIAN_POINT ( 'NONE',  ( 22.55181250461547293, 1.035666827699037063, 21.66754964089214397 ) ) ;
#70 = CARTESIAN_POINT ( 'NONE',  ( 21.02964758426284675, 0.3240908364832223443, 15.39999999999998792 ) ) ;
#71 = ORIENTED_EDGE ( 'NONE', *, *, #1688, .F. ) ;
#72 = CARTESIAN_POINT ( 'NONE',  ( -12.41355075388788087, 0.1370024490343857149, 55.00410306219134782 ) ) ;
#73 = CARTESIAN_POINT ( 'NONE',  ( 16.71866523285446249, -15.02004074423976476, 15.40000000000000036 ) ) ;
#74 = CARTESIAN_POINT ( 'NONE',  ( -14.99414976225088125, -0.4226157538751478260, 18.52116804169333264 ) ) ;
#75 = CARTESIAN_POINT ( 'NONE',  ( -11.60493160233549581, 2.350059455532018227, 18.26738690647218633 ) ) ;
#76 = CARTESIAN_POINT ( 'NONE',  ( -14.36196802538509765, -0.4658653284298804320, 15.00000000000000355 ) ) ;
#77 = VECTOR ( 'NONE', #1512, 1000.000000000000227 ) ;
#78 = CARTESIAN_POINT ( 'NONE',  ( -13.90458328525102871, 4.659804418754496247, 15.40000000000001101 ) ) ;
#79 = ORIENTED_EDGE ( 'NONE', *, *, #304, .F. ) ;
#80 = CARTESIAN_POINT ( 'NONE',  ( 22.02386771297661738, 1.093193268080665748, 18.67714852403354797 ) ) ;
#81 = CARTESIAN_POINT ( 'NONE',  ( 20.85635514816907587, 8.029336843224063713, 95.00000000000009948 ) ) ;
#82 = CARTESIAN_POINT ( 'NONE',  ( 21.92478666336358017, 0.5197145559075649901, 18.11292926656615521 ) ) ;
#83 = ORIENTED_EDGE ( 'NONE', *, *, #131, .F. ) ;
#84 = CARTESIAN_POINT ( 'NONE',  ( -14.88192066510532818, 0.5011086777799328429, 21.66727589865148929 ) ) ;
#85 = CARTESIAN_POINT ( 'NONE',  ( -10.12409537805817905, 2.914223637271632583, 16.01166210233282428 ) ) ;
#86 = CARTESIAN_POINT ( 'NONE',  ( 18.37542181190685042, 1.980717125625637731, 18.63097162538986851 ) ) ;
#87 = LINE ( 'NONE', #702, #1798 ) ;
#88 = EDGE_LOOP ( 'NONE', ( #986, #843, #1166, #215, #1194, #204, #1463 ) ) ;
#89 = CARTESIAN_POINT ( 'NONE',  ( -16.60953061214028637, -2.975156025188324449, 15.40000000000001634 ) ) ;
#90 = CARTESIAN_POINT ( 'NONE',  ( -0.7089204967497826360, 0.5232648843015932361, 55.00381571862068597 ) ) ;
#91 = CARTESIAN_POINT ( 'NONE',  ( 20.77721905144040093, 0.5914514448465501006, 18.12775698398743884 ) ) ;
#92 = CARTESIAN_POINT ( 'NONE',  ( -11.71892390254138228, 2.141241246329681047, 21.66713884312591532 ) ) ;
#93 = CARTESIAN_POINT ( 'NONE',  ( 3.018596278001074662, 0.7715614619990802669, 18.35835012997305071 ) ) ;
#94 = CARTESIAN_POINT ( 'NONE',  ( 4.316624053812657458, 3.994756632735496193, 17.61183225397252272 ) ) ;
#95 = CARTESIAN_POINT ( 'NONE',  ( 22.21000395472161415, 1.042993015185699868, 18.67768259597767866 ) ) ;
#96 = VERTEX_POINT ( 'NONE', #1273 ) ;
#97 = LINE ( 'NONE', #1527, #787 ) ;
#98 = CARTESIAN_POINT ( 'NONE',  ( -5.243315814212552439, -1.103858835657031356, 74.99660122324655731 ) ) ;
#99 = CARTESIAN_POINT ( 'NONE',  ( 22.15763744387163570, 0.5053654004485018669, 18.11050922356334780 ) ) ;
#100 = PERSON ( 'UNSPECIFIED', 'UNSPECIFIED', 'UNSPECIFIED', ('UNSPECIFIED'), ('UNSPECIFIED'), ('UNSPECIFIED') ) ;
#101 = CARTESIAN_POINT ( 'NONE',  ( -7.652671745386726343, 1.744283342954337179, 74.99624460609105370 ) ) ;
#102 = CARTESIAN_POINT ( 'NONE',  ( -14.51352305645666085, -0.6618584291780066353, 18.58056789940845377 ) ) ;
#103 = CARTESIAN_POINT ( 'NONE',  ( 23.21490260415231077, 3.862303614703332055, 15.40000000000001457 ) ) ;
#104 = CARTESIAN_POINT ( 'NONE',  ( 22.20116106392335809, 0.5087269628111936726, 18.12779990286181331 ) ) ;
#105 = ORIENTED_EDGE ( 'NONE', *, *, #1847, .T. ) ;
#106 = CARTESIAN_POINT ( 'NONE',  ( -14.70622299995774895, -0.4318097732479343476, 15.39999999999984581 ) ) ;
#107 = CARTESIAN_POINT ( 'NONE',  ( -13.90414814803682120, 4.667138980963013495, 15.40000000000000213 ) ) ;
#108 = VECTOR ( 'NONE', #750, 1000.000000000000000 ) ;
#109 = CARTESIAN_POINT ( 'NONE',  ( 8.460465404803391820, 1.028580961581931463, 21.66644510885017283 ) ) ;
#110 = CARTESIAN_POINT ( 'NONE',  ( 22.21108527750522299, 0.5104493864904429135, 18.13258466420650095 ) ) ;
#111 = CARTESIAN_POINT ( 'NONE',  ( -13.72756504075570483, -3.104660867440137917, 90.00000000000005684 ) ) ;
#112 = CARTESIAN_POINT ( 'NONE',  ( -3.208140272054855302, 4.088617483434200395, 15.00000000000000711 ) ) ;
#113 = DIRECTION ( 'NONE',  ( 0.3131456130149731787, 0.6715429342378168576, 0.6715429342378190780 ) ) ;
#114 = PERSON_AND_ORGANIZATION_ROLE ( 'design_owner' ) ;
#115 = CARTESIAN_POINT ( 'NONE',  ( -13.82275150349816428, 1.386153324270343212, 18.24698410920090907 ) ) ;
#116 = CARTESIAN_POINT ( 'NONE',  ( 22.57788553010095711, -2.454902267979943264, 15.40000000000000213 ) ) ;
#117 = ORIENTED_EDGE ( 'NONE', *, *, #422, .F. ) ;
#118 = CARTESIAN_POINT ( 'NONE',  ( -14.50435817263050886, -0.4697506727805298432, 15.40000000000000924 ) ) ;
#119 = CARTESIAN_POINT ( 'NONE',  ( -18.04138862369019236, 1.169264061737132154, 15.40000000000000391 ) ) ;
#120 = CARTESIAN_POINT ( 'NONE',  ( 10.94167341528180515, 1.697286066337062582, 35.00142461465087251 ) ) ;
#121 = CARTESIAN_POINT ( 'NONE',  ( 22.39790247103233867, 0.7327682395357486556, 15.40000000000000213 ) ) ;
#122 = CARTESIAN_POINT ( 'NONE',  ( 3.140528111651206267, 4.608355800410305569, 55.00385509706712384 ) ) ;
#123 = CARTESIAN_POINT ( 'NONE',  ( -14.56860045105096368, -0.4609772570579428463, 15.39999999999998259 ) ) ;
#124 = DIRECTION ( 'NONE',  ( 0.000000000000000000, 0.000000000000000000, -1.000000000000000000 ) ) ;
#125 = CARTESIAN_POINT ( 'NONE',  ( 28.01996615739282959, 9.215677299193769656, 3.201745283518912188 ) ) ;
#126 = ORIENTED_EDGE ( 'NONE', *, *, #1625, .T. ) ;
#127 = B_SPLINE_CURVE_WITH_KNOTS ( 'NONE', 3,
 ( #1712, #944, #1106, #503, #173, #1562, #344, #1862, #643, #1283 ),
 .UNSPECIFIED., .F., .F.,
 ( 4, 2, 2, 2, 4 ),
 ( 7.232777620970957015E-16, 0.0004758918986921511205, 0.0009517837973835789698, 0.001427675696075006873, 0.001903567594766434777 ),
 .UNSPECIFIED. ) ;
#128 = CARTESIAN_POINT ( 'NONE',  ( -14.55124450573206651, -0.4398950477808497572, 15.00000000000000533 ) ) ;
#129 = CARTESIAN_POINT ( 'NONE',  ( 12.20064801246611808, 4.011341650697383798, 74.99711138252426679 ) ) ;
#130 = CARTESIAN_POINT ( 'NONE',  ( 22.42084493254566979, 0.4271331888088914508, 15.39999999999999858 ) ) ;
#131 = EDGE_CURVE ( 'NONE', #96, #224, #1262, .T. ) ;
#132 = CARTESIAN_POINT ( 'NONE',  ( -4.439092151309805168, 2.733376749003476380, 94.99999999999998579 ) ) ;
#133 = CARTESIAN_POINT ( 'NONE',  ( -15.16122696703363992, -0.1313874979170369384, 18.44906037611634986 ) ) ;
#134 = CARTESIAN_POINT ( 'NONE',  ( -13.65574614662427244, -0.5055629257883500483, 15.39999999999998259 ) ) ;
#135 = CALENDAR_DATE ( 2026, 13, 4 ) ;
#136 = CARTESIAN_POINT ( 'NONE',  ( 23.95598832411788237, 3.513267019540246228, 15.40000000000001279 ) ) ;
#137 = CARTESIAN_POINT ( 'NONE',  ( 18.67619124518700957, -2.284512381032228312, 15.40000000000000746 ) ) ;
#138 = CARTESIAN_POINT ( 'NONE',  ( -11.71999660019227818, -4.438082315949521295, 90.00000000000002842 ) ) ;
#139 = CARTESIAN_POINT ( 'NONE',  ( -13.55937329371543143, -5.077840971744713272, 89.99999999999994316 ) ) ;
#140 = CARTESIAN_POINT ( 'NONE',  ( -10.36739896765580049, -3.073626179926504332, 74.99657576661279279 ) ) ;
#141 = CARTESIAN_POINT ( 'NONE',  ( 22.16189330542870906, 0.5053035050778816872, 18.11177284293206924 ) ) ;
#142 = APPROVAL_PERSON_ORGANIZATION ( #462, #922, #1573 ) ;
#143 = CARTESIAN_POINT ( 'NONE',  ( -4.785545425497338634, 3.826414162970748656, 21.66712744206988006 ) ) ;
#144 = CARTESIAN_POINT ( 'NONE',  ( -14.51279080210864869, -0.4686213305108257732, 15.39999999999997904 ) ) ;
#145 = CARTESIAN_POINT ( 'NONE',  ( -15.20711748014959497, 0.05010772195219426878, 18.40441955898275950 ) ) ;
#146 = DIRECTION ( 'NONE',  ( -1.000000000000000000, 0.000000000000000000, -0.000000000000000000 ) ) ;
#147 = CARTESIAN_POINT ( 'NONE',  ( 6.950273743113991820, -2.116629746028340087, 15.39999999999999858 ) ) ;
#148 = ORIENTED_EDGE ( 'NONE', *, *, #826, .F. ) ;
#149 = CARTESIAN_POINT ( 'NONE',  ( -16.66689446989162349, 3.120490547674640514, 15.40000000000000036 ) ) ;
#150 = CARTESIAN_POINT ( 'NONE',  ( 22.12822610400437995, 0.7477318763978700877, 15.39999999999998082 ) ) ;
#151 = CARTESIAN_POINT ( 'NONE',  ( 16.37550061669231738, 6.386140983817732319, 74.99789869359626948 ) ) ;
#152 = CARTESIAN_POINT ( 'NONE',  ( 9.743348949997185926, 0.7871437156843267280, 15.40000000000000213 ) ) ;
#153 = CARTESIAN_POINT ( 'NONE',  ( 20.18688720847637796, -7.582414715655247051, 0.000000000000000000 ) ) ;
#154 = CARTESIAN_POINT ( 'NONE',  ( -14.58286972064585463, -4.697594540068743996, 95.00000000000002842 ) ) ;
#155 = CARTESIAN_POINT ( 'NONE',  ( 22.25008615127323353, 1.032042746916710607, 18.67945107401567384 ) ) ;
#156 = EDGE_LOOP ( 'NONE', ( #2021, #1976, #2030, #1488, #1444, #362, #1927, #1956 ) ) ;
#157 = EDGE_CURVE ( 'NONE', #224, #1516, #506, .T. ) ;
#158 = CARTESIAN_POINT ( 'NONE',  ( -15.01450386459582020, -2.204249988277053429, 55.00408510977825927 ) ) ;
#159 = CARTESIAN_POINT ( 'NONE',  ( 23.07274309351910802, 3.903524148674183625, 15.40000000000000568 ) ) ;
#160 = CARTESIAN_POINT ( 'NONE',  ( 10.66601654716951764, 3.517901332190934482, 21.66747509501276880 ) ) ;
#161 = CARTESIAN_POINT ( 'NONE',  ( 11.91332745021126804, 0.9019822056545460098, 18.24187635703959032 ) ) ;
#162 = PERSON_AND_ORGANIZATION ( #100, #651 ) ;
#163 = PLANE ( 'NONE',  #718 ) ;
#164 = CARTESIAN_POINT ( 'NONE',  ( 3.362291011081080416, 4.027538851904153283, 16.29202333139929593 ) ) ;
#165 = CARTESIAN_POINT ( 'NONE',  ( -16.64232903955815601, 3.138755721185027880, 15.40000000000000036 ) ) ;
#166 = CARTESIAN_POINT ( 'NONE',  ( -14.89428912057966414, 0.9086077864269173077, 15.00000000000000533 ) ) ;
#167 = EDGE_CURVE ( 'NONE', #307, #61, #1898, .T. ) ;
#168 = CARTESIAN_POINT ( 'NONE',  ( 25.38901568611407811, 1.295318197283207962, 15.39999999999989022 ) ) ;
#169 = CARTESIAN_POINT ( 'NONE',  ( 20.94634642449146966, 7.613366309449419056, 90.00000000000000000 ) ) ;
#170 = CC_DESIGN_APPROVAL ( #1433, ( #1896 ) ) ;
#171 = CARTESIAN_POINT ( 'NONE',  ( 8.297092614765482210, 3.779198340576339632, 21.66737717112722805 ) ) ;
#172 = CARTESIAN_POINT ( 'NONE',  ( -9.987819028596499393, -0.2153258251819532565, 15.39999999999998792 ) ) ;
#173 = CARTESIAN_POINT ( 'NONE',  ( -14.49656936315181532, -4.642044000829599781, 89.99999999999998579 ) ) ;
#174 = CARTESIAN_POINT ( 'NONE',  ( -3.921307319276803760, 4.008969101134412405, 16.26503645956857014 ) ) ;
#175 = CARTESIAN_POINT ( 'NONE',  ( -14.95116452140439733, 0.6565232646951285611, 18.26051432971963706 ) ) ;
#176 = CARTESIAN_POINT ( 'NONE',  ( -12.00601160075343721, -2.535965437414024137, 55.00385889420336127 ) ) ;
#177 = FACE_OUTER_BOUND ( 'NONE', #88, .T. ) ;
#178 = B_SPLINE_CURVE_WITH_KNOTS ( 'NONE', 3,
 ( #86, #1335, #540, #1181, #865, #1919, #701, #1009, #94, #404, #710, #1962, #1327, #1448, #1316, #1954, #1776, #670, #846, #1030, #1652, #256, #75, #53 ),
 .UNSPECIFIED., .F., .F.,
 ( 4, 2, 2, 2, 2, 2, 2, 2, 2, 2, 2, 4 ),
 ( 0.000000000000000000, 0.003882945440272703337, 0.007765890880545406674, 0.01164883632081810914, 0.01553178176109081335, 0.01747325448122716632, 0.01941472720136351929, 0.02135619992149986879, 0.02329767264163621829, 0.02718061808190892423, 0.02912209080204527720, 0.03106356352218163364 ),
 .UNSPECIFIED. ) ;
#179 = CARTESIAN_POINT ( 'NONE',  ( 24.99472046814260651, 2.410623782053332054, 15.39999999999995417 ) ) ;
#180 = CARTESIAN_POINT ( 'NONE',  ( -11.49027634633122297, -1.143688188385440174, 90.00000000000005684 ) ) ;
#181 = CARTESIAN_POINT ( 'NONE',  ( 20.31736606668667022, 7.625646204203998302, 88.32915653909731191 ) ) ;
#182 = CARTESIAN_POINT ( 'NONE',  ( -1.140495501210564644, -2.422308174150504367, 15.40000000000000036 ) ) ;
#183 = CARTESIAN_POINT ( 'NONE',  ( 23.56486617795128069, -0.3383154382806067839, 15.78877975250520649 ) ) ;
#184 = CARTESIAN_POINT ( 'NONE',  ( -2.712084092098508314, 4.899999999999972822, 15.40000000000002522 ) ) ;
#185 = CARTESIAN_POINT ( 'NONE',  ( -15.14938719806222345, -0.1669217289843931973, 18.45788104250692996 ) ) ;
#186 = CARTESIAN_POINT ( 'NONE',  ( -14.81924211272229108, -0.3851733124766103522, 15.40000000000098801 ) ) ;
#187 = CARTESIAN_POINT ( 'NONE',  ( -16.67089672473528594, 3.117533401404339433, 15.39999999999999325 ) ) ;
#188 = CARTESIAN_POINT ( 'NONE',  ( -9.347184766470725492, -3.298638311733496753, 88.33341395525027906 ) ) ;
#189 = CARTESIAN_POINT ( 'NONE',  ( -14.35589866523845792, -3.880438215886829578, 90.00000000001503508 ) ) ;
#190 = CARTESIAN_POINT ( 'NONE',  ( 22.16653521994578568, 0.7366458649632823263, 15.39999999999999858 ) ) ;
#191 = CARTESIAN_POINT ( 'NONE',  ( 2.224161207683764907, 1.512816557230883596, 90.00000000000001421 ) ) ;
#192 = CARTESIAN_POINT ( 'NONE',  ( 11.31264884355350375, 6.761284344631079968, 88.33137390389831012 ) ) ;
#193 = CARTESIAN_POINT ( 'NONE',  ( 7.586144915359284369, 0.7933230404656219648, 15.39999999999999503 ) ) ;
#194 = ADVANCED_FACE ( 'NONE', ( #989 ), #385, .T. ) ;
#195 = CARTESIAN_POINT ( 'NONE',  ( -15.33061839967295725, -2.250302039366809836, 55.00447372373228916 ) ) ;
#196 = CARTESIAN_POINT ( 'NONE',  ( 4.140887034876547190, 4.899999999999800515, 15.40000000000020108 ) ) ;
#197 = CARTESIAN_POINT ( 'NONE',  ( -14.85458910431665380, 0.7343658062871767367, 18.24868885814647612 ) ) ;
#198 = CARTESIAN_POINT ( 'NONE',  ( -9.918272088266213871, -0.4799567781125017030, 21.66666381780788342 ) ) ;
#199 = CARTESIAN_POINT ( 'NONE',  ( 15.04116038040741543, -18.61746150950079937, 11.03504679384559140 ) ) ;
#200 = CARTESIAN_POINT ( 'NONE',  ( 21.42594827748056474, 0.9439607092181105941, 15.40000000000001101 ) ) ;
#201 = CARTESIAN_POINT ( 'NONE',  ( 0.03344117932192024190, 0.7056907519060269252, 90.00000000000002842 ) ) ;
#202 = CARTESIAN_POINT ( 'NONE',  ( 20.37807894064599523, 5.757970276383352903, 74.99802211174895206 ) ) ;
#203 = CARTESIAN_POINT ( 'NONE',  ( 21.95455333453334745, -2.473831253937597285, 15.39999999999998792 ) ) ;
#204 = ORIENTED_EDGE ( 'NONE', *, *, #1761, .F. ) ;
#205 = VECTOR ( 'NONE', #979, 1000.000000000000114 ) ;
#206 = CARTESIAN_POINT ( 'NONE',  ( -12.82093119047060448, 0.9948826574873994577, 35.00096462209233295 ) ) ;
#207 = CARTESIAN_POINT ( 'NONE',  ( 2.024254707098571693, 4.097645240201640782, 16.27230758748602923 ) ) ;
#208 = VECTOR ( 'NONE', #1476, 1000.000000000000000 ) ;
#209 = CARTESIAN_POINT ( 'NONE',  ( -15.15037507806445483, 0.5854877504761288876, 15.39999999999918501 ) ) ;
#210 = CARTESIAN_POINT ( 'NONE',  ( -10.87106012101223662, -0.6060953328751893521, 21.66669566475781394 ) ) ;
#211 = CARTESIAN_POINT ( 'NONE',  ( -14.80002472213283760, 0.7737414265848595596, 18.24710103524964211 ) ) ;
#212 = CARTESIAN_POINT ( 'NONE',  ( 22.00348016372245397, 0.7830539220787550159, 15.39999999999998259 ) ) ;
#213 = CARTESIAN_POINT ( 'NONE',  ( 22.53142197351659348, 4.426024461050993786, 55.00357991682851377 ) ) ;
#214 = CARTESIAN_POINT ( 'NONE',  ( 20.42641901706218022, 0.3671064122422179610, 15.39999999999998970 ) ) ;
#215 = ORIENTED_EDGE ( 'NONE', *, *, #1359, .T. ) ;
#216 = CARTESIAN_POINT ( 'NONE',  ( -11.17942654543844228, 1.734279285257665171, 35.00102288457686228 ) ) ;
#217 = CARTESIAN_POINT ( 'NONE',  ( -13.31104971445377494, 4.900000000000000355, 15.40000000000001457 ) ) ;
#218 = CARTESIAN_POINT ( 'NONE',  ( -15.60912620608258727, 1.687650102837581878, 15.97837698012174279 ) ) ;
#219 = CARTESIAN_POINT ( 'NONE',  ( 21.96917131819837721, 1.107898573154188826, 18.67655910510729811 ) ) ;
#220 = CARTESIAN_POINT ( 'NONE',  ( -16.16125859997323033, 3.477694185386919656, 15.40000000000000036 ) ) ;
#221 = CARTESIAN_POINT ( 'NONE',  ( 20.92566848727130591, 4.456235419287371435, 15.40000000000001279 ) ) ;
#222 = CARTESIAN_POINT ( 'NONE',  ( 20.84461845425983384, 7.140300858342335744, 88.33119618674575690 ) ) ;
#223 = CARTESIAN_POINT ( 'NONE',  ( 21.44488783749604366, 0.5498150702259175793, 18.11953456090521897 ) ) ;
#224 = VERTEX_POINT ( 'NONE', #1020 ) ;
#225 = CARTESIAN_POINT ( 'NONE',  ( -14.34663008487478031, 0.03906884936616705079, 35.00109697778241014 ) ) ;
#226 = CARTESIAN_POINT ( 'NONE',  ( -8.423773852092512726, -0.1591589245498188088, 18.50902169283594745 ) ) ;
#227 = CARTESIAN_POINT ( 'NONE',  ( -15.52083333139895416, 1.568049613377457741, 16.09511642352734739 ) ) ;
#228 = CARTESIAN_POINT ( 'NONE',  ( -14.39332619374279609, -1.673072829771211634, 35.00126172863291885 ) ) ;
#229 = CARTESIAN_POINT ( 'NONE',  ( -14.29606012608528687, 1.289408522508689314, 15.40000000000082458 ) ) ;
#230 = CARTESIAN_POINT ( 'NONE',  ( 22.72008221239866543, 3.999183256961265531, 15.40000000000001990 ) ) ;
#231 = CARTESIAN_POINT ( 'NONE',  ( 18.87372809764891457, 5.470476236972983131, 74.99727819392050776 ) ) ;
#232 = CARTESIAN_POINT ( 'NONE',  ( 17.47337628074254212, -2.233319734942061263, 15.40000000000001101 ) ) ;
#233 = ORIENTED_EDGE ( 'NONE', *, *, #1723, .F. ) ;
#234 = CARTESIAN_POINT ( 'NONE',  ( -13.18995702774832068, -2.905850241059115824, 95.00000000000001421 ) ) ;
#235 = CARTESIAN_POINT ( 'NONE',  ( 21.39049095822312196, 0.5527071914784881246, 18.12142044696191689 ) ) ;
#236 = CARTESIAN_POINT ( 'NONE',  ( -17.02420605688411115, 4.899999999999999467, 15.40000000000000036 ) ) ;
#237 = CARTESIAN_POINT ( 'NONE',  ( -14.19951595249907506, -1.672240756793304861, 35.00123779364938059 ) ) ;
#238 = LOCAL_TIME ( 13, 44, 7.000000000000000000, #1422 ) ;
#239 = VERTEX_POINT ( 'NONE', #680 ) ;
#240 = CARTESIAN_POINT ( 'NONE',  ( 27.25836330691078757, 7.582414715655244386, 0.000000000000000000 ) ) ;
#241 = CARTESIAN_POINT ( 'NONE',  ( 22.44024015101258129, 4.127850838764327790, 55.00357776938093224 ) ) ;
#242 = CARTESIAN_POINT ( 'NONE',  ( 21.61075703900106859, 0.5393928377657202233, 18.11733706698395707 ) ) ;
#243 = EDGE_CURVE ( 'NONE', #1174, #1815, #1609, .T. ) ;
#244 = CARTESIAN_POINT ( 'NONE',  ( -14.72140998040423021, 0.6181306631652481176, 21.66715504646483481 ) ) ;
#245 = CARTESIAN_POINT ( 'NONE',  ( -26.00000000000000000, -7.582414715655247939, 0.000000000000000000 ) ) ;
#246 = B_SPLINE_CURVE_WITH_KNOTS ( 'NONE', 3,
 ( #1231, #414, #914, #1537 ),
 .UNSPECIFIED., .F., .F.,
 ( 4, 4 ),
 ( -5.999917393363522269E-08, -4.787095511017458911E-08 ),
 .UNSPECIFIED. ) ;
#247 = CARTESIAN_POINT ( 'NONE',  ( -26.00000000000000000, 8.079390654378308056, 2.435310264016575577 ) ) ;
#248 = CARTESIAN_POINT ( 'NONE',  ( 22.39243003336660109, 0.9200232388890464685, 18.60961348697893314 ) ) ;
#249 = ORIENTED_EDGE ( 'NONE', *, *, #1209, .T. ) ;
#250 = CARTESIAN_POINT ( 'NONE',  ( -16.66689446989162349, 3.120490547674640514, 15.40000000000000036 ) ) ;
#251 = CARTESIAN_POINT ( 'NONE',  ( -4.283290763687374714, 0.3836762251445222649, 15.00000000000000000 ) ) ;
#252 = CARTESIAN_POINT ( 'NONE',  ( 22.45128878521175153, 0.6115899433591109879, 15.40000000000003944 ) ) ;
#253 = CARTESIAN_POINT ( 'NONE',  ( -2.614341120006404395, 3.491513463007868801, 95.00000000000009948 ) ) ;
#254 = CARTESIAN_POINT ( 'NONE',  ( 22.15442849313895479, 0.5054359392101884785, 18.10945319130490461 ) ) ;
#255 = EDGE_CURVE ( 'NONE', #353, #1454, #178, .T. ) ;
#256 = CARTESIAN_POINT ( 'NONE',  ( -10.99096483251101475, 2.559957518344472494, 18.23887139148218139 ) ) ;
#257 = CARTESIAN_POINT ( 'NONE',  ( -13.35545883212030560, -0.8685398978916125667, 21.66656836318588120 ) ) ;
#258 = ORIENTED_EDGE ( 'NONE', *, *, #709, .F. ) ;
#259 = CARTESIAN_POINT ( 'NONE',  ( -18.16174700653020935, 0.6180617520732923920, 15.40000000000000391 ) ) ;
#260 = CARTESIAN_POINT ( 'NONE',  ( 3.882936178514005299, 1.451706935391719355, 55.00378066810630884 ) ) ;
#261 = CARTESIAN_POINT ( 'NONE',  ( 22.13989558664572499, 0.2424312566162264149, 15.39999999999998259 ) ) ;
#262 = CARTESIAN_POINT ( 'NONE',  ( 0.7415148294732964995, 4.326876141381731600, 55.00388570329886306 ) ) ;
#263 = CARTESIAN_POINT ( 'NONE',  ( -14.62789883578467531, -0.4528657505606755729, 15.40000000000001812 ) ) ;
#264 = PERSON_AND_ORGANIZATION ( #100, #651 ) ;
#265 = DIRECTION ( 'NONE',  ( 0.000000000000000000, 0.7071067811865463515, -0.7071067811865487940 ) ) ;
#266 = CARTESIAN_POINT ( 'NONE',  ( 19.02691210936715649, 4.900000000000000355, 15.40000000000000746 ) ) ;
#267 = ORIENTED_EDGE ( 'NONE', *, *, #709, .T. ) ;
#268 = VECTOR ( 'NONE', #444, 1000.000000000000000 ) ;
#269 = CARTESIAN_POINT ( 'NONE',  ( -12.21581948084499025, 2.110441925177877653, 18.26275393417843418 ) ) ;
#270 = CARTESIAN_POINT ( 'NONE',  ( -0.6345921560907994419, 0.5732362126193822904, 35.00134581729619754 ) ) ;
#271 = CARTESIAN_POINT ( 'NONE',  ( 22.26687585170183681, 0.5294495065364703823, 18.16831477507853521 ) ) ;
#272 = LINE ( 'NONE', #747, #557 ) ;
#273 = CARTESIAN_POINT ( 'NONE',  ( -1.647453258937658260, 3.962731990785881120, 55.00391495218910620 ) ) ;
#274 = CARTESIAN_POINT ( 'NONE',  ( -14.65071740633080033, -0.6457671398583865185, 18.58275280716535605 ) ) ;
#275 =( NAMED_UNIT ( * ) SI_UNIT ( $, .STERADIAN. ) SOLID_ANGLE_UNIT ( ) );
#276 = CARTESIAN_POINT ( 'NONE',  ( -14.47296566443663757, 1.002314741612690741, 18.24377501176701344 ) ) ;
#277 = CARTESIAN_POINT ( 'NONE',  ( 18.37542181190686108, 1.980717125625638175, 18.63097162538987561 ) ) ;
#278 = ORIENTED_EDGE ( 'NONE', *, *, #30, .F. ) ;
#279 = CARTESIAN_POINT ( 'NONE',  ( -14.67799544662893574, -0.6303387279357923756, 18.57239022920224869 ) ) ;
#280 = CARTESIAN_POINT ( 'NONE',  ( 13.11039080904277476, 3.029355674794848685, 55.00368401013963648 ) ) ;
#281 = CARTESIAN_POINT ( 'NONE',  ( 22.36676570060700442, 0.7635380326190535083, 15.40000000000005365 ) ) ;
#282 = CARTESIAN_POINT ( 'NONE',  ( -4.020533552920347198, 3.175238127332849380, 74.99644950429609480 ) ) ;
#283 = CARTESIAN_POINT ( 'NONE',  ( -15.00257300066561328, -3.619451700247626746, 15.40000000000001634 ) ) ;
#284 = CARTESIAN_POINT ( 'NONE',  ( -15.08970177650653532, 9.048557817025065120, 1.466143101369821844 ) ) ;
#285 = CARTESIAN_POINT ( 'NONE',  ( -14.68181741443404498, 0.8592905387287198549, 18.24583759412427497 ) ) ;
#286 = CARTESIAN_POINT ( 'NONE',  ( 21.80012218874415808, -2.465715187529187613, 15.39999999999998970 ) ) ;
#287 = ORIENTED_EDGE ( 'NONE', *, *, #157, .T. ) ;
#288 = CARTESIAN_POINT ( 'NONE',  ( -17.84255556245095065, 1.691426243559946530, 15.40000000000000213 ) ) ;
#289 = CARTESIAN_POINT ( 'NONE',  ( 6.183833812777039363, 1.887876725735682770, 55.00375933769142733 ) ) ;
#290 = CARTESIAN_POINT ( 'NONE',  ( 22.23692569674242137, 0.5172529869734098229, 18.14710319214258760 ) ) ;
#291 = CARTESIAN_POINT ( 'NONE',  ( 28.16809660792682379, 9.533344075502133919, 1.950929359846893973 ) ) ;
#292 = CARTESIAN_POINT ( 'NONE',  ( -8.609765788259817754, 1.974882454566417866, 55.00401449758962258 ) ) ;
#293 = CARTESIAN_POINT ( 'NONE',  ( -26.00000000000000000, 9.215677299193766103, 3.201745283518915741 ) ) ;
#294 = DIRECTION ( 'NONE',  ( 0.000000000000000000, -0.7071067811865487940, -0.7071067811865463515 ) ) ;
#295 = CARTESIAN_POINT ( 'NONE',  ( 19.02691210936711741, 4.900000000000000355, 15.40000000000000036 ) ) ;
#296 = ORIENTED_EDGE ( 'NONE', *, *, #775, .F. ) ;
#297 = PLANE ( 'NONE',  #1470 ) ;
#298 = CARTESIAN_POINT ( 'NONE',  ( 23.90384909673318248, 3.535089969139034061, 15.39999999999998437 ) ) ;
#299 = LOCAL_TIME ( 13, 44, 7.000000000000000000, #1362 ) ;
#300 = CARTESIAN_POINT ( 'NONE',  ( 8.315242470981338840, 4.230851532542713400, 35.00100015401486075 ) ) ;
#301 = CARTESIAN_POINT ( 'NONE',  ( -15.21972053479759701, 0.2102337436229531342, 15.40000000000066116 ) ) ;
#302 = CARTESIAN_POINT ( 'NONE',  ( -14.22490508260358055, -0.6860328744808247281, 18.57886956721734251 ) ) ;
#303 = MECHANICAL_CONTEXT ( 'NONE', #1226, 'mechanical' ) ;
#304 = EDGE_CURVE ( 'NONE', #446, #1705, #1389, .T. ) ;
#305 = CARTESIAN_POINT ( 'NONE',  ( 18.18865271549363527, -11.86764241465763803, 0.000000000000000000 ) ) ;
#306 = LINE ( 'NONE', #1222, #591 ) ;
#307 = VERTEX_POINT ( 'NONE', #236 ) ;
#308 = CARTESIAN_POINT ( 'NONE',  ( 22.15442849313895479, 0.5054359392101884785, 18.10945319130490461 ) ) ;
#309 = CARTESIAN_POINT ( 'NONE',  ( 22.32748771268238031, 0.9936670026896099461, 18.66535937229765452 ) ) ;
#310 = CARTESIAN_POINT ( 'NONE',  ( 21.99769090508279490, 1.394397731103872218, 21.66819039684547121 ) ) ;
#311 = CARTESIAN_POINT ( 'NONE',  ( -18.15694423530213797, 0.6515218446004661379, 15.40000000000000746 ) ) ;
#312 = CARTESIAN_POINT ( 'NONE',  ( 14.88365465457905401, 0.6643988746713610505, 15.39999999999997371 ) ) ;
#313 = EDGE_CURVE ( 'NONE', #712, #1796, #1457, .T. ) ;
#314 = DIRECTION ( 'NONE',  ( 0.000000000000000000, 0.000000000000000000, -1.000000000000000000 ) ) ;
#315 = CARTESIAN_POINT ( 'NONE',  ( -7.521531842546639979, 3.485677252318543307, 17.91641647341197441 ) ) ;
#316 = CARTESIAN_POINT ( 'NONE',  ( -16.98962957609501601, 2.854428141403687835, 15.40000000000000036 ) ) ;
#317 = CARTESIAN_POINT ( 'NONE',  ( -26.00000000000000000, 4.900000000000000355, 15.40000000000000036 ) ) ;
#318 = CARTESIAN_POINT ( 'NONE',  ( 22.39409134395225820, 0.9141168672653404714, 18.60421127885413384 ) ) ;
#319 = CARTESIAN_POINT ( 'NONE',  ( 3.513631035841783490, 5.305422777127914102, 90.00000000000005684 ) ) ;
#320 = CARTESIAN_POINT ( 'NONE',  ( 10.56112576276640702, 3.228661483298706614, 14.99999999999999289 ) ) ;
#321 = CARTESIAN_POINT ( 'NONE',  ( -11.98668166462075746, -3.589044528240664000, 15.40000000000000568 ) ) ;
#322 = EDGE_LOOP ( 'NONE', ( #296, #1788, #1232, #1378 ) ) ;
#323 = CARTESIAN_POINT ( 'NONE',  ( 23.66370646253900389, -0.1263517639570754802, 15.81416006018584319 ) ) ;
#324 = CARTESIAN_POINT ( 'NONE',  ( 17.68442384205466311, 4.900000000000083844, 15.39999999999998970 ) ) ;
#325 = CC_DESIGN_PERSON_AND_ORGANIZATION_ASSIGNMENT ( #1672, #894, ( #1494 ) ) ;
#326 = DIRECTION ( 'NONE',  ( 1.000000000000000000, 0.000000000000000000, 0.000000000000000000 ) ) ;
#327 = CARTESIAN_POINT ( 'NONE',  ( -12.78039398140694161, -0.8254965907350605425, 21.66655298019036024 ) ) ;
#328 = CARTESIAN_POINT ( 'NONE',  ( -15.14038656897985646, 0.7274471043974620743, 15.00000000000000533 ) ) ;
#329 = CARTESIAN_POINT ( 'NONE',  ( 22.99446656373957154, 3.925118212007342233, 15.39999999999997726 ) ) ;
#330 = CARTESIAN_POINT ( 'NONE',  ( -6.416295338834981266, -2.007567560543579877, 89.99999999999998579 ) ) ;
#331 = VECTOR ( 'NONE', #1716, 1000.000000000000000 ) ;
#332 = CARTESIAN_POINT ( 'NONE',  ( 21.19853269578545607, 1.586264249479374833, 21.66827728600919656 ) ) ;
#333 = CARTESIAN_POINT ( 'NONE',  ( -2.722757743610558556, 0.5016603075370855702, 15.40000000000001279 ) ) ;
#334 = CARTESIAN_POINT ( 'NONE',  ( -14.47387921704852154, -2.741430705060037276, 74.99520909519252143 ) ) ;
#335 = CARTESIAN_POINT ( 'NONE',  ( -2.542437163270891087, 4.094282258903977123, 17.42349996224611530 ) ) ;
#336 = CARTESIAN_POINT ( 'NONE',  ( -15.12031014928227535, -0.2364318599304442436, 18.47514353142657484 ) ) ;
#337 = CARTESIAN_POINT ( 'NONE',  ( -21.59402110680310471, -4.900000000000000355, 15.40000000000000036 ) ) ;
#338 = CARTESIAN_POINT ( 'NONE',  ( -5.346208356819341923, 0.1371221287077451223, 21.66663160746737304 ) ) ;
#339 = DIRECTION ( 'NONE',  ( -0.000000000000000000, 1.000000000000000000, 0.000000000000000000 ) ) ;
#340 = CARTESIAN_POINT ( 'NONE',  ( 23.28170258126478842, 3.836554547936473991, 15.39999999999998259 ) ) ;
#341 = CARTESIAN_POINT ( 'NONE',  ( 20.79573079074380004, 7.286445814456668835, 90.00000000000000000 ) ) ;
#342 = CARTESIAN_POINT ( 'NONE',  ( 17.59538335252104346, 4.901883794883933554, 55.00364057057839773 ) ) ;
#343 = CARTESIAN_POINT ( 'NONE',  ( 0.8569336548884031179, 0.6885995605389021446, 18.38679241095554673 ) ) ;
#344 = CARTESIAN_POINT ( 'NONE',  ( -14.18188649032958537, -5.005191843829407183, 90.00000000000000000 ) ) ;
#345 = CARTESIAN_POINT ( 'NONE',  ( 9.377731231281300595, 3.453947452091679082, 16.32995351325075717 ) ) ;
#346 = CARTESIAN_POINT ( 'NONE',  ( -14.99187242844228862, 0.6162578123827964216, 18.26963048336484263 ) ) ;
#347 = CARTESIAN_POINT ( 'NONE',  ( -12.56904739940907234, -2.692064489572744801, 55.00384598534196812 ) ) ;
#348 = CARTESIAN_POINT ( 'NONE',  ( -14.40770749091385383, 1.044790576421997352, 18.24311259776919769 ) ) ;
#349 = CARTESIAN_POINT ( 'NONE',  ( 20.42040717124617544, 4.578807005517179007, 15.40000000000000213 ) ) ;
#350 = CARTESIAN_POINT ( 'NONE',  ( 9.571527771175626143, 4.080173167727805250, 90.00000000000000000 ) ) ;
#351 = CARTESIAN_POINT ( 'NONE',  ( 14.16359369696000137, 5.366624072565241654, 88.33203717531178256 ) ) ;
#352 = CARTESIAN_POINT ( 'NONE',  ( 13.53051238170995951, 0.7108840880214247759, 15.40000000000000568 ) ) ;
#353 = VERTEX_POINT ( 'NONE', #64 ) ;
#354 = CARTESIAN_POINT ( 'NONE',  ( -13.18143823766440370, -2.436870242698724986, 88.33518896896190142 ) ) ;
#355 = CARTESIAN_POINT ( 'NONE',  ( 6.189892499435623918, 4.899999999999956835, 15.40000000000003944 ) ) ;
#356 = CARTESIAN_POINT ( 'NONE',  ( -14.93706155215670428, 0.6694697700767876514, 18.25760221593490584 ) ) ;
#357 = CARTESIAN_POINT ( 'NONE',  ( -5.424144092504372239, 0.2818019486757509240, 14.99999999999998224 ) ) ;
#358 = LINE ( 'NONE', #199, #1148 ) ;
#359 = CARTESIAN_POINT ( 'NONE',  ( 21.18500525708669002, 1.009864811311163901, 15.39999999999998437 ) ) ;
#360 = CARTESIAN_POINT ( 'NONE',  ( 21.01606801109667799, 7.421420233388457355, 88.33071724444586437 ) ) ;
#361 = CARTESIAN_POINT ( 'NONE',  ( 19.86622751272306786, -2.347741635950788108, 15.39999999999998792 ) ) ;
#362 = ORIENTED_EDGE ( 'NONE', *, *, #1209, .F. ) ;
#363 = CARTESIAN_POINT ( 'NONE',  ( -11.26258088697469262, -0.1984232960824617309, 74.99598363121295108 ) ) ;
#364 = CARTESIAN_POINT ( 'NONE',  ( -0.04263315659741127167, 0.6478475112289999727, 18.39856394415772911 ) ) ;
#365 = EDGE_CURVE ( 'NONE', #712, #96, #543, .T. ) ;
#366 = CARTESIAN_POINT ( 'NONE',  ( -15.28230174047048706, 1.244937526001609784, 16.50233431266174833 ) ) ;
#367 = CARTESIAN_POINT ( 'NONE',  ( -14.55124450573206474, -0.4398950477808495352, 15.00000000000000355 ) ) ;
#368 = CARTESIAN_POINT ( 'NONE',  ( -14.12081518929484325, 1.219389879756854089, 18.24350765745981917 ) ) ;
#369 = CARTESIAN_POINT ( 'NONE',  ( 21.68235027814971971, 4.267931658558882013, 15.39999999999998792 ) ) ;
#370 = CARTESIAN_POINT ( 'NONE',  ( 20.90104228858193380, 7.611947848834107688, 88.32945982330855372 ) ) ;
#371 = CARTESIAN_POINT ( 'NONE',  ( 19.62623460084718729, 0.6587703407370192332, 18.14147858237842570 ) ) ;
#372 = ORIENTED_EDGE ( 'NONE', *, *, #30, .T. ) ;
#373 = CARTESIAN_POINT ( 'NONE',  ( -13.88698167038048581, 1.156740439107971641, 21.66707965832808114 ) ) ;
#374 = CARTESIAN_POINT ( 'NONE',  ( -15.01177268214437355, 9.215677299193767880, 3.201745283518915741 ) ) ;
#375 = CARTESIAN_POINT ( 'NONE',  ( -15.04246094323110228, -0.3646855270570430463, 18.50691582192787266 ) ) ;
#376 = CARTESIAN_POINT ( 'NONE',  ( -14.90966018354620104, 0.7401616556399954749, 17.86895937191602002 ) ) ;
#377 = CARTESIAN_POINT ( 'NONE',  ( 22.31373510852122166, 0.5576400258552978162, 18.21317964337252704 ) ) ;
#378 = CARTESIAN_POINT ( 'NONE',  ( -13.98211681314677435, 1.464857568065059290, 15.40000000000054747 ) ) ;
#379 = LINE ( 'NONE', #1158, #490 ) ;
#380 = CARTESIAN_POINT ( 'NONE',  ( 22.29950001085865807, 0.6167956941670489357, 15.00000000000000888 ) ) ;
#381 = CARTESIAN_POINT ( 'NONE',  ( 21.82640297975505916, 0.2655405331679833170, 15.40000000000000746 ) ) ;
#382 = VERTEX_POINT ( 'NONE', #1931 ) ;
#383 = CARTESIAN_POINT ( 'NONE',  ( -13.35038691983008086, 0.7112311474132335665, 35.00095205643398089 ) ) ;
#384 = CARTESIAN_POINT ( 'NONE',  ( -12.98966907263243797, 4.900000000000000355, 15.40000000000001457 ) ) ;
#385 = CYLINDRICAL_SURFACE ( 'NONE', #1668, 1.370609345621692565 ) ;
#386 = CARTESIAN_POINT ( 'NONE',  ( -14.11074408049320006, -2.910882229597658633, 55.00380442284264859 ) ) ;
#387 = EDGE_LOOP ( 'NONE', ( #1319, #1241, #465, #233 ) ) ;
#388 = PLANE ( 'NONE',  #1208 ) ;
#389 = CARTESIAN_POINT ( 'NONE',  ( 22.56552251365763695, 4.303542118808979744, 55.00362930366961933 ) ) ;
#390 = CARTESIAN_POINT ( 'NONE',  ( 22.13387655204645910, 0.5067099449906899977, 18.10979382622307554 ) ) ;
#391 = CARTESIAN_POINT ( 'NONE',  ( -13.90813992158755852, -0.8828775641128179252, 55.00415356313617821 ) ) ;
#392 = CARTESIAN_POINT ( 'NONE',  ( -3.860263298176977553, 0.3710016554500188413, 18.44864027745828494 ) ) ;
#393 = AXIS2_PLACEMENT_3D ( 'NONE', #657, #326, #1414 ) ;
#394 = CARTESIAN_POINT ( 'NONE',  ( -23.60645448154284765, -9.215677299193766103, 3.201745283518916629 ) ) ;
#395 = CARTESIAN_POINT ( 'NONE',  ( 22.15442849313895479, 0.5054359392101884785, 18.10945319130490461 ) ) ;
#396 = AXIS2_PLACEMENT_3D ( 'NONE', #1737, #339, #959 ) ;
#397 = EDGE_LOOP ( 'NONE', ( #456, #1546, #1396 ) ) ;
#398 = CARTESIAN_POINT ( 'NONE',  ( 19.42528435799434661, -9.215677299193766103, 3.201745283518916185 ) ) ;
#399 = ADVANCED_FACE ( 'NONE', ( #895 ), #433, .T. ) ;
#400 = CARTESIAN_POINT ( 'NONE',  ( 10.79781876481966663, 2.678581314385198198, 55.00371108806950815 ) ) ;
#401 = CARTESIAN_POINT ( 'NONE',  ( 22.39054351334469928, 0.3762815478371472899, 15.40000000000001101 ) ) ;
#402 = CARTESIAN_POINT ( 'NONE',  ( 1.159330386114872935, 4.170787280158318566, 21.66718097815357424 ) ) ;
#403 = CARTESIAN_POINT ( 'NONE',  ( -12.21581948084499203, 2.110441925177877653, 18.26275393417842352 ) ) ;
#404 = CARTESIAN_POINT ( 'NONE',  ( 2.378197205095229361, 4.093206533783470213, 17.48175466585307802 ) ) ;
#405 = CARTESIAN_POINT ( 'NONE',  ( -14.30533974575840439, -2.907946199031602230, 55.00379752377893539 ) ) ;
#406 = ORIENTED_EDGE ( 'NONE', *, *, #167, .F. ) ;
#407 = CARTESIAN_POINT ( 'NONE',  ( -16.40888518995681267, 3.309600662691376982, 15.39999999999999858 ) ) ;
#408 = CARTESIAN_POINT ( 'NONE',  ( 1.223413004848195040, 1.046789015391995203, 74.99671114351907875 ) ) ;
#409 = CARTESIAN_POINT ( 'NONE',  ( 22.43251932363409651, 0.6790780962371694152, 15.39999999999990088 ) ) ;
#410 = CARTESIAN_POINT ( 'NONE',  ( -9.892838050042618292, 0.04380369976422082007, 88.33436935047132010 ) ) ;
#411 = CARTESIAN_POINT ( 'NONE',  ( -14.31658568320636427, -0.4891988224325684032, 15.39999999999999325 ) ) ;
#412 = CARTESIAN_POINT ( 'NONE',  ( -14.99968617516345226, 0.8069034257240883523, 15.40000000000001279 ) ) ;
#413 = CARTESIAN_POINT ( 'NONE',  ( -12.53814844379955140, 14.52038159706441256, 31.00000000000000711 ) ) ;
#414 = CARTESIAN_POINT ( 'NONE',  ( -14.88739881926027309, 0.7100202869780349868, 18.24790260363839423 ) ) ;
#415 = ORIENTED_EDGE ( 'NONE', *, *, #724, .T. ) ;
#416 = CARTESIAN_POINT ( 'NONE',  ( -17.81268622631206000, -1.566161903553819235, 15.40000000000000036 ) ) ;
#417 = CARTESIAN_POINT ( 'NONE',  ( 1.157740868146930335, 1.115415597215782872, 88.33310686966296998 ) ) ;
#418 = CARTESIAN_POINT ( 'NONE',  ( 22.44031619082171503, 0.4810204446703596481, 15.39999999999997193 ) ) ;
#419 = CARTESIAN_POINT ( 'NONE',  ( 1.115898082100976074, 4.231232226315879252, 35.00105688710137031 ) ) ;
#420 = CARTESIAN_POINT ( 'NONE',  ( -14.18022121652601086, -3.685066485557646043, 15.39999999999997904 ) ) ;
#421 = DATE_AND_TIME ( #1821, #721 ) ;
#422 = EDGE_CURVE ( 'NONE', #382, #1006, #1843, .T. ) ;
#423 = CARTESIAN_POINT ( 'NONE',  ( -21.59402110680310471, -4.900000000000000355, 9.599999999999999645 ) ) ;
#424 = CARTESIAN_POINT ( 'NONE',  ( -8.639032353301397293, -3.210825463677196012, 15.40000000000000036 ) ) ;
#425 = ORIENTED_EDGE ( 'NONE', *, *, #873, .T. ) ;
#426 = AXIS2_PLACEMENT_3D ( 'NONE', #437, #898, #1979 ) ;
#427 = CARTESIAN_POINT ( 'NONE',  ( -16.14727130549940526, 3.491913121664959707, 15.39999999999999325 ) ) ;
#428 = CARTESIAN_POINT ( 'NONE',  ( 9.713521315000926748, 4.340260592659093142, 95.00000000000000000 ) ) ;
#429 = CARTESIAN_POINT ( 'NONE',  ( 22.02099702149420679, -2.477561218792713849, 15.40000000000002700 ) ) ;
#430 = CARTESIAN_POINT ( 'NONE',  ( -2.155937810222764206, 3.756455772731394749, 74.99654875612448279 ) ) ;
#431 = CARTESIAN_POINT ( 'NONE',  ( -14.80210449142297513, -0.6280050257078049203, 18.58532285409249596 ) ) ;
#432 = PLANE ( 'NONE',  #1242 ) ;
#433 = PLANE ( 'NONE',  #4 ) ;
#434 = CARTESIAN_POINT ( 'NONE',  ( 18.37542181190685042, 1.980717125625637731, 18.63097162538986851 ) ) ;
#435 = ORIENTED_EDGE ( 'NONE', *, *, #1039, .T. ) ;
#436 = B_SPLINE_CURVE_WITH_KNOTS ( 'NONE', 3,
 ( #250, #407, #427, #1835, #744, #1330, #107, #868 ),
 .UNSPECIFIED., .F., .F.,
 ( 4, 2, 2, 4 ),
 ( 3.122803409505903882E-17, 0.0009496166303276035040, 0.001899233260655175783, 0.003798466521310320341 ),
 .UNSPECIFIED. ) ;
#437 = CARTESIAN_POINT ( 'NONE',  ( 19.02691210936714583, 4.899999999993907451, 18.39999999999999147 ) ) ;
#438 = CARTESIAN_POINT ( 'NONE',  ( -0.9527237234108222319, 0.3917419206913316798, 74.99666441676640716 ) ) ;
#439 = CARTESIAN_POINT ( 'NONE',  ( 22.18298347373719892, 0.5063691638763123670, 18.11974064948055485 ) ) ;
#440 = CARTESIAN_POINT ( 'NONE',  ( 28.01996615739282959, 9.215677299193769656, 3.201745283518912188 ) ) ;
#441 = CARTESIAN_POINT ( 'NONE',  ( -5.489254498963807904, 2.644047012341483871, 74.99636937247171886 ) ) ;
#442 = CARTESIAN_POINT ( 'NONE',  ( -18.20780927269992944, -0.09541361036441425858, 15.39999999999997904 ) ) ;
#443 = CARTESIAN_POINT ( 'NONE',  ( -13.18063625649469728, -3.673007197023331560, 15.40000000000001279 ) ) ;
#444 = DIRECTION ( 'NONE',  ( 0.000000000000000000, 0.000000000000000000, 1.000000000000000000 ) ) ;
#445 = CARTESIAN_POINT ( 'NONE',  ( 2.261728994008873617, -2.257439569158504966, 15.39999999999999325 ) ) ;
#446 = VERTEX_POINT ( 'NONE', #606 ) ;
#447 = DIRECTION ( 'NONE',  ( 1.000000000000000000, 0.000000000000000000, 0.000000000000000000 ) ) ;
#448 = EDGE_CURVE ( 'NONE', #1212, #307, #884, .T. ) ;
#449 = CARTESIAN_POINT ( 'NONE',  ( 22.16838691042361020, 0.7362571290412908143, 15.40000000000002345 ) ) ;
#450 = CARTESIAN_POINT ( 'NONE',  ( 20.68537941272293779, 6.437510805724877549, 74.99848611749278859 ) ) ;
#451 = CARTESIAN_POINT ( 'NONE',  ( -15.21549641494042326, 0.1699658098667640449, 15.40000000000095248 ) ) ;
#452 = CARTESIAN_POINT ( 'NONE',  ( -14.52241362275569436, -0.6608269072180349424, 18.58060423273362005 ) ) ;
#453 =( LENGTH_UNIT ( ) NAMED_UNIT ( * ) SI_UNIT ( .MILLI., .METRE. ) );
#454 = FACE_OUTER_BOUND ( 'NONE', #513, .T. ) ;
#455 = CARTESIAN_POINT ( 'NONE',  ( -13.83284811768925771, -4.061258591866418577, 73.33094581469883622 ) ) ;
#456 = ORIENTED_EDGE ( 'NONE', *, *, #673, .T. ) ;
#457 = CARTESIAN_POINT ( 'NONE',  ( -14.31705449132303620, -4.272230112467776841, 95.00000000000002842 ) ) ;
#458 = CARTESIAN_POINT ( 'NONE',  ( 23.73227147065189868, 3.635587338322825435, 15.40000000000000746 ) ) ;
#459 = SECURITY_CLASSIFICATION ( '', '', #1432 ) ;
#460 = CARTESIAN_POINT ( 'NONE',  ( 13.10071921673057993, 3.903116369696973287, 35.00092546233205582 ) ) ;
#461 = CARTESIAN_POINT ( 'NONE',  ( 2.201522767225741362, 0.7424798154228476887, 18.36920588809224952 ) ) ;
#462 = PERSON_AND_ORGANIZATION ( #100, #651 ) ;
#463 = CARTESIAN_POINT ( 'NONE',  ( -15.50040333685018545, 0.4624265459422010616, 15.00000000000000533 ) ) ;
#464 = CARTESIAN_POINT ( 'NONE',  ( -3.807607020484166327, 4.000835463591474905, 17.51111978057299723 ) ) ;
#465 = ORIENTED_EDGE ( 'NONE', *, *, #1388, .F. ) ;
#466 = CARTESIAN_POINT ( 'NONE',  ( -15.01688969846085975, 0.5875172777381844069, 18.27621227817109784 ) ) ;
#467 = CARTESIAN_POINT ( 'NONE',  ( -12.52543781716437543, 2.131750367445203409, 15.39999999999610303 ) ) ;
#468 = CARTESIAN_POINT ( 'NONE',  ( 22.30173928124822424, 1.010769822570283250, 18.67427116145757537 ) ) ;
#469 = CARTESIAN_POINT ( 'NONE',  ( 17.78258399244263188, 6.497548686885450842, 90.00000000000004263 ) ) ;
#470 = CARTESIAN_POINT ( 'NONE',  ( 15.48360071877522337, 3.646562902015909824, 35.00087185000609225 ) ) ;
#471 = CARTESIAN_POINT ( 'NONE',  ( -18.08225317208596650, 1.021756261370522889, 15.40000000000000746 ) ) ;
#472 = CARTESIAN_POINT ( 'NONE',  ( -11.53132619625272959, -0.3742875313952573890, 15.40000000000001457 ) ) ;
#473 = CARTESIAN_POINT ( 'NONE',  ( 22.57788553010095711, -2.454902267979943264, 15.40000000000000213 ) ) ;
#474 = CARTESIAN_POINT ( 'NONE',  ( 9.589519640223358010, 4.900000000000044764, 15.39999999999998437 ) ) ;
#475 = EDGE_CURVE ( 'NONE', #61, #548, #913, .T. ) ;
#476 = CARTESIAN_POINT ( 'NONE',  ( -16.63280946236489655, 3.145833827964309659, 15.40000000000002167 ) ) ;
#477 = CARTESIAN_POINT ( 'NONE',  ( -7.633438078412337013, -0.1628116170923444017, 21.66666107202517111 ) ) ;
#478 = CARTESIAN_POINT ( 'NONE',  ( -14.93204901206757818, -3.385349789449849656, 74.99586025463707983 ) ) ;
#479 = CARTESIAN_POINT ( 'NONE',  ( 23.02187991680705181, 3.917620519846142901, 15.40000000000002700 ) ) ;
#480 = CARTESIAN_POINT ( 'NONE',  ( 20.72587541573235370, 7.788592833945028104, 90.00000000000002842 ) ) ;
#481 = CARTESIAN_POINT ( 'NONE',  ( 21.40397289080335952, 2.736708431005912878, 35.00066889628821798 ) ) ;
#482 = CARTESIAN_POINT ( 'NONE',  ( -5.643076725248342029, -2.838682649456395257, 15.40000000000001634 ) ) ;
#483 = CARTESIAN_POINT ( 'NONE',  ( -14.51743631734707840, -3.939278901868540128, 88.33661728780960232 ) ) ;
#484 = CARTESIAN_POINT ( 'NONE',  ( 6.037925807582803728, 3.823375886343010066, 16.32702464105414109 ) ) ;
#485 = CARTESIAN_POINT ( 'NONE',  ( -15.04179064533256671, 0.7541202194069486220, 15.40000000000081748 ) ) ;
#486 = CARTESIAN_POINT ( 'NONE',  ( -6.190597676056492915, -2.068411764802550401, 94.99999999999997158 ) ) ;
#487 = CARTESIAN_POINT ( 'NONE',  ( -14.83341456131192970, -0.3125467830291809301, 35.00090047978093111 ) ) ;
#488 = CARTESIAN_POINT ( 'NONE',  ( 22.15772054156396820, 0.7466937436470288958, 15.39999999999999503 ) ) ;
#489 = CARTESIAN_POINT ( 'NONE',  ( -10.19538669300140832, -0.2232125070487055718, 90.00000000000005684 ) ) ;
#490 = VECTOR ( 'NONE', #1902, 1000.000000000000000 ) ;
#491 = CARTESIAN_POINT ( 'NONE',  ( 15.18928288527206405, 5.012071680402351959, 55.00367935646829665 ) ) ;
#492 = CARTESIAN_POINT ( 'NONE',  ( 3.909729804841222123, -2.199568215224181333, 15.40000000000001279 ) ) ;
#493 = CARTESIAN_POINT ( 'NONE',  ( -15.08970177650653532, 9.048557817025065120, 1.466143101369821844 ) ) ;
#494 = CARTESIAN_POINT ( 'NONE',  ( -2.024233682572255333, 4.899999999999735678, 15.40000000000029523 ) ) ;
#495 = CARTESIAN_POINT ( 'NONE',  ( -17.19098418829145913, 2.658129203469271395, 15.40000000000000036 ) ) ;
#496 = CARTESIAN_POINT ( 'NONE',  ( -10.93050193817178162, -0.2968129273417643432, 15.00000000000000711 ) ) ;
#497 = CARTESIAN_POINT ( 'NONE',  ( -12.78187856573750913, 2.026559739104750069, 15.39999999999862723 ) ) ;
#498 = CARTESIAN_POINT ( 'NONE',  ( -16.12780536912331897, -3.264122822329730944, 15.40000000000000924 ) ) ;
#499 = CARTESIAN_POINT ( 'NONE',  ( 17.48070228929809389, 7.623036572538961941, 90.00000000000004263 ) ) ;
#500 = CARTESIAN_POINT ( 'NONE',  ( 20.06132169112743924, 3.897702157692740865, 55.00364796072304330 ) ) ;
#501 = CARTESIAN_POINT ( 'NONE',  ( 7.588922452181579459, 0.8916966302473740003, 18.29836891853278402 ) ) ;
#502 = ORIENTED_EDGE ( 'NONE', *, *, #1723, .T. ) ;
#503 = CARTESIAN_POINT ( 'NONE',  ( -14.53802859537153758, -4.477707938003501198, 89.99999999999997158 ) ) ;
#504 = CARTESIAN_POINT ( 'NONE',  ( 16.34009632241003729, 4.899999999999917755, 15.40000000000001457 ) ) ;
#505 = CARTESIAN_POINT ( 'NONE',  ( -17.73470738732790153, -1.715961880707776110, 15.39999999999999325 ) ) ;
#506 = LINE ( 'NONE', #1286, #524 ) ;
#507 = CARTESIAN_POINT ( 'NONE',  ( -9.797721583844632320, -1.043966501674352676, 35.00128715134360391 ) ) ;
#508 = DIRECTION ( 'NONE',  ( -0.3131456130149733452, -0.6715429342378168576, 0.6715429342378190780 ) ) ;
#509 = CARTESIAN_POINT ( 'NONE',  ( 22.59452196061674911, 4.032578372763724772, 15.39999999999999503 ) ) ;
#510 = B_SPLINE_CURVE_WITH_KNOTS ( 'NONE', 3,
 ( #1824, #1674, #1538, #1526, #138, #940, #1583, #1593, #330, #962, #1256, #201, #820, #191, #752, #1441, #350, #46, #972, #469, #662, #1749, #1718, #35, #1375, #1557, #341, #650, #3, #1277, #809, #169, #1881, #621, #1429, #1869, #480, #15, #1093, #499, #640, #1126, #1247, #1102, #319, #1115, #797, #788, #25, #951, #1903, #1407, #630, #1728, #489, #1570, #180, #1418, #1267, #1890, #1739, #111, #1838, #727, #1369, #1067 ),
 .UNSPECIFIED., .F., .F.,
 ( 4, 2, 2, 2, 2, 2, 2, 2, 2, 2, 2, 2, 2, 2, 2, 2, 2, 2, 2, 2, 2, 2, 2, 2, 2, 2, 2, 2, 2, 2, 2, 2, 4 ),
 ( 3.878959614448864246E-18, 0.001166200106334665297, 0.002332400212669326692, 0.004664800425338648179, 0.009329600850677287685, 0.01399440127601592546, 0.01632680148868524694, 0.01865920170135456843, 0.02798880255203184397, 0.03265360297737049389, 0.03498600319003980497, 0.03615220329637446744, 0.03644375332295813480, 0.03658952833624996154, 0.03673530334954178828, 0.03688107836283361501, 0.03702685337612544869, 0.03717262838941727543, 0.03724551589606318186, 0.03731840340270909523, 0.04664800425338560402, 0.05131280467872385842, 0.05597760510406211282, 0.05831000531673125736, 0.06064240552940038803, 0.06530720595473862855, 0.06763960616740777310, 0.06997200638007690376, 0.07113820648641146216, 0.07230440659274602055, 0.07347060669908057895, 0.07405370675224785815, 0.07463680680541513734 ),
 .UNSPECIFIED. ) ;
#511 = CARTESIAN_POINT ( 'NONE',  ( 22.23104565454988801, 0.2343409032901556388, 15.00000000000001954 ) ) ;
#512 = CARTESIAN_POINT ( 'NONE',  ( 16.78428923104568327, 0.7872005739700049798, 18.17867208941101964 ) ) ;
#513 = EDGE_LOOP ( 'NONE', ( #1654, #1845, #278, #876 ) ) ;
#514 = CARTESIAN_POINT ( 'NONE',  ( -11.73158201597002126, 1.498660630114245329, 35.00101968289426679 ) ) ;
#515 = CARTESIAN_POINT ( 'NONE',  ( -10.70423102457927200, -0.4388363416218697410, 18.53898432118437256 ) ) ;
#516 = CARTESIAN_POINT ( 'NONE',  ( -14.96315462781163497, 0.8126246007275861327, 17.50174541666018868 ) ) ;
#517 = CARTESIAN_POINT ( 'NONE',  ( -6.374245122272485631, -0.3705561661494494730, 35.00129574037772784 ) ) ;
#518 = DIRECTION ( 'NONE',  ( 1.000000000000000000, 0.000000000000000000, 0.000000000000000000 ) ) ;
#519 = CARTESIAN_POINT ( 'NONE',  ( 22.86124492730647617, 3.961277213829128119, 15.39999999999998437 ) ) ;
#520 = CARTESIAN_POINT ( 'NONE',  ( 22.52536504601705758, 4.184107603038184742, 55.00359428272975748 ) ) ;
#521 = CARTESIAN_POINT ( 'NONE',  ( 21.99067850565587534, 0.5156050811840342529, 18.11195576026854326 ) ) ;
#522 = ADVANCED_FACE ( 'NONE', ( #454 ), #1221, .T. ) ;
#523 = VERTEX_POINT ( 'NONE', #1703 ) ;
#524 = VECTOR ( 'NONE', #1425, 1000.000000000000341 ) ;
#525 = CARTESIAN_POINT ( 'NONE',  ( -10.63762875608671266, 1.084575488434275758, 55.00405546244277133 ) ) ;
#526 = CARTESIAN_POINT ( 'NONE',  ( -12.02107453509648671, 4.899999999999995914, 15.40000000000000746 ) ) ;
#527 = AXIS2_PLACEMENT_3D ( 'NONE', #1842, #2018, #903 ) ;
#528 = CARTESIAN_POINT ( 'NONE',  ( -14.95402899863897872, -0.2976823049660521359, 15.39999999999999325 ) ) ;
#529 = CARTESIAN_POINT ( 'NONE',  ( -15.79910244679168585, 1.944989683681937809, 15.77297010435091096 ) ) ;
#530 = CARTESIAN_POINT ( 'NONE',  ( -13.81323485466677248, -1.676364128293747147, 35.00118992368224724 ) ) ;
#531 = CARTESIAN_POINT ( 'NONE',  ( -16.02758477236627854, 3.565460310955514966, 15.39999999999999325 ) ) ;
#532 = CARTESIAN_POINT ( 'NONE',  ( 19.78768108828796457, 4.728094127520732215, 15.40000000000000924 ) ) ;
#533 = CARTESIAN_POINT ( 'NONE',  ( 21.26076050253214333, 6.389697240306264625, 74.99833737030361647 ) ) ;
#534 = CARTESIAN_POINT ( 'NONE',  ( 20.59699337686451415, -2.390730549960833784, 15.40000000000000746 ) ) ;
#535 = VERTEX_POINT ( 'NONE', #578 ) ;
#536 = EDGE_CURVE ( 'NONE', #1454, #1645, #1581, .T. ) ;
#537 = CARTESIAN_POINT ( 'NONE',  ( -14.67069921343664340, -0.1957027833662270955, 35.00096597911476692 ) ) ;
#538 = CARTESIAN_POINT ( 'NONE',  ( 2.253312483598694183, 0.7441374751615293937, 18.36852027130241893 ) ) ;
#539 = CARTESIAN_POINT ( 'NONE',  ( -15.02746899531881297, -0.2292127791768510670, 15.39999999999999325 ) ) ;
#540 = CARTESIAN_POINT ( 'NONE',  ( 15.83549164999899261, 2.515014925428544323, 18.55765724599351429 ) ) ;
#541 = CARTESIAN_POINT ( 'NONE',  ( -13.39949053677463731, -4.933692347434964098, 88.33285509773141086 ) ) ;
#542 = CARTESIAN_POINT ( 'NONE',  ( -14.77334087360104498, 0.7930042929219127679, 18.24683171331858134 ) ) ;
#543 =( BOUNDED_CURVE ( )  B_SPLINE_CURVE ( 3, ( #394, #1694, #1353, #1080 ),
 .UNSPECIFIED., .F., .T. ) 
 B_SPLINE_CURVE_WITH_KNOTS ( ( 4, 4 ),
 ( 2.548180707911716247, 3.926990816987239175 ),
 .UNSPECIFIED. ) 
 CURVE ( )  GEOMETRIC_REPRESENTATION_ITEM ( )  RATIONAL_B_SPLINE_CURVE ( ( 1.000000000000000000, 0.8477497222584793324, 0.8477497222584793324, 1.000000000000000000 ) ) 
 REPRESENTATION_ITEM ( '' )  );
#544 = VERTEX_POINT ( 'NONE', #1822 ) ;
#545 = CARTESIAN_POINT ( 'NONE',  ( 21.75372762448632002, 0.8531874139324838735, 15.39999999999999325 ) ) ;
#546 = CARTESIAN_POINT ( 'NONE',  ( 15.42566437988243777, 3.349634650497366639, 55.00365945212329422 ) ) ;
#547 = CARTESIAN_POINT ( 'NONE',  ( 22.06518817424414536, 0.2477506314184325931, 15.40000000000003411 ) ) ;
#548 = VERTEX_POINT ( 'NONE', #423 ) ;
#549 = CARTESIAN_POINT ( 'NONE',  ( -12.74252392360500430, -2.043556644440571279, 88.33504120270070814 ) ) ;
#550 = CARTESIAN_POINT ( 'NONE',  ( -10.78620354419628491, 2.620430554610545748, 18.22277587791868569 ) ) ;
#551 = CARTESIAN_POINT ( 'NONE',  ( -16.55461133126219053, 2.968393129449647727, 15.40000000000024549 ) ) ;
#552 = CARTESIAN_POINT ( 'NONE',  ( 22.18770685373520379, 0.5065937813084103736, 18.12150330964558975 ) ) ;
#553 = ORIENTED_EDGE ( 'NONE', *, *, #1246, .T. ) ;
#554 = CARTESIAN_POINT ( 'NONE',  ( -14.82353510069020608, -0.8154465848856077281, 21.66680126468286716 ) ) ;
#555 = CARTESIAN_POINT ( 'NONE',  ( 7.556845847164392893, 3.577052603149858623, 95.00000000000001421 ) ) ;
#556 = CARTESIAN_POINT ( 'NONE',  ( 22.04013616866811986, 0.5125258455041598049, 18.11121223174773931 ) ) ;
#557 = VECTOR ( 'NONE', #1510, 1000.000000000000000 ) ;
#558 = CARTESIAN_POINT ( 'NONE',  ( -11.40859505180590716, -1.346932342146165862, 95.00000000000004263 ) ) ;
#559 = CARTESIAN_POINT ( 'NONE',  ( 16.03326550195674827, 0.8190891703013382097, 18.18860827981252370 ) ) ;
#560 = DIRECTION ( 'NONE',  ( 1.000000000000000000, 0.000000000000000000, 0.000000000000000000 ) ) ;
#561 = CARTESIAN_POINT ( 'NONE',  ( 22.22736292143369141, 0.5143236102630358575, 18.14136943366916555 ) ) ;
#562 = ORIENTED_EDGE ( 'NONE', *, *, #475, .T. ) ;
#563 = CARTESIAN_POINT ( 'NONE',  ( -14.16748627941749028, -4.307593954251068169, 74.99660951671020825 ) ) ;
#564 = CARTESIAN_POINT ( 'NONE',  ( 1.585591118123105048, 0.9955909399421152273, 55.00379962651257415 ) ) ;
#565 = CARTESIAN_POINT ( 'NONE',  ( 22.21807496643824464, 0.2570843293785804451, 15.40000000000002522 ) ) ;
#566 = CARTESIAN_POINT ( 'NONE',  ( -6.023383057119346518, 3.328287553186001446, 35.00105304941049411 ) ) ;
#567 = CARTESIAN_POINT ( 'NONE',  ( -14.39460968166080690, -0.4821197595510891554, 15.40000000000001812 ) ) ;
#568 = CARTESIAN_POINT ( 'NONE',  ( -26.00000000000000000, 4.900000000000000355, 9.599999999999999645 ) ) ;
#569 = CARTESIAN_POINT ( 'NONE',  ( -13.58475355659429518, -4.977842845834337560, 88.33285117649158735 ) ) ;
#570 = ORIENTED_EDGE ( 'NONE', *, *, #1699, .F. ) ;
#571 = FACE_OUTER_BOUND ( 'NONE', #322, .T. ) ;
#572 = CARTESIAN_POINT ( 'NONE',  ( 3.305460655558273508, 1.879140102637232079, 88.33298991940574751 ) ) ;
#573 = CARTESIAN_POINT ( 'NONE',  ( 24.10513587845358430, -1.850028108644699021, 15.39999999999999503 ) ) ;
#574 = EDGE_CURVE ( 'NONE', #1212, #382, #1051, .T. ) ;
#575 = CARTESIAN_POINT ( 'NONE',  ( -9.750320732382958155, 0.6988515280166360810, 74.99610281459297312 ) ) ;
#576 = CARTESIAN_POINT ( 'NONE',  ( -14.81253766484976708, -0.4276305548735416795, 15.39999999999999147 ) ) ;
#577 = CARTESIAN_POINT ( 'NONE',  ( -14.52690194050138039, -0.6602975504312209587, 18.58064600328161120 ) ) ;
#578 = CARTESIAN_POINT ( 'NONE',  ( 21.43771773273408598, -4.899999999999999467, 15.40000000000000036 ) ) ;
#579 = CARTESIAN_POINT ( 'NONE',  ( 22.19070748650195668, -2.486743818449192567, 15.39999999999998970 ) ) ;
#580 = CARTESIAN_POINT ( 'NONE',  ( -14.61987858593167466, -0.4563780816538191565, 15.40000000000033609 ) ) ;
#581 = CARTESIAN_POINT ( 'NONE',  ( -14.30533974575840972, -2.907946199031594681, 55.00379752377889986 ) ) ;
#582 = CARTESIAN_POINT ( 'NONE',  ( -2.760946773612620309, 0.5031939351007144179, 15.00000000000001421 ) ) ;
#583 = CARTESIAN_POINT ( 'NONE',  ( 22.48820785111247744, -2.466241690863664182, 15.40000000000003055 ) ) ;
#584 = CARTESIAN_POINT ( 'NONE',  ( -5.956160890872422620, 3.805686708326288414, 15.00000000000000178 ) ) ;
#585 = CARTESIAN_POINT ( 'NONE',  ( -14.09188113496838923, -0.6914486879827995702, 18.57824388152359774 ) ) ;
#586 = APPROVAL_STATUS ( 'not_yet_approved' ) ;
#587 = DIRECTION ( 'NONE',  ( 1.000000000000000000, 0.000000000000000000, 0.000000000000000000 ) ) ;
#588 = CARTESIAN_POINT ( 'NONE',  ( -2.423119041005169727, -2.506855875142564472, 15.39999999999999858 ) ) ;
#589 = ORIENTED_EDGE ( 'NONE', *, *, #1234, .F. ) ;
#590 = VECTOR ( 'NONE', #1172, 1000.000000000000000 ) ;
#591 = VECTOR ( 'NONE', #924, 1000.000000000000000 ) ;
#592 = CARTESIAN_POINT ( 'NONE',  ( -17.52778036506829906, -2.049808646057292627, 15.40000000000002167 ) ) ;
#593 = CARTESIAN_POINT ( 'NONE',  ( 13.26116992088956259, 1.842142162001167094, 35.00142575736327188 ) ) ;
#594 = CARTESIAN_POINT ( 'NONE',  ( 25.21981987436676320, -0.4027654838823046535, 15.39999999999989555 ) ) ;
#595 = CARTESIAN_POINT ( 'NONE',  ( -1.281028292610875141, 4.080433629681122554, 35.00106463617784414 ) ) ;
#596 = CARTESIAN_POINT ( 'NONE',  ( -14.68291080499363943, -3.654804187041082564, 15.40000000000001990 ) ) ;
#597 = DATE_TIME_ROLE ( 'creation_date' ) ;
#598 = CARTESIAN_POINT ( 'NONE',  ( 22.69539047669571019, 4.006490238970460638, 15.40000000000000036 ) ) ;
#599 = CARTESIAN_POINT ( 'NONE',  ( 22.38584586740155657, -2.479375963673617012, 15.40000000000000924 ) ) ;
#600 = ORIENTED_EDGE ( 'NONE', *, *, #1112, .T. ) ;
#601 = ADVANCED_FACE ( 'NONE', ( #1524 ), #1230, .T. ) ;
#602 = CARTESIAN_POINT ( 'NONE',  ( -14.36774651480066112, -3.741203019754303583, 88.33628331513078535 ) ) ;
#603 = CARTESIAN_POINT ( 'NONE',  ( 22.33265453058617922, 0.7877298828498512373, 15.40000000000002522 ) ) ;
#604 = CARTESIAN_POINT ( 'NONE',  ( 19.59726579049630502, 4.762215825167969818, 55.00359809016553214 ) ) ;
#605 = CARTESIAN_POINT ( 'NONE',  ( -16.15956752906468807, 6.754223306647942238, -0.8281914090073083656 ) ) ;
#606 = CARTESIAN_POINT ( 'NONE',  ( -14.88740534029519402, 0.7100155066940062598, 18.24790261373500400 ) ) ;
#607 = CARTESIAN_POINT ( 'NONE',  ( -14.87873578686971854, -3.634113282118748067, 15.40000000000000036 ) ) ;
#608 = DIRECTION ( 'NONE',  ( 0.000000000000000000, -0.000000000000000000, -1.000000000000000000 ) ) ;
#609 = CARTESIAN_POINT ( 'NONE',  ( 22.20361012807425283, 0.8057876828781470602, 15.39999999999996483 ) ) ;
#610 = CARTESIAN_POINT ( 'NONE',  ( 14.03093599638651412, 6.270166274402658502, 74.99768427671003224 ) ) ;
#611 = CARTESIAN_POINT ( 'NONE',  ( -15.19665708101569201, 0.05479051453622845597, 18.40311954130618233 ) ) ;
#612 = CARTESIAN_POINT ( 'NONE',  ( 14.81329942336467909, -2.143865196833554698, 15.39999999999997549 ) ) ;
#613 = CARTESIAN_POINT ( 'NONE',  ( -15.19998166608497847, 0.2066696807548287218, 18.36578431930434263 ) ) ;
#614 = CARTESIAN_POINT ( 'NONE',  ( -14.44996210598444542, -4.484912326268260863, 95.00000000000002842 ) ) ;
#615 = CARTESIAN_POINT ( 'NONE',  ( -0.08240350510753190194, -2.357877125489597159, 15.39999999999999680 ) ) ;
#616 = EDGE_LOOP ( 'NONE', ( #1073, #666, #1061, #1964 ) ) ;
#617 = CARTESIAN_POINT ( 'NONE',  ( -16.61815411643109286, -2.969109725898192220, 15.39999999999999325 ) ) ;
#618 = CARTESIAN_POINT ( 'NONE',  ( -14.97233223804164837, 0.8263641563093625519, 15.39999999999992042 ) ) ;
#619 = CARTESIAN_POINT ( 'NONE',  ( 22.65247147144225082, -2.294952200625480998, -9.877366916280763576 ) ) ;
#620 = CARTESIAN_POINT ( 'NONE',  ( 22.26202446070972485, 1.028458382399940030, 18.67959197189124865 ) ) ;
#621 = CARTESIAN_POINT ( 'NONE',  ( 20.86241964221905576, 7.734701386363203035, 89.99999999999995737 ) ) ;
#622 = CARTESIAN_POINT ( 'NONE',  ( 5.921984472884973982, 3.978129367479763978, 21.66729439501484933 ) ) ;
#623 = CARTESIAN_POINT ( 'NONE',  ( 3.812921430237551146, 0.7471634377451704667, 15.40000000000001279 ) ) ;
#624 = CARTESIAN_POINT ( 'NONE',  ( 23.36801181591763665, -0.7604709799942388493, 15.70325049401003703 ) ) ;
#625 = CARTESIAN_POINT ( 'NONE',  ( -0.6518110016730461753, 4.900000000000262368, 15.39999999999970193 ) ) ;
#626 = CARTESIAN_POINT ( 'NONE',  ( -16.62328988531639595, 3.152911934937542959, 15.40000000000002167 ) ) ;
#627 = CARTESIAN_POINT ( 'NONE',  ( -12.20701807007189643, -0.7661266860700598480, 21.66664470480394300 ) ) ;
#628 = DIRECTION ( 'NONE',  ( -0.3131456130149733452, -0.6715429342378168576, -0.6715429342378190780 ) ) ;
#629 = CARTESIAN_POINT ( 'NONE',  ( 22.16513278909742013, 0.7371358697892348433, 15.40000000000002700 ) ) ;
#630 = CARTESIAN_POINT ( 'NONE',  ( -8.182391223136061598, 0.9932532109725356051, 89.99999999999992895 ) ) ;
#631 = CARTESIAN_POINT ( 'NONE',  ( 7.955744299798762853, 4.964829824938772340, 55.00378991322049416 ) ) ;
#632 = CARTESIAN_POINT ( 'NONE',  ( -7.595907268856669781, -0.05235044368727385933, 18.49780328069340740 ) ) ;
#633 = PERSON_AND_ORGANIZATION_ROLE ( 'classification_officer' ) ;
#634 = CARTESIAN_POINT ( 'NONE',  ( -15.08594282040676227, 0.3523642018565698586, 21.66742951162522957 ) ) ;
#635 = CARTESIAN_POINT ( 'NONE',  ( 8.044991366625779960, 3.621227408509667622, 16.33796473463023347 ) ) ;
#636 = CARTESIAN_POINT ( 'NONE',  ( -14.84506877676498959, 0.7414429721788039496, 18.24871267655734997 ) ) ;
#637 = CARTESIAN_POINT ( 'NONE',  ( -12.39520189875933376, -5.015767394566318593, 95.00000000000007105 ) ) ;
#638 = DIRECTION ( 'NONE',  ( 0.2523189464366741297, 0.5410997268091268797, 0.8022133350401094987 ) ) ;
#639 = CARTESIAN_POINT ( 'NONE',  ( 22.36141166374406808, 0.9626791264400196280, 18.64505397849580959 ) ) ;
#640 = CARTESIAN_POINT ( 'NONE',  ( 14.34151914287680896, 7.300743815037046502, 90.00000000000005684 ) ) ;
#641 = CARTESIAN_POINT ( 'NONE',  ( 5.858987816872053500, 3.814392934708444205, 15.00000000000002487 ) ) ;
#642 = CARTESIAN_POINT ( 'NONE',  ( 3.813099574070177855, 0.7984624807511172540, 18.34786046358106759 ) ) ;
#643 = CARTESIAN_POINT ( 'NONE',  ( -13.71547548377913905, -5.117071287088413634, 90.00000000000001421 ) ) ;
#644 = CARTESIAN_POINT ( 'NONE',  ( 13.15660763092391150, 2.988312958639008254, 18.38917803713355426 ) ) ;
#645 = CARTESIAN_POINT ( 'NONE',  ( -17.05126040610538141, -2.609754375142016691, 15.40000000000000746 ) ) ;
#646 = CARTESIAN_POINT ( 'NONE',  ( -14.92136165966313577, 0.8639331251460746763, 15.40000000000001990 ) ) ;
#647 = CARTESIAN_POINT ( 'NONE',  ( -6.234705212446350231, -1.880284954504876094, 88.33335911676775254 ) ) ;
#648 = DIRECTION ( 'NONE',  ( 1.000000000000000000, 0.000000000000000000, 0.000000000000000000 ) ) ;
#649 = CARTESIAN_POINT ( 'NONE',  ( 22.16825806611362992, 0.7362376751342929460, 15.40000000000001634 ) ) ;
#650 = CARTESIAN_POINT ( 'NONE',  ( 20.87749491441349647, 7.339143138351556850, 90.00000000000001421 ) ) ;
#651 = ORGANIZATION ( 'UNSPECIFIED', 'UNSPECIFIED', '' ) ;
#652 = CARTESIAN_POINT ( 'NONE',  ( 18.57963626824236769, 6.569101595945046945, 88.33188519451697118 ) ) ;
#653 = CARTESIAN_POINT ( 'NONE',  ( -0.2370184812275203667, 0.6364650171132060219, 15.40000000000000391 ) ) ;
#654 = ORIENTED_EDGE ( 'NONE', *, *, #1326, .F. ) ;
#655 = LINE ( 'NONE', #305, #1016 ) ;
#656 = CARTESIAN_POINT ( 'NONE',  ( -6.500308181044633038, 3.710969204560755408, 16.27352629148012753 ) ) ;
#657 = CARTESIAN_POINT ( 'NONE',  ( -26.00000000000000000, -8.079390654378308056, 2.435310264016575577 ) ) ;
#658 = CARTESIAN_POINT ( 'NONE',  ( -7.219310636596377506, -2.569991143140189838, 94.99999999999982947 ) ) ;
#659 = CARTESIAN_POINT ( 'NONE',  ( -15.61883584809448600, 3.814197871459517941, 15.39999999999998970 ) ) ;
#660 = ADVANCED_FACE ( 'NONE', ( #1363 ), #1385, .T. ) ;
#661 = CARTESIAN_POINT ( 'NONE',  ( 21.83074470415191470, 1.144478485516192023, 18.67485213126337840 ) ) ;
#662 = CARTESIAN_POINT ( 'NONE',  ( 18.53394129701225168, 6.700753283443511954, 90.00000000000000000 ) ) ;
#663 = CARTESIAN_POINT ( 'NONE',  ( 17.47051207304781784, 0.5184885449834344406, 15.00000000000003197 ) ) ;
#664 = CARTESIAN_POINT ( 'NONE',  ( 18.27120126203446304, -2.267039996672714608, 15.39999999999999680 ) ) ;
#665 = PERSON_AND_ORGANIZATION_ROLE ( 'design_supplier' ) ;
#666 = ORIENTED_EDGE ( 'NONE', *, *, #1688, .T. ) ;
#667 = CARTESIAN_POINT ( 'NONE',  ( -13.43335942939494565, -0.5096028945091940487, 55.00415068018626386 ) ) ;
#668 = CARTESIAN_POINT ( 'NONE',  ( -10.06882147197580757, 4.900000000000028777, 15.39999999999998614 ) ) ;
#669 = CARTESIAN_POINT ( 'NONE',  ( -15.10308596693140260, -0.2702240900281884239, 18.48354156849334373 ) ) ;
#670 = CARTESIAN_POINT ( 'NONE',  ( -6.006943998684564079, 3.751982552361238898, 17.72521415406446366 ) ) ;
#671 = CARTESIAN_POINT ( 'NONE',  ( -7.273323501380554390, -2.350292108955552184, 88.33338072143484965 ) ) ;
#672 = CARTESIAN_POINT ( 'NONE',  ( -16.52294241295814103, 3.225183768447204891, 15.40000000000001101 ) ) ;
#673 = EDGE_CURVE ( 'NONE', #1082, #523, #1147, .T. ) ;
#674 = CARTESIAN_POINT ( 'NONE',  ( 19.28057481877624824, 4.843390619865806102, 15.40000000000001457 ) ) ;
#675 = CARTESIAN_POINT ( 'NONE',  ( 22.74858208752656097, 2.296133613128563677, 35.00097210394604019 ) ) ;
#676 = CARTESIAN_POINT ( 'NONE',  ( 20.86269872073276588, -2.406910086260398263, 15.39999999999998792 ) ) ;
#677 = ORIENTED_EDGE ( 'NONE', *, *, #255, .T. ) ;
#678 = CARTESIAN_POINT ( 'NONE',  ( -10.59896043657596110, 0.2142737850495953777, 74.99603231894407429 ) ) ;
#679 = CARTESIAN_POINT ( 'NONE',  ( -11.65014460245990691, 2.325517554480862170, 18.25952697091199184 ) ) ;
#680 = CARTESIAN_POINT ( 'NONE',  ( 26.00753278265308310, 4.900000000000001243, 15.40000000000000036 ) ) ;
#681 = CARTESIAN_POINT ( 'NONE',  ( 20.96311052408237074, 1.367623305484815255, 18.66303912460451286 ) ) ;
#682 = CARTESIAN_POINT ( 'NONE',  ( -14.91424817311307294, 0.6903374871828219517, 18.24795561122416743 ) ) ;
#683 = CARTESIAN_POINT ( 'NONE',  ( 22.95529516966853123, 3.935794803969706379, 15.40000000000001990 ) ) ;
#684 = CARTESIAN_POINT ( 'NONE',  ( 21.61290428800317542, 4.048800029249330024, 55.00347339532493152 ) ) ;
#685 = CARTESIAN_POINT ( 'NONE',  ( 20.44097211323378005, 0.6119650171847036413, 18.13169826919376959 ) ) ;
#686 = ORIENTED_EDGE ( 'NONE', *, *, #536, .F. ) ;
#687 = VECTOR ( 'NONE', #113, 1000.000000000000114 ) ;
#688 = CARTESIAN_POINT ( 'NONE',  ( -12.27391556412927898, 1.924160948191278697, 21.66718210700232206 ) ) ;
#689 = CARTESIAN_POINT ( 'NONE',  ( 14.50133135511921978, 0.8635538375447937565, 18.20814875631975127 ) ) ;
#690 = CARTESIAN_POINT ( 'NONE',  ( -17.42816016219811459, -2.186671956874308709, 15.39999999999999325 ) ) ;
#691 = CARTESIAN_POINT ( 'NONE',  ( -14.88739389151221282, 0.7099795776914442635, 18.24860678048031204 ) ) ;
#692 = CARTESIAN_POINT ( 'NONE',  ( 22.25008615127323353, 1.032042746916710607, 18.67945107401567384 ) ) ;
#693 = CARTESIAN_POINT ( 'NONE',  ( -14.21958224666550841, 1.161406412518900089, 18.24288759204980792 ) ) ;
#694 = ORIENTED_EDGE ( 'NONE', *, *, #1534, .T. ) ;
#695 = CARTESIAN_POINT ( 'NONE',  ( -16.29471661087429979, -3.174889027767152871, 15.40000000000001457 ) ) ;
#696 = CARTESIAN_POINT ( 'NONE',  ( 17.69083925324313711, 1.026585074617340831, 21.66654978420447719 ) ) ;
#697 = CARTESIAN_POINT ( 'NONE',  ( 22.09844083429042882, 0.2452576901244867824, 15.39999999999999147 ) ) ;
#698 = ORIENTED_EDGE ( 'NONE', *, *, #850, .F. ) ;
#699 = CARTESIAN_POINT ( 'NONE',  ( -14.24998081105001901, -3.585370456304293629, 88.33602056825770887 ) ) ;
#700 = CARTESIAN_POINT ( 'NONE',  ( -12.66737735296829293, 4.900000000000007461, 15.40000000000000746 ) ) ;
#701 = CARTESIAN_POINT ( 'NONE',  ( 8.177825532604693137, 3.659174433735665311, 17.95324260199330269 ) ) ;
#702 = CARTESIAN_POINT ( 'NONE',  ( -21.87452709536204409, -5.501547033709009327, 8.708169847098416128 ) ) ;
#703 = ORIENTED_EDGE ( 'NONE', *, *, #448, .F. ) ;
#704 = CARTESIAN_POINT ( 'NONE',  ( -18.18310915880648437, 0.4329508807215017852, 15.40000000000000391 ) ) ;
#705 = CARTESIAN_POINT ( 'NONE',  ( -2.671595344778214809, 0.4364007586937988514, 21.66658782935201799 ) ) ;
#706 = CARTESIAN_POINT ( 'NONE',  ( 19.61354328791353296, 0.4219826865962816309, 15.40000000000002167 ) ) ;
#707 = CARTESIAN_POINT ( 'NONE',  ( -14.89428912057982579, 0.9086077864268001791, 15.00000000000000533 ) ) ;
#708 = CARTESIAN_POINT ( 'NONE',  ( -14.04366942664703188, -0.6928351127481335858, 18.57803081020435343 ) ) ;
#709 = EDGE_CURVE ( 'NONE', #2000, #1139, #1706, .T. ) ;
#710 = CARTESIAN_POINT ( 'NONE',  ( 1.731715537669124005, 4.118781035748579455, 17.44426363735891528 ) ) ;
#711 = CARTESIAN_POINT ( 'NONE',  ( 22.16986826771341157, 1.053891257357462363, 18.67869919266706091 ) ) ;
#712 = VERTEX_POINT ( 'NONE', #812 ) ;
#713 = CARTESIAN_POINT ( 'NONE',  ( -13.78990023321390623, -4.166090771885959221, 74.99682135788562221 ) ) ;
#714 = CARTESIAN_POINT ( 'NONE',  ( 9.792513561884728546, 4.050669775013058249, 88.33248229229069182 ) ) ;
#715 = CARTESIAN_POINT ( 'NONE',  ( 22.36201908089405421, 0.6082074870979722325, 18.28180840505398308 ) ) ;
#716 = CARTESIAN_POINT ( 'NONE',  ( -8.301454566108473543, 3.183728647523196731, 21.66713574900973782 ) ) ;
#717 = CARTESIAN_POINT ( 'NONE',  ( -13.90267701559463021, -0.6951213220245395785, 18.57749852627780385 ) ) ;
#718 = AXIS2_PLACEMENT_3D ( 'NONE', #802, #314, #1270 ) ;
#719 = CARTESIAN_POINT ( 'NONE',  ( 24.58053589433352215, 2.982895584291828772, 15.40000000000001634 ) ) ;
#720 = CARTESIAN_POINT ( 'NONE',  ( 22.40316488391612637, 0.6701170207850856153, 18.35450453279132077 ) ) ;
#721 = LOCAL_TIME ( 13, 44, 7.000000000000000000, #1207 ) ;
#722 = EDGE_LOOP ( 'NONE', ( #1329, #117, #1752, #1629, #415, #589, #1323, #71, #995, #1022, #1223, #570 ) ) ;
#723 = CARTESIAN_POINT ( 'NONE',  ( -15.01188239979671657, -1.471881603265476901, 35.00119275702419230 ) ) ;
#724 = EDGE_CURVE ( 'NONE', #523, #774, #1409, .T. ) ;
#725 = CARTESIAN_POINT ( 'NONE',  ( 3.990794841541036142, 1.088898601863078186, 35.00138374898592986 ) ) ;
#726 = CARTESIAN_POINT ( 'NONE',  ( 22.07502097834661114, -2.479829747981886268, 15.39999999999998259 ) ) ;
#727 = CARTESIAN_POINT ( 'NONE',  ( -14.11733383223944571, -3.556848638762093007, 90.00000000000004263 ) ) ;
#728 = CARTESIAN_POINT ( 'NONE',  ( -5.964548251306637461, 3.651939348349082959, 21.66712835910101376 ) ) ;
#729 = CARTESIAN_POINT ( 'NONE',  ( -14.21502000227781259, -0.4964002197446997222, 15.40000000000001812 ) ) ;
#730 = FACE_OUTER_BOUND ( 'NONE', #1473, .T. ) ;
#731 = DIRECTION ( 'NONE',  ( -0.9063077870366497146, 0.4226182617407001629, 0.000000000000000000 ) ) ;
#732 = CARTESIAN_POINT ( 'NONE',  ( 21.60498387771648865, -2.452551702271023260, 15.39999999999999147 ) ) ;
#733 = ORIENTED_EDGE ( 'NONE', *, *, #1474, .F. ) ;
#734 = CARTESIAN_POINT ( 'NONE',  ( -15.25571516925276327, -3.589512617097176506, 15.40000000000000746 ) ) ;
#735 = CARTESIAN_POINT ( 'NONE',  ( -13.48153968047593843, -5.380413066396737776, 95.00000000000002842 ) ) ;
#736 = CARTESIAN_POINT ( 'NONE',  ( -2.748589970143061390, -0.2088649068808183795, 74.99663469072329747 ) ) ;
#737 = CARTESIAN_POINT ( 'NONE',  ( 22.17543463725860775, 0.5057573376123660758, 18.11670213804451279 ) ) ;
#738 = CARTESIAN_POINT ( 'NONE',  ( 3.515944367894185962, 4.299162404493138467, 35.00104510563237170 ) ) ;
#739 = CARTESIAN_POINT ( 'NONE',  ( -14.53545600567391816, -0.6592920932992653027, 18.58077146622078146 ) ) ;
#740 = CARTESIAN_POINT ( 'NONE',  ( -14.82542890529724744, -0.5759657741562128619, 18.55873468873687315 ) ) ;
#741 = DIRECTION ( 'NONE',  ( 1.000000000000000000, 0.000000000000000000, 0.000000000000000000 ) ) ;
#742 = CARTESIAN_POINT ( 'NONE',  ( -26.00000000000000000, -4.900000000000000355, 9.599999999999999645 ) ) ;
#743 = ORIENTED_EDGE ( 'NONE', *, *, #313, .F. ) ;
#744 = CARTESIAN_POINT ( 'NONE',  ( -15.33033729136587908, 3.978329898141781396, 15.40000000000000568 ) ) ;
#745 = CARTESIAN_POINT ( 'NONE',  ( 8.623079006929314616, 1.521308144017103681, 35.00141495970950700 ) ) ;
#746 = CARTESIAN_POINT ( 'NONE',  ( 22.15612574812397995, 0.5053844421322540859, 18.10992833077578368 ) ) ;
#747 = CARTESIAN_POINT ( 'NONE',  ( -26.00000000000000000, -9.048557817025065120, 1.466143101369821844 ) ) ;
#748 = CARTESIAN_POINT ( 'NONE',  ( -8.979872788761323221, 0.3451099338555342899, 95.00000000000002842 ) ) ;
#749 = CARTESIAN_POINT ( 'NONE',  ( -18.16912909713312985, -0.4778274905717879717, 15.39999999999998614 ) ) ;
#750 = DIRECTION ( 'NONE',  ( 1.000000000000000000, 0.000000000000000000, 0.000000000000000000 ) ) ;
#751 = EDGE_CURVE ( 'NONE', #1347, #2012, #655, .T. ) ;
#752 = CARTESIAN_POINT ( 'NONE',  ( 2.955907843791865997, 1.777876171750246481, 90.00000000000001421 ) ) ;
#753 = CARTESIAN_POINT ( 'NONE',  ( 24.17907179885365920, 3.353870235612556261, 15.40000000000001457 ) ) ;
#754 = CARTESIAN_POINT ( 'NONE',  ( -11.74610917622277206, -3.573190749268493338, 15.39999999999999858 ) ) ;
#755 = ORIENTED_EDGE ( 'NONE', *, *, #850, .T. ) ;
#756 = AXIS2_PLACEMENT_3D ( 'NONE', #1514, #294, #265 ) ;
#757 = CC_DESIGN_APPROVAL ( #1259, ( #1494 ) ) ;
#758 = LINE ( 'NONE', #1379, #854 ) ;
#759 = CARTESIAN_POINT ( 'NONE',  ( -11.34084157565491680, -4.567454355599962490, 94.99999999999997158 ) ) ;
#760 = CARTESIAN_POINT ( 'NONE',  ( 23.04018621024127000, -2.369925573411183706, 15.40000000000003411 ) ) ;
#761 = CARTESIAN_POINT ( 'NONE',  ( -3.207072479995563885, 4.009609840650513846, 21.66713269658344387 ) ) ;
#762 = CARTESIAN_POINT ( 'NONE',  ( -14.50001339718442317, -0.4703144131073851431, 15.40000000000001457 ) ) ;
#763 = CARTESIAN_POINT ( 'NONE',  ( -15.13400976708015300, -0.2391408748723975741, 18.47556399727667653 ) ) ;
#764 = CARTESIAN_POINT ( 'NONE',  ( -14.88739555888311017, 0.7100226772795457109, 18.24790259442224993 ) ) ;
#765 = CARTESIAN_POINT ( 'NONE',  ( -14.48807887274600148, -0.9973703494420692595, 24.05385047691996192 ) ) ;
#766 = ORIENTED_EDGE ( 'NONE', *, *, #1, .T. ) ;
#767 = CARTESIAN_POINT ( 'NONE',  ( -14.78989389405809618, -1.706663864001984887, 55.00429084460033380 ) ) ;
#768 = CARTESIAN_POINT ( 'NONE',  ( 23.20476608613228819, 3.863005773154739142, 15.40000000000002878 ) ) ;
#769 = CARTESIAN_POINT ( 'NONE',  ( 13.48131299490369983, 7.461653999588563124, 95.00000000000005684 ) ) ;
#770 = CARTESIAN_POINT ( 'NONE',  ( 0.9849657992420516317, -2.308691208965560460, 15.39999999999998082 ) ) ;
#771 = CARTESIAN_POINT ( 'NONE',  ( -15.01042121342684155, 0.6172131777268824449, 18.26900273955836340 ) ) ;
#772 = CARTESIAN_POINT ( 'NONE',  ( -14.86364223161036868, 9.533344075502137471, 1.950929359846895972 ) ) ;
#773 = LINE ( 'NONE', #1354, #2005 ) ;
#774 = VERTEX_POINT ( 'NONE', #473 ) ;
#775 = EDGE_CURVE ( 'NONE', #1815, #1597, #127, .T. ) ;
#776 = CARTESIAN_POINT ( 'NONE',  ( -12.21581948084496716, 2.110441925177888312, 18.26275393417841286 ) ) ;
#777 = CARTESIAN_POINT ( 'NONE',  ( 22.34335376400202477, 0.9806886388692118706, 18.65744149562803500 ) ) ;
#778 = CARTESIAN_POINT ( 'NONE',  ( 4.355524883317276164, 5.468935556088399430, 88.33252110046848316 ) ) ;
#779 = CARTESIAN_POINT ( 'NONE',  ( -12.64940159628763894, -3.643058495242466943, 15.40000000000000213 ) ) ;
#780 = CALENDAR_DATE ( 2026, 13, 4 ) ;
#781 = CARTESIAN_POINT ( 'NONE',  ( 24.52205771892286634, 1.714388445586169762, 15.47908588766160243 ) ) ;
#782 = CARTESIAN_POINT ( 'NONE',  ( 3.954644559747019894, 4.010739873988977244, 17.58968728765860945 ) ) ;
#783 = CARTESIAN_POINT ( 'NONE',  ( -14.93089477813165189, 0.8568732405911627659, 15.39999999999973213 ) ) ;
#784 = LINE ( 'NONE', #13, #1733 ) ;
#785 = ADVANCED_FACE ( 'NONE', ( #9 ), #163, .F. ) ;
#786 = CARTESIAN_POINT ( 'NONE',  ( 22.23226934935200561, 1.036908127424441606, 18.67929289834143702 ) ) ;
#787 = VECTOR ( 'NONE', #889, 1000.000000000000000 ) ;
#788 = CARTESIAN_POINT ( 'NONE',  ( -1.024963772184185995, 4.034149101790595715, 90.00000000000000000 ) ) ;
#789 = CARTESIAN_POINT ( 'NONE',  ( 19.82672552403186472, 3.015907095646055414, 35.00075449871978606 ) ) ;
#790 = CARTESIAN_POINT ( 'NONE',  ( -11.19263012689502546, -3.509040335734042948, 15.40000000000001457 ) ) ;
#791 = CARTESIAN_POINT ( 'NONE',  ( -15.28996497570819812, 0.2036197259332068188, 21.66758312459896985 ) ) ;
#792 = CARTESIAN_POINT ( 'NONE',  ( -8.097850788268122102, 4.899999999999943512, 15.40000000000002345 ) ) ;
#793 = CARTESIAN_POINT ( 'NONE',  ( -15.16810915364671075, 0.5442923214380647190, 15.40000000000016200 ) ) ;
#794 = CARTESIAN_POINT ( 'NONE',  ( -11.96134334455745218, -4.437097687640749299, 88.33344782607362333 ) ) ;
#795 = CARTESIAN_POINT ( 'NONE',  ( -15.10148635526668315, -0.1773052228017533982, 15.00000000000000533 ) ) ;
#796 = CARTESIAN_POINT ( 'NONE',  ( 22.09059971739308637, 0.7584056152728825273, 15.40000000000001279 ) ) ;
#797 = CARTESIAN_POINT ( 'NONE',  ( 0.4756298583144951131, 4.485716103413240674, 90.00000000000001421 ) ) ;
#798 = CARTESIAN_POINT ( 'NONE',  ( 21.75752784088073710, 0.8119627018484262271, 15.00000000000000711 ) ) ;
#799 = CARTESIAN_POINT ( 'NONE',  ( -0.2364954178247397620, 0.6353824079263885594, 18.40111492220407641 ) ) ;
#800 = DATE_AND_TIME ( #1711, #1439 ) ;
#801 =( BOUNDED_SURFACE ( )  B_SPLINE_SURFACE ( 3, 2, ( 
 ( #277, #1663, #266 ),
 ( #896, #1515, #825 ),
 ( #955, #1446, #324 ),
 ( #1743, #1413, #504 ),
 ( #1588, #1261, #1284 ),
 ( #644, #1599, #1885 ),
 ( #934, #803, #29 ),
 ( #1876, #345, #474 ),
 ( #1097, #635, #1271 ),
 ( #1131, #484, #355 ),
 ( #1908, #39, #978 ),
 ( #782, #1424, #196 ),
 ( #1754, #164, #1895 ),
 ( #1435, #207, #1553 ),
 ( #1402, #1107, #10 ),
 ( #1732, #52, #1575 ),
 ( #19, #1240, #625 ),
 ( #1863, #1251, #494 ),
 ( #335, #1722, #184 ),
 ( #464, #174, #1119 ),
 ( #1088, #967, #813 ),
 ( #945, #656, #1713 ),
 ( #315, #1563, #792 ),
 ( #1930, #1171, #668 ),
 ( #1611, #85, #1784 ),
 ( #550, #1314, #1642 ),
 ( #1764, #1141, #526 ),
 ( #679, #1019, #700 ),
 ( #1163, #845, #384 ),
 ( #403, #1029, #217 ) ),
 .UNSPECIFIED., .F., .F., .T. ) 
 B_SPLINE_SURFACE_WITH_KNOTS ( ( 4, 2, 2, 2, 2, 2, 2, 2, 2, 2, 2, 2, 2, 2, 4 ),
 ( 3, 3 ),
 ( 0.008180226198657063533, 0.01022116421622573310, 0.01226210223379440439, 0.01634397826893174352, 0.02042585430406908265, 0.02246679232163775394, 0.02450773033920642524, 0.02654866835677509307, 0.02858960637434376437, 0.03063054439191243566, 0.03267148240948110349, 0.03675335844461844609, 0.03879429646218711392, 0.03981476547097145130, 0.04083523447975578868 ),
 ( 0.000000000000000000, 1.000000000000000000 ),
 .UNSPECIFIED. ) 
 GEOMETRIC_REPRESENTATION_ITEM ( )  RATIONAL_B_SPLINE_SURFACE ( (
 ( 1.000000000000000000, 0.6793413936311399892, 1.000000000000000000),
 ( 1.000000000000000000, 0.6982063654036347877, 1.000000000000000000),
 ( 1.000000000000000000, 0.7155435322319975144, 1.000000000000000000),
 ( 1.000000000000000000, 0.7477081785056619578, 1.000000000000000000),
 ( 1.000000000000000000, 0.7625342127310457130, 1.000000000000000000),
 ( 1.000000000000000000, 0.8037896515794444863, 1.000000000000000000),
 ( 1.000000000000000000, 0.8270359090520532641, 1.000000000000000000),
 ( 1.000000000000000000, 0.8666711878307541417, 1.000000000000000000),
 ( 1.000000000000000000, 0.8830743926680180156, 1.000000000000000000),
 ( 1.000000000000000000, 0.9029334764970828875, 1.000000000000000000),
 ( 1.000000000000000000, 0.9087230606362229901, 1.000000000000000000),
 ( 1.000000000000000000, 0.9187250828635525890, 1.000000000000000000),
 ( 1.000000000000000000, 0.9229728422645555597, 1.000000000000000000),
 ( 1.000000000000000000, 0.9299153674210887122, 1.000000000000000000),
 ( 1.000000000000000000, 0.9325811096640107545, 1.000000000000000000),
 ( 1.000000000000000000, 0.9358022700173876940, 1.000000000000000000),
 ( 1.000000000000000000, 0.9363193245374528129, 1.000000000000000000),
 ( 1.000000000000000000, 0.9341453922000237942, 1.000000000000000000),
 ( 1.000000000000000000, 0.9314656714161582141, 1.000000000000000000),
 ( 1.000000000000000000, 0.9230133482736215811, 1.000000000000000000),
 ( 1.000000000000000000, 0.9172583263089864047, 1.000000000000000000),
 ( 1.000000000000000000, 0.8950289181692352436, 1.000000000000000000),
 ( 1.000000000000000000, 0.8736924908537325729, 1.000000000000000000),
 ( 1.000000000000000000, 0.8289069807499855891, 1.000000000000000000),
 ( 1.000000000000000000, 0.8118065479381354477, 1.000000000000000000),
 ( 1.000000000000000000, 0.7820744786142103111, 1.000000000000000000),
 ( 1.000000000000000000, 0.7714860851253781959, 1.000000000000000000),
 ( 1.000000000000000000, 0.7486373743548393467, 1.000000000000000000),
 ( 1.000000000000000000, 0.7363810562582274732, 1.000000000000000000),
 ( 1.000000000000000000, 0.7231005077467513864, 1.000000000000000000) ) ) 
 REPRESENTATION_ITEM ( '' )  SURFACE ( )  );
#802 = CARTESIAN_POINT ( 'NONE',  ( 0.000000000000000000, 0.000000000000000000, 90.00000000000000000 ) ) ;
#803 = CARTESIAN_POINT ( 'NONE',  ( 12.00154162688856552, 3.065507059015419422, 16.24932056963432814 ) ) ;
#804 = CARTESIAN_POINT ( 'NONE',  ( -14.91060765854676262, -0.5004887487136797652, 18.54024699099054629 ) ) ;
#805 = CARTESIAN_POINT ( 'NONE',  ( -14.83554844955821395, 0.7485201385291134768, 18.24873649403404485 ) ) ;
#806 = CARTESIAN_POINT ( 'NONE',  ( -7.516240246024438854, -0.5915099670054159153, 35.00128961296818630 ) ) ;
#807 = LINE ( 'NONE', #33, #1178 ) ;
#808 = CARTESIAN_POINT ( 'NONE',  ( 22.40648876539349388, 0.8856665015126576890, 18.57885391319988599 ) ) ;
#809 = CARTESIAN_POINT ( 'NONE',  ( 20.95921964317870945, 7.516802110488439936, 90.00000000000001421 ) ) ;
#810 = CARTESIAN_POINT ( 'NONE',  ( 18.33316254772521958, 6.432567840390149172, 74.99812684822460085 ) ) ;
#811 = CARTESIAN_POINT ( 'NONE',  ( 7.632378118841808501, -2.106408793429551007, 15.40000000000000568 ) ) ;
#812 = CARTESIAN_POINT ( 'NONE',  ( -23.60645448154284765, -9.215677299193766103, 3.201745283518916629 ) ) ;
#813 = CARTESIAN_POINT ( 'NONE',  ( -4.751778535333428977, 4.900000000000062528, 15.39999999999993996 ) ) ;
#814 = ADVANCED_FACE ( 'NONE', ( #1907 ), #1971, .T. ) ;
#815 = CARTESIAN_POINT ( 'NONE',  ( -17.31490642081326214, 2.517860980856883479, 15.40000000000000036 ) ) ;
#816 = CARTESIAN_POINT ( 'NONE',  ( -10.13206049468327485, -3.997728589199740945, 95.00000000000011369 ) ) ;
#817 = CARTESIAN_POINT ( 'NONE',  ( -14.96616383648133031, 0.8315521945510579993, 15.39999999999958291 ) ) ;
#818 = CARTESIAN_POINT ( 'NONE',  ( 18.37542181190555013, 1.980717125625929276, 18.63097162538986851 ) ) ;
#819 = VECTOR ( 'NONE', #124, 1000.000000000000000 ) ;
#820 = CARTESIAN_POINT ( 'NONE',  ( 0.7630143079844796672, 0.9763226567245257836, 90.00000000000000000 ) ) ;
#821 = CARTESIAN_POINT ( 'NONE',  ( 15.17977212083630967, 0.6282461179282121666, 14.99999999999996803 ) ) ;
#822 = CARTESIAN_POINT ( 'NONE',  ( 22.15008546727356276, 0.5057020793283284466, 18.10949426177005961 ) ) ;
#823 = EDGE_LOOP ( 'NONE', ( #435, #1988, #853, #888, #1805, #502 ) ) ;
#824 = CARTESIAN_POINT ( 'NONE',  ( -14.00537426580509148, -3.278648473711460731, 88.33549507451148486 ) ) ;
#825 = CARTESIAN_POINT ( 'NONE',  ( 18.35594282030105617, 4.900000000000000355, 15.40000000000000746 ) ) ;
#826 = EDGE_CURVE ( 'NONE', #548, #712, #87, .T. ) ;
#827 = CARTESIAN_POINT ( 'NONE',  ( -16.71829861988653221, 3.081880179907121153, 15.40000000000000746 ) ) ;
#828 = CARTESIAN_POINT ( 'NONE',  ( -8.425955286806537714, -2.320987417629011063, 74.99656934133459174 ) ) ;
#829 = CARTESIAN_POINT ( 'NONE',  ( -14.48764024549159934, 4.399867762547538419, 15.40000000000001101 ) ) ;
#830 = B_SPLINE_CURVE_WITH_KNOTS ( 'NONE', 3,
 ( #1505, #1545, #455, #1060, #1704, #765, #1525 ),
 .UNSPECIFIED., .F., .F.,
 ( 4, 1, 1, 1, 4 ),
 ( 0.06249631305230109179, 0.2500028672613191505, 0.5000635918223395038, 0.7500501952314031495, 0.9552515272660931922 ),
 .UNSPECIFIED. ) ;
#831 = CARTESIAN_POINT ( 'NONE',  ( 21.50010886098993979, 1.230573590581874655, 18.67046299412756838 ) ) ;
#832 = CARTESIAN_POINT ( 'NONE',  ( 22.44689466228572527, 4.485557225394937397, 55.00356387705242867 ) ) ;
#833 = CARTESIAN_POINT ( 'NONE',  ( 21.04500362744349928, 0.5748493930948701536, 18.12454067186165574 ) ) ;
#834 = ORIENTED_EDGE ( 'NONE', *, *, #925, .T. ) ;
#835 = CARTESIAN_POINT ( 'NONE',  ( -11.15926538218317887, 2.345655269688529110, 21.66713973123515302 ) ) ;
#836 = CARTESIAN_POINT ( 'NONE',  ( -6.904486876237134751, 0.03865062392421151488, 18.48860746020100265 ) ) ;
#837 = CARTESIAN_POINT ( 'NONE',  ( -16.10956082140185330, 2.365532945462263559, 15.54426673319686536 ) ) ;
#838 = DIRECTION ( 'NONE',  ( 0.4226182617407002740, 0.9063077870366496036, 0.000000000000000000 ) ) ;
#839 = CARTESIAN_POINT ( 'NONE',  ( -14.77560422269749019, 4.263182842409463547, 15.40000000000000746 ) ) ;
#840 = CARTESIAN_POINT ( 'NONE',  ( 18.32107936662407255, 1.737212394273893512, 15.40000000000001279 ) ) ;
#841 = CARTESIAN_POINT ( 'NONE',  ( 20.80851377418713355, 7.823691397188616392, 95.00000000000000000 ) ) ;
#842 = CARTESIAN_POINT ( 'NONE',  ( 19.07094930277787270, 0.4563955456309254366, 15.40000000000000036 ) ) ;
#843 = ORIENTED_EDGE ( 'NONE', *, *, #1234, .T. ) ;
#844 = CARTESIAN_POINT ( 'NONE',  ( -13.36147310501582552, 1.436965249381545240, 21.66724897304337105 ) ) ;
#845 = CARTESIAN_POINT ( 'NONE',  ( -12.02520306165814645, 2.318571497616562116, 15.51008907126028546 ) ) ;
#846 = CARTESIAN_POINT ( 'NONE',  ( -7.266706629924060579, 3.537404208619185919, 17.88624169273054321 ) ) ;
#847 = CARTESIAN_POINT ( 'NONE',  ( 19.67164791160203308, 1.685507173364829248, 18.64704411284676411 ) ) ;
#848 = CARTESIAN_POINT ( 'NONE',  ( -14.49721177378705050, 0.9860454839344867661, 18.24399819983994320 ) ) ;
#849 = CARTESIAN_POINT ( 'NONE',  ( -15.25367120317746128, -3.589754444259180222, 15.40000000000000391 ) ) ;
#850 = EDGE_CURVE ( 'NONE', #1139, #1212, #1021, .T. ) ;
#851 = CARTESIAN_POINT ( 'NONE',  ( 22.34660205322221671, 0.8438253780432580786, 21.66665889403930834 ) ) ;
#852 = CARTESIAN_POINT ( 'NONE',  ( 20.76216841177487993, 0.3433436207137682272, 15.40000000000000568 ) ) ;
#853 = ORIENTED_EDGE ( 'NONE', *, *, #574, .F. ) ;
#854 = VECTOR ( 'NONE', #447, 1000.000000000000000 ) ;
#855 = CARTESIAN_POINT ( 'NONE',  ( -14.64809220182501193, -1.564098079708653222, 55.00424288566726005 ) ) ;
#856 = LINE ( 'NONE', #73, #77 ) ;
#857 = CARTESIAN_POINT ( 'NONE',  ( -14.39591722948312835, -3.496070916205712198, 85.00078752402070847 ) ) ;
#858 = CARTESIAN_POINT ( 'NONE',  ( -14.50819125487715411, -0.8500313684835526518, 21.66676183993638460 ) ) ;
#859 = ORIENTED_EDGE ( 'NONE', *, *, #1, .F. ) ;
#860 = CARTESIAN_POINT ( 'NONE',  ( 21.25724962073889657, 1.292818373038902902, 18.66709205401240368 ) ) ;
#861 = CARTESIAN_POINT ( 'NONE',  ( 21.74609792120612894, 2.120193474852777094, 35.00135773239844639 ) ) ;
#862 = CARTESIAN_POINT ( 'NONE',  ( 21.74281833597461144, -2.460969669448883401, 15.40000000000000924 ) ) ;
#863 = CARTESIAN_POINT ( 'NONE',  ( -14.04891863733259783, -2.334136379638544589, 74.99558811045365303 ) ) ;
#864 = CARTESIAN_POINT ( 'NONE',  ( -14.43187666362351074, -0.6715108370345943545, 18.58003725159927555 ) ) ;
#865 = CARTESIAN_POINT ( 'NONE',  ( 12.01483636958425905, 3.165101029700144508, 18.29669470386221164 ) ) ;
#866 = CARTESIAN_POINT ( 'NONE',  ( 22.32447066252766632, 0.9992029257325520941, 18.67011031093817408 ) ) ;
#867 = ORIENTED_EDGE ( 'NONE', *, *, #243, .T. ) ;
#868 = CARTESIAN_POINT ( 'NONE',  ( -13.31104971445376428, 4.900000000000000355, 15.40000000000000036 ) ) ;
#869 = CARTESIAN_POINT ( 'NONE',  ( -5.158733050875412118, -1.573814242577803890, 95.00000000000019895 ) ) ;
#870 = CARTESIAN_POINT ( 'NONE',  ( 22.15481613609973621, 0.5054393825324099421, 18.10971766404014716 ) ) ;
#871 = CARTESIAN_POINT ( 'NONE',  ( -6.332765018104606014, 2.783197077562898247, 55.00397810060451320 ) ) ;
#872 = CARTESIAN_POINT ( 'NONE',  ( -14.33304887517895665, -0.6796271892551845051, 18.57944375189440223 ) ) ;
#873 = EDGE_CURVE ( 'NONE', #1634, #976, #1551, .T. ) ;
#874 = CARTESIAN_POINT ( 'NONE',  ( 19.02691210936711741, 4.900000000000000355, 15.40000000000000036 ) ) ;
#875 = CARTESIAN_POINT ( 'NONE',  ( -13.03178835624988885, -4.835859330824488822, 88.33286294021095841 ) ) ;
#876 = ORIENTED_EDGE ( 'NONE', *, *, #131, .T. ) ;
#877 = CARTESIAN_POINT ( 'NONE',  ( -18.02222154750663563, -1.044916933742295662, 15.40000000000000213 ) ) ;
#878 =( BOUNDED_CURVE ( )  B_SPLINE_CURVE ( 3, ( #1024, #1033, #1957, #398 ),
 .UNSPECIFIED., .F., .F. ) 
 B_SPLINE_CURVE_WITH_KNOTS ( ( 4, 4 ),
 ( 2.356194490192347057, 3.735004599267871317 ),
 .UNSPECIFIED. ) 
 CURVE ( )  GEOMETRIC_REPRESENTATION_ITEM ( )  RATIONAL_B_SPLINE_CURVE ( ( 1.000000000000000000, 0.8477497222584791103, 0.8477497222584791103, 1.000000000000000000 ) ) 
 REPRESENTATION_ITEM ( '' )  );
#879 = CARTESIAN_POINT ( 'NONE',  ( 6.305964981247115908, 1.318649186843167564, 35.00140051440804712 ) ) ;
#880 = CARTESIAN_POINT ( 'NONE',  ( 22.16707429806188401, 0.2453692096519624333, 15.39999999999997904 ) ) ;
#881 = CARTESIAN_POINT ( 'NONE',  ( -8.349545300179347151, 2.731833278897687123, 35.00103948570803425 ) ) ;
#882 = CARTESIAN_POINT ( 'NONE',  ( -14.33045744659937526, -0.6792289918607281596, 18.57944802165919995 ) ) ;
#883 = CARTESIAN_POINT ( 'NONE',  ( -15.05279016998836283, -0.3745281292885718205, 18.50939362856691517 ) ) ;
#884 = LINE ( 'NONE', #2019, #268 ) ;
#885 = PLANE ( 'NONE',  #1403 ) ;
#886 = AXIS2_PLACEMENT_3D ( 'NONE', #912, #1070, #1523 ) ;
#887 = EDGE_CURVE ( 'NONE', #523, #239, #1975, .T. ) ;
#888 = ORIENTED_EDGE ( 'NONE', *, *, #448, .T. ) ;
#889 = DIRECTION ( 'NONE',  ( 1.000000000000000000, 0.000000000000000000, 0.000000000000000000 ) ) ;
#890 = CARTESIAN_POINT ( 'NONE',  ( -0.8555292167181631768, 0.6201632636826304168, 15.00000000000000178 ) ) ;
#891 = CARTESIAN_POINT ( 'NONE',  ( 22.14561487426724185, 0.2428535697585294528, 15.40000000000002700 ) ) ;
#892 = CARTESIAN_POINT ( 'NONE',  ( -1.224665423574167855, 4.148227233965100957, 21.66714340826391094 ) ) ;
#893 = CARTESIAN_POINT ( 'NONE',  ( -14.46195625696653408, -0.6675208020872577253, 18.58023873438889240 ) ) ;
#894 = PERSON_AND_ORGANIZATION_ROLE ( 'creator' ) ;
#895 = FACE_OUTER_BOUND ( 'NONE', #1281, .T. ) ;
#896 = CARTESIAN_POINT ( 'NONE',  ( 17.72478494659731751, 2.125275130618032193, 18.62284120422302891 ) ) ;
#897 = ORIENTED_EDGE ( 'NONE', *, *, #1543, .F. ) ;
#898 = DIRECTION ( 'NONE',  ( -0.9759912059102994197, 0.2178099308703797810, 4.424506404470108807E-13 ) ) ;
#899 = CARTESIAN_POINT ( 'NONE',  ( -4.200704576111006894, 0.2724007888587289261, 21.66661295247052621 ) ) ;
#900 = CARTESIAN_POINT ( 'NONE',  ( 21.98569231440431793, -2.475695961014756197, 15.39999999999998437 ) ) ;
#901 = CARTESIAN_POINT ( 'NONE',  ( 3.497936724726067315, 4.006692902287202429, 14.99999999999999289 ) ) ;
#902 = CARTESIAN_POINT ( 'NONE',  ( -14.44246312378721342, -0.4770989532427417634, 15.39999999999996483 ) ) ;
#903 = DIRECTION ( 'NONE',  ( 0.000000000000000000, 0.7071067811865463515, 0.7071067811865487940 ) ) ;
#904 = CARTESIAN_POINT ( 'NONE',  ( 23.46754145397277824, 3.765464456952089201, 15.40000000000001279 ) ) ;
#905 = CARTESIAN_POINT ( 'NONE',  ( 16.33153492651544525, -2.184797805141132088, 15.40000000000000924 ) ) ;
#906 = EDGE_LOOP ( 'NONE', ( #372, #694, #743, #1161 ) ) ;
#907 = CARTESIAN_POINT ( 'NONE',  ( -14.87873578686971854, -3.634113282118748067, 18.39999999999999858 ) ) ;
#908 = CARTESIAN_POINT ( 'NONE',  ( -9.981210742828313442, -0.1978682303957962074, 14.99999999999999467 ) ) ;
#909 = CARTESIAN_POINT ( 'NONE',  ( 25.36099161379178923, 0.1122584472103383968, 15.40000000000000746 ) ) ;
#910 = CARTESIAN_POINT ( 'NONE',  ( -4.296785068218314407, 2.888059800532170041, 88.33362335729469805 ) ) ;
#911 = CARTESIAN_POINT ( 'NONE',  ( -14.73466833826859457, -0.6359163500449089845, 18.58417580101452060 ) ) ;
#912 = CARTESIAN_POINT ( 'NONE',  ( 0.000000000000000000, 0.000000000000000000, 0.000000000000000000 ) ) ;
#913 = LINE ( 'NONE', #1986, #819 ) ;
#914 = CARTESIAN_POINT ( 'NONE',  ( -14.88740207982141150, 0.7100178970662972544, 18.24790260451939972 ) ) ;
#915 = VERTEX_POINT ( 'NONE', #1653 ) ;
#916 = VECTOR ( 'NONE', #838, 1000.000000000000227 ) ;
#917 = PLANE ( 'NONE',  #1933 ) ;
#918 = CARTESIAN_POINT ( 'NONE',  ( 23.05320311930598720, 3.909028664640153750, 15.40000000000002700 ) ) ;
#919 = CARTESIAN_POINT ( 'NONE',  ( 15.37948300475595964, 2.810738431293508199, 21.66775018104751283 ) ) ;
#920 = CARTESIAN_POINT ( 'NONE',  ( -15.18660904265594702, 0.2057730276725081853, 18.36629730157944351 ) ) ;
#921 = CARTESIAN_POINT ( 'NONE',  ( -14.38098183178388467, -3.676910314042648675, 15.40000000000002167 ) ) ;
#922 = APPROVAL ( #1105, 'UNSPECIFIED' ) ;
#923 = CARTESIAN_POINT ( 'NONE',  ( 22.57788553010095711, -2.454902267979943264, 15.40000000000000213 ) ) ;
#924 = DIRECTION ( 'NONE',  ( 0.000000000000000000, 0.000000000000000000, -1.000000000000000000 ) ) ;
#925 = EDGE_CURVE ( 'NONE', #976, #353, #1925, .T. ) ;
#926 = EDGE_LOOP ( 'NONE', ( #105, #126, #654, #562 ) ) ;
#927 = CARTESIAN_POINT ( 'NONE',  ( -18.03066427153836315, 1.204759924647674785, 15.40000000000000036 ) ) ;
#928 = LINE ( 'NONE', #1697, #331 ) ;
#929 = CARTESIAN_POINT ( 'NONE',  ( -15.20567077708474280, 0.4195942149252687159, 15.40000000000259917 ) ) ;
#930 = CARTESIAN_POINT ( 'NONE',  ( 22.16737240924635444, 0.7364268441065359161, 15.40000000000000746 ) ) ;
#931 = CARTESIAN_POINT ( 'NONE',  ( 13.65263151042473844, 7.072399729323352702, 88.33091701278237906 ) ) ;
#932 = CARTESIAN_POINT ( 'NONE',  ( 15.97299879888432272, 0.8157227360193339827, 18.18909870744582946 ) ) ;
#933 = CARTESIAN_POINT ( 'NONE',  ( -15.04023902309303296, -0.4610650245966269045, 35.00081722479205837 ) ) ;
#934 = CARTESIAN_POINT ( 'NONE',  ( 11.84737252775362748, 3.190405770239931105, 18.28298010826418363 ) ) ;
#935 = EDGE_CURVE ( 'NONE', #1597, #1183, #830, .T. ) ;
#936 = CARTESIAN_POINT ( 'NONE',  ( -14.96738146306187645, -0.4502088475167883019, 18.52793121972077728 ) ) ;
#937 = CARTESIAN_POINT ( 'NONE',  ( -14.97869974377888092, 0.8204641074219185537, 15.40000000000013713 ) ) ;
#938 = CARTESIAN_POINT ( 'NONE',  ( -14.88192066510601386, 0.5011086777792616020, 21.66727589865143955 ) ) ;
#939 = CARTESIAN_POINT ( 'NONE',  ( 22.25081967774602631, 1.031844682804337499, 18.67949147084632244 ) ) ;
#940 = CARTESIAN_POINT ( 'NONE',  ( -10.64844809709217799, -3.977748275383988563, 90.00000000000005684 ) ) ;
#941 = CARTESIAN_POINT ( 'NONE',  ( 17.80022230925013460, 7.999937434406537484, 95.00000000000001421 ) ) ;
#942 = CARTESIAN_POINT ( 'NONE',  ( -10.39934248316976273, -3.419466881595518704, 15.39999999999998082 ) ) ;
#943 = SHAPE_DEFINITION_REPRESENTATION ( #2024, #1143 ) ;
#944 = CARTESIAN_POINT ( 'NONE',  ( -14.45378948920532203, -4.008012242541058257, 90.00000000000751754 ) ) ;
#945 = CARTESIAN_POINT ( 'NONE',  ( -6.300728544016406474, 3.704886042463213958, 17.76052697109841105 ) ) ;
#946 = CARTESIAN_POINT ( 'NONE',  ( -15.11997947784831631, 0.4255001980055427291, 18.31389332068082254 ) ) ;
#947 = CARTESIAN_POINT ( 'NONE',  ( -10.82121121721475099, -4.326572392118681165, 95.00000000000002842 ) ) ;
#948 = LINE ( 'NONE', #1846, #1637 ) ;
#949 = CC_DESIGN_PERSON_AND_ORGANIZATION_ASSIGNMENT ( #1280, #633, ( #459 ) ) ;
#950 = CARTESIAN_POINT ( 'NONE',  ( 22.25753484573754548, 1.029893602118916229, 18.67962998607766778 ) ) ;
#951 = CARTESIAN_POINT ( 'NONE',  ( -3.973679267661450965, 3.012104108199044727, 90.00000000000002842 ) ) ;
#952 = CARTESIAN_POINT ( 'NONE',  ( 5.916411353300502718, 4.300404199062480615, 35.00102622106220451 ) ) ;
#953 = CARTESIAN_POINT ( 'NONE',  ( -4.355029028516947953, 0.3166404324479819565, 18.45514948711119985 ) ) ;
#954 = CARTESIAN_POINT ( 'NONE',  ( -15.24706348487610441, -0.6095832661659440488, 35.00073396980320695 ) ) ;
#955 = CARTESIAN_POINT ( 'NONE',  ( 17.07309187373126491, 2.262092616198516204, 18.60356884352344764 ) ) ;
#956 = CARTESIAN_POINT ( 'NONE',  ( -17.96958809845664717, -1.199402848734596461, 15.39999999999998970 ) ) ;
#957 = CARTESIAN_POINT ( 'NONE',  ( -15.19567860048550223, 0.4614605467551698426, 15.39999999999983515 ) ) ;
#958 = CARTESIAN_POINT ( 'NONE',  ( -10.68845206043494045, -2.181910949546836065, 55.00385598959213240 ) ) ;
#959 = DIRECTION ( 'NONE',  ( 0.000000000000000000, -0.000000000000000000, 1.000000000000000000 ) ) ;
#960 = CARTESIAN_POINT ( 'NONE',  ( 22.28812981845148400, 1.017947731163303171, 18.67718137693243108 ) ) ;
#961 = ADVANCED_FACE ( 'NONE', ( #1683 ), #885, .T. ) ;
#962 = CARTESIAN_POINT ( 'NONE',  ( -3.574763813212436858, -0.7420272513618155763, 89.99999999999998579 ) ) ;
#963 = CARTESIAN_POINT ( 'NONE',  ( 6.662423113474148728, 5.959933727252319180, 88.33217464546775943 ) ) ;
#964 = CARTESIAN_POINT ( 'NONE',  ( -1.343023648591942454, 0.5709680098181461050, 18.41568708456745185 ) ) ;
#965 = DATE_AND_TIME ( #1411, #238 ) ;
#966 = CARTESIAN_POINT ( 'NONE',  ( -14.81681592244155254, -4.335430666098594621, 88.33728523316720782 ) ) ;
#967 = CARTESIAN_POINT ( 'NONE',  ( -4.569513140823611153, 3.946540786095285913, 16.27122483882106962 ) ) ;
#968 = CARTESIAN_POINT ( 'NONE',  ( -16.77453706770426933, 3.038233389981595867, 15.40000000000000746 ) ) ;
#969 = CARTESIAN_POINT ( 'NONE',  ( -12.68346600376908917, -3.904458538158120717, 74.99665000117983027 ) ) ;
#970 = CARTESIAN_POINT ( 'NONE',  ( -14.57949170383333914, 1.109190632032497792, 15.40000000000069846 ) ) ;
#971 = CARTESIAN_POINT ( 'NONE',  ( 20.14937955122846347, 1.284435558113764309, 15.40000000000006430 ) ) ;
#972 = CARTESIAN_POINT ( 'NONE',  ( 15.53169667126180720, 5.876583185376824225, 90.00000000000002842 ) ) ;
#973 = CARTESIAN_POINT ( 'NONE',  ( 15.58232099529746328, 1.957508757081265482, 35.00142563724887168 ) ) ;
#974 = CARTESIAN_POINT ( 'NONE',  ( 21.56014987073079325, -2.449785412619267078, 15.40000000000003411 ) ) ;
#975 = DATE_AND_TIME ( #780, #1017 ) ;
#976 = VERTEX_POINT ( 'NONE', #155 ) ;
#977 = CARTESIAN_POINT ( 'NONE',  ( -11.35296835146126249, -0.9521103548616798307, 88.33462598145278832 ) ) ;
#978 = CARTESIAN_POINT ( 'NONE',  ( 5.507790521265718553, 4.900000000000213518, 15.39999999999981384 ) ) ;
#979 = DIRECTION ( 'NONE',  ( -0.4226182617407001074, -0.9063077870366496036, 0.000000000000000000 ) ) ;
#980 = CARTESIAN_POINT ( 'NONE',  ( -9.750478082241741618, -1.916094395840469256, 55.00385561358240949 ) ) ;
#981 = CARTESIAN_POINT ( 'NONE',  ( -13.91225837075421445, 1.335998049264451204, 18.24569316137663932 ) ) ;
#982 = CARTESIAN_POINT ( 'NONE',  ( 19.05463313610166409, 1.561184190698663876, 15.40000000000227232 ) ) ;
#983 = CC_DESIGN_APPROVAL ( #922, ( #459 ) ) ;
#984 = CARTESIAN_POINT ( 'NONE',  ( 20.02729178263779630, 6.947151441695611496, 88.33026620519295591 ) ) ;
#985 = CARTESIAN_POINT ( 'NONE',  ( 21.24524422065217877, 0.5623414798966446249, 18.12207494841054256 ) ) ;
#986 = ORIENTED_EDGE ( 'NONE', *, *, #1326, .T. ) ;
#987 = CARTESIAN_POINT ( 'NONE',  ( -13.85734590318876869, 0.3878698638951369460, 35.00102380606980290 ) ) ;
#988 = CARTESIAN_POINT ( 'NONE',  ( 6.845329808873867883, 0.8802775082671228102, 18.30810732591477574 ) ) ;
#989 = FACE_OUTER_BOUND ( 'NONE', #1089, .T. ) ;
#990 = CARTESIAN_POINT ( 'NONE',  ( 22.37593176771614623, 0.9480397603934663797, 18.63486917145838717 ) ) ;
#991 = CARTESIAN_POINT ( 'NONE',  ( -12.72924577625285814, 1.902789255174588412, 18.25905040917640321 ) ) ;
#992 = CARTESIAN_POINT ( 'NONE',  ( 20.21493233773947296, 1.552695965200211026, 18.65370872427515891 ) ) ;
#993 = CARTESIAN_POINT ( 'NONE',  ( 21.29454305627525201, 5.967326067007980406, 74.99752567391504954 ) ) ;
#994 = CARTESIAN_POINT ( 'NONE',  ( 21.06197230306901602, -2.419129853135352004, 15.40000000000000924 ) ) ;
#995 = ORIENTED_EDGE ( 'NONE', *, *, #1534, .F. ) ;
#996 = CARTESIAN_POINT ( 'NONE',  ( -13.99429147688947772, -3.775201776610991544, 95.00000000000017053 ) ) ;
#997 = CARTESIAN_POINT ( 'NONE',  ( -13.31104971445378382, 4.900000000000074962, 18.40000000000000568 ) ) ;
#998 = CARTESIAN_POINT ( 'NONE',  ( -15.15155630041251733, 1.067831290671732658, 16.81057116692867837 ) ) ;
#999 = CARTESIAN_POINT ( 'NONE',  ( 20.64055013870459732, 1.448294534318640636, 18.65893711461719207 ) ) ;
#1000 = CARTESIAN_POINT ( 'NONE',  ( -15.34089653942735865, 3.969772272327439122, 15.39999999999998970 ) ) ;
#1001 = EDGE_CURVE ( 'NONE', #239, #382, #306, .T. ) ;
#1002 = CARTESIAN_POINT ( 'NONE',  ( -17.18531962733203855, -2.473644575595076223, 15.39999999999999325 ) ) ;
#1003 = CARTESIAN_POINT ( 'NONE',  ( 18.18865271549363527, -11.86764241465763803, 31.00000000000000711 ) ) ;
#1004 = CARTESIAN_POINT ( 'NONE',  ( 17.89928962494379050, 2.041712775981202377, 35.00140457566541130 ) ) ;
#1005 = CARTESIAN_POINT ( 'NONE',  ( 22.02423439103433722, 0.2508024503831647323, 15.39999999999997016 ) ) ;
#1006 = VERTEX_POINT ( 'NONE', #125 ) ;
#1007 = CARTESIAN_POINT ( 'NONE',  ( -12.28929363737116276, -1.667311958632538005, 88.33487493556620507 ) ) ;
#1008 = CARTESIAN_POINT ( 'NONE',  ( -2.335665700343030338, 0.5092971490836520898, 18.42873550186998699 ) ) ;
#1009 = CARTESIAN_POINT ( 'NONE',  ( 5.607627281158264587, 3.901663702068967510, 17.72114293132825225 ) ) ;
#1010 = CARTESIAN_POINT ( 'NONE',  ( -13.23295427570881522, -1.644695155167074985, 35.00133786389541513 ) ) ;
#1011 = ORIENTED_EDGE ( 'NONE', *, *, #1359, .F. ) ;
#1012 =( BOUNDED_CURVE ( )  B_SPLINE_CURVE ( 3, ( #440, #1690, #291, #1036 ),
 .UNSPECIFIED., .F., .T. ) 
 B_SPLINE_CURVE_WITH_KNOTS ( ( 4, 4 ),
 ( 5.689773361501513804, 7.068583470577032735 ),
 .UNSPECIFIED. ) 
 CURVE ( )  GEOMETRIC_REPRESENTATION_ITEM ( )  RATIONAL_B_SPLINE_CURVE ( ( 1.000000000000000000, 0.8477497222584802206, 0.8477497222584802206, 1.000000000000000000 ) ) 
 REPRESENTATION_ITEM ( '' )  );
#1013 = CARTESIAN_POINT ( 'NONE',  ( 19.72574853608318435, 1.670850905517100360, 18.64774924299685566 ) ) ;
#1014 = CARTESIAN_POINT ( 'NONE',  ( 19.96793603544982787, 0.9610339622705619256, 21.66653146779047034 ) ) ;
#1015 = CARTESIAN_POINT ( 'NONE',  ( 17.59372788057942216, 0.7553000877909261668, 18.16816270769684394 ) ) ;
#1016 = VECTOR ( 'NONE', #1096, 1000.000000000000114 ) ;
#1017 = LOCAL_TIME ( 13, 44, 7.000000000000000000, #1873 ) ;
#1018 = CARTESIAN_POINT ( 'NONE',  ( -12.32300620408903491, -2.099308579220111159, 95.00000000000000000 ) ) ;
#1019 = CARTESIAN_POINT ( 'NONE',  ( -11.76548566348785485, 2.408389106211574315, 15.60552026759846811 ) ) ;
#1020 = CARTESIAN_POINT ( 'NONE',  ( -22.84485163106081629, -7.582414715655249715, 0.000000000000000000 ) ) ;
#1021 = LINE ( 'NONE', #1156, #1535 ) ;
#1022 = ORIENTED_EDGE ( 'NONE', *, *, #1901, .F. ) ;
#1023 = APPLICATION_CONTEXT ( 'configuration controlled 3d designs of mechanical parts and assemblies' ) ;
#1024 = CARTESIAN_POINT ( 'NONE',  ( 19.50321345235650128, -9.048557817025065120, 1.466143101369821844 ) ) ;
#1025 =( BOUNDED_SURFACE ( )  B_SPLINE_SURFACE ( 3, 2, ( 
 ( #1532, #576, #1671 ),
 ( #431, #1229, #1702 ),
 ( #911, #1984, #1344 ),
 ( #274, #263, #283 ),
 ( #1199, #123, #1352 ),
 ( #2017, #1206, #1851 ),
 ( #739, #144, #1660 ),
 ( #452, #762, #1692 ),
 ( #102, #1995, #1372 ),
 ( #1973, #1361, #1383 ),
 ( #893, #902, #1038 ),
 ( #1522, #567, #596 ),
 ( #882, #411, #1078 ),
 ( #302, #729, #921 ),
 ( #585, #1219, #420 ),
 ( #717, #1830, #1811 ),
 ( #1190, #134, #1502 ),
 ( #1820, #1841, #443 ),
 ( #1069, #1258, #779 ),
 ( #17, #1710, #321 ),
 ( #1585, #472, #790 ),
 ( #1086, #37, #942 ),
 ( #1410, #172, #1095 ),
 ( #1883, #27, #1720 ),
 ( #632, #1892, #1559 ),
 ( #1751, #1542, #482 ),
 ( #953, #1237, #1104 ),
 ( #1730, #333, #1572 ),
 ( #964, #6, #182 ),
 ( #799, #653, #1128 ),
 ( #343, #1400, #770 ),
 ( #461, #1269, #1420 ),
 ( #642, #623, #492 ),
 ( #1741, #2026, #1117 ),
 ( #501, #193, #811 ),
 ( #1431, #152, #1279 ),
 ( #161, #1905, #1249 ),
 ( #1872, #352, #1393 ),
 ( #1859, #312, #612 ),
 ( #932, #1550, #1627 ),
 ( #512, #1291, #1169 ),
 ( #1015, #1915, #232 ),
 ( #1791, #1482, #664 ),
 ( #1138, #842, #1760 ),
 ( #371, #706, #1311 ),
 ( #1150, #1640, #361 ),
 ( #685, #214, #1771 ),
 ( #91, #852, #534 ),
 ( #833, #70, #676 ),
 ( #985, #1332, #994 ),
 ( #223, #1617, #1926 ),
 ( #242, #1453, #1462 ),
 ( #60, #1472, #974 ),
 ( #1607, #381, #1938 ),
 ( #82, #1160, #862 ),
 ( #521, #1781, #1959 ),
 ( #556, #1005, #1949 ),
 ( #1303, #547, #1177 ),
 ( #1800, #697, #1322 ),
 ( #390, #1595, #203 ),
 ( #822, #1443, #48 ),
 ( #1046, #1368, #1217 ),
 ( #870, #261, #900 ),
 ( #746, #1520, #1667 ),
 ( #99, #891, #429 ),
 ( #141, #1970, #726 ),
 ( #1837, #880, #1981 ),
 ( #737, #1530, #2015 ),
 ( #439, #1500, #1648 ),
 ( #1350, #565, #583 ),
 ( #110, #1818, #1658 ),
 ( #290, #1509, #760 ),
 ( #271, #1066, #1188 ),
 ( #1992, #401, #1056 ),
 ( #1035, #130, #573 ),
 ( #1197, #418, #1204 ),
 ( #715, #1341, #1491 ),
 ( #1828, #252, #1678 ),
 ( #1809, #409, #594 ),
 ( #1689, #121, #909 ),
 ( #1358, #281, #2004 ),
 ( #1381, #603, #1225 ),
 ( #1027, #1582, #168 ),
 ( #2, #1889, #1391 ),
 ( #808, #2023, #1255 ),
 ( #318, #609, #179 ),
 ( #1266, #1235, #1114 ),
 ( #639, #1707, #1076 ),
 ( #777, #1857, #14 ),
 ( #309, #1245, #1084 ),
 ( #1428, #24, #298 ),
 ( #468, #488, #458 ),
 ( #960, #1738, #1417 ),
 ( #1848, #1717, #1101 ),
 ( #1698, #1868, #340 ),
 ( #620, #629, #768 ),
 ( #950, #190, #34 ),
 ( #1092, #930, #1406 ),
 ( #1548, #649, #159 ),
 ( #939, #449, #918 ),
 ( #1880, #1398, #1556 ),
 ( #786, #1540, #479 ),
 ( #1727, #150, #329 ),
 ( #1569, #796, #683 ),
 ( #1769, #1440, #57 ),
 ( #1320, #212, #519 ),
 ( #80, #1947, #67 ),
 ( #1146, #45, #230 ),
 ( #661, #545, #509 ),
 ( #1276, #1135, #1779 ),
 ( #831, #200, #1309 ),
 ( #860, #359, #1615 ),
 ( #1451, #1167, #369 ),
 ( #1300, #1789, #1480 ),
 ( #992, #971, #221 ),
 ( #1013, #1636, #349 ),
 ( #1922, #982, #532 ),
 ( #1604, #1592, #674 ),
 ( #818, #840, #1460 ) ),
 .UNSPECIFIED., .F., .F., .T. ) 
 B_SPLINE_SURFACE_WITH_KNOTS ( ( 4, 1, 1, 1, 1, 1, 1, 1, 1, 1, 1, 1, 1, 1, 1, 1, 1, 1, 1, 1, 1, 1, 1, 1, 1, 1, 1, 1, 1, 1, 1, 1, 1, 1, 1, 1, 1, 1, 1, 1, 1, 1, 1, 1, 1, 1, 1, 1, 1, 1, 1, 1, 1, 1, 1, 1, 1, 1, 1, 1, 1, 1, 1, 1, 1, 1, 1, 1, 1, 1, 1, 1, 1, 1, 1, 1, 1, 1, 1, 1, 1, 1, 1, 1, 1, 1, 1, 1, 1, 1, 1, 1, 1, 1, 1, 1, 1, 1, 1, 1, 1, 1, 1, 1, 1, 1, 1, 1, 1, 1, 1, 1, 1, 1, 1, 1, 4 ),
 ( 3, 3 ),
 ( -0.0003045682174142117578, -0.0002048306277830732225, -0.0001050930381519279110, -5.522424333636205855E-05, -3.028984592857915945E-05, -5.355448520789429876E-06, 7.111750183108850147E-06, 1.957894888700029970E-05, 4.451334629478325301E-05, 9.438214111034910541E-05, 0.0001941197307414876407, 0.0002938573203726261760, 0.0004933324996349030839, 0.0006928076788971801545, 0.0008922828581594572251, 0.001291233216684011366, 0.001690183575208578952, 0.002089133933733132876, 0.002887034650782241158, 0.003684935367831349440, 0.004482836084880471167, 0.005280736801929593327, 0.006078637518978700742, 0.007674438953076930317, 0.009270240387175160759, 0.01086604182127339120, 0.01246184325537161991, 0.01405764468946985035, 0.01485554540651897251, 0.01565344612356807733, 0.01724924755766630777, 0.01884504899176453821, 0.02044085042586276865, 0.02203665185996099909, 0.02522825472815745651, 0.02682405616225568695, 0.02841985759635391739, 0.03001565903045214784, 0.03081355974750127000, 0.03161146046455037828, 0.03240936118159949003, 0.03320726189864860872, 0.03400516261569773435, 0.03440411297422228676, 0.03480306333274683916, 0.03520201369127139157, 0.03560096404979595092, 0.03580043922905822712, 0.03599991440832050332, 0.03619938958758279340, 0.03639886476684506961, 0.03649860235647621465, 0.03659833994610734581, 0.03669807753573849085, 0.03674794633055407378, 0.03679781512536963589, 0.03684768392018520494, 0.03687261831759298947, 0.03689755271500076705, 0.03691001991370466279, 0.03691625351305661412, 0.03692248711240855158, 0.03693495431111244037, 0.03694742150981633610, 0.03699729030463191209, 0.03709702789426305714, 0.03719676548389419524, 0.03729650307352532640, 0.03739624066315647144, 0.03759571584241874764, 0.03799466620094330005, 0.03839361655946785246, 0.03879256691799240486, 0.03919151727651696421, 0.03959046763504153049, 0.03998941799356609678, 0.04038836835209064918, 0.04118626906913976093, 0.04158521942766431334, 0.04198416978618886575, 0.04238312014471342509, 0.04278207050323799138, 0.04318102086176255766, 0.04357997122028711007, 0.04397892157881166247, 0.04437787193733622182, 0.04477682229586077423, 0.04517577265438532663, 0.04537524783364760284, 0.04557472301290987904, 0.04577419819217216912, 0.04597367337143445226, 0.04617314855069672846, 0.04627288614032787351, 0.04637262372995901855, 0.04642249252477458066, 0.04647236131959014971, 0.04649729571699793423, 0.04652223011440571182, 0.04653469731310960755, 0.04654716451181349635, 0.04657209890922129475, 0.04662196770403687074, 0.04667183649885243979, 0.04672170529366800190, 0.04677157408848357095, 0.04687131167811470212, 0.04697104926774584716, 0.04717052444700812336, 0.04736999962627039956, 0.04756947480553267577, 0.04796842516405723511, 0.04836737552258178752, 0.04876632588110633992, 0.04916527623963089233, 0.04996317695668000408, 0.05076107767372912277 ),
 ( 0.000000000000000000, 1.000000000000000000 ),
 .UNSPECIFIED. ) 
 GEOMETRIC_REPRESENTATION_ITEM ( )  RATIONAL_B_SPLINE_SURFACE ( (
 ( 1.000000000000000000, 0.6848484855216363520, 1.000000000000000000),
 ( 1.000000000000000000, 0.6849181429217870987, 1.000000000000000000),
 ( 1.000000000000000000, 0.6850576964659460533, 1.000000000000000000),
 ( 1.000000000000000000, 0.6852307696318702401, 1.000000000000000000),
 ( 1.000000000000000000, 0.6853542978211490944, 1.000000000000000000),
 ( 1.000000000000000000, 0.6854211421328436638, 1.000000000000000000),
 ( 1.000000000000000000, 0.6854716789654263787, 1.000000000000000000),
 ( 1.000000000000000000, 0.6854920091054771403, 1.000000000000000000),
 ( 1.000000000000000000, 0.6854964260404466936, 1.000000000000000000),
 ( 1.000000000000000000, 0.6855115395133144496, 1.000000000000000000),
 ( 1.000000000000000000, 0.6855364405183765886, 1.000000000000000000),
 ( 1.000000000000000000, 0.6855744387679775231, 1.000000000000000000),
 ( 1.000000000000000000, 0.6856325530768458965, 1.000000000000000000),
 ( 1.000000000000000000, 0.6857028566412748383, 1.000000000000000000),
 ( 1.000000000000000000, 0.6857788916515961120, 1.000000000000000000),
 ( 1.000000000000000000, 0.6858694591549060471, 1.000000000000000000),
 ( 1.000000000000000000, 0.6859318234845487305, 1.000000000000000000),
 ( 1.000000000000000000, 0.6861093255745006614, 1.000000000000000000),
 ( 1.000000000000000000, 0.6867535928165100501, 1.000000000000000000),
 ( 1.000000000000000000, 0.6880196578324669909, 1.000000000000000000),
 ( 1.000000000000000000, 0.6893186268333600930, 1.000000000000000000),
 ( 1.000000000000000000, 0.6904916733354513614, 1.000000000000000000),
 ( 1.000000000000000000, 0.6916814486138732621, 1.000000000000000000),
 ( 1.000000000000000000, 0.6933953016377792933, 1.000000000000000000),
 ( 1.000000000000000000, 0.6954865689962823616, 1.000000000000000000),
 ( 1.000000000000000000, 0.6980355688513244505, 1.000000000000000000),
 ( 1.000000000000000000, 0.7005787546323889448, 1.000000000000000000),
 ( 1.000000000000000000, 0.7031392559049061131, 1.000000000000000000),
 ( 1.000000000000000000, 0.7052565273607421803, 1.000000000000000000),
 ( 1.000000000000000000, 0.7069757628454953480, 1.000000000000000000),
 ( 1.000000000000000000, 0.7086624614312324599, 1.000000000000000000),
 ( 1.000000000000000000, 0.7107280897441322631, 1.000000000000000000),
 ( 1.000000000000000000, 0.7132264522838606124, 1.000000000000000000),
 ( 1.000000000000000000, 0.7156856059121042835, 1.000000000000000000),
 ( 1.000000000000000000, 0.7189876704867663726, 1.000000000000000000),
 ( 1.000000000000000000, 0.7222519593866122412, 1.000000000000000000),
 ( 1.000000000000000000, 0.7255038994789094753, 1.000000000000000000),
 ( 1.000000000000000000, 0.7279264867607735390, 1.000000000000000000),
 ( 1.000000000000000000, 0.7299488862270130385, 1.000000000000000000),
 ( 1.000000000000000000, 0.7315399411120704354, 1.000000000000000000),
 ( 1.000000000000000000, 0.7327267253489987420, 1.000000000000000000),
 ( 1.000000000000000000, 0.7339210023399136418, 1.000000000000000000),
 ( 1.000000000000000000, 0.7351474856728702489, 1.000000000000000000),
 ( 1.000000000000000000, 0.7361619745138631155, 1.000000000000000000),
 ( 1.000000000000000000, 0.7369443767126335754, 1.000000000000000000),
 ( 1.000000000000000000, 0.7375113934053978415, 1.000000000000000000),
 ( 1.000000000000000000, 0.7380494896791959247, 1.000000000000000000),
 ( 1.000000000000000000, 0.7384943417517041420, 1.000000000000000000),
 ( 1.000000000000000000, 0.7388571669773831285, 1.000000000000000000),
 ( 1.000000000000000000, 0.7391352165843287914, 1.000000000000000000),
 ( 1.000000000000000000, 0.7394215767248116800, 1.000000000000000000),
 ( 1.000000000000000000, 0.7396691874541017064, 1.000000000000000000),
 ( 1.000000000000000000, 0.7398739539847419833, 1.000000000000000000),
 ( 1.000000000000000000, 0.7400311813969736585, 1.000000000000000000),
 ( 1.000000000000000000, 0.7401656081064611481, 1.000000000000000000),
 ( 1.000000000000000000, 0.7402752026169600041, 1.000000000000000000),
 ( 1.000000000000000000, 0.7403588974062687011, 1.000000000000000000),
 ( 1.000000000000000000, 0.7404284837262893326, 1.000000000000000000),
 ( 1.000000000000000000, 0.7404873409700872822, 1.000000000000000000),
 ( 1.000000000000000000, 0.7405185320157290363, 1.000000000000000000),
 ( 1.000000000000000000, 0.7405522419453042238, 1.000000000000000000),
 ( 1.000000000000000000, 0.7405531831244072105, 1.000000000000000000),
 ( 1.000000000000000000, 0.7405271025607841340, 1.000000000000000000),
 ( 1.000000000000000000, 0.7405033953149784409, 1.000000000000000000),
 ( 1.000000000000000000, 0.7404380226066856752, 1.000000000000000000),
 ( 1.000000000000000000, 0.7402958012922038478, 1.000000000000000000),
 ( 1.000000000000000000, 0.7400554052524772608, 1.000000000000000000),
 ( 1.000000000000000000, 0.7397407290364552690, 1.000000000000000000),
 ( 1.000000000000000000, 0.7393983594359905265, 1.000000000000000000),
 ( 1.000000000000000000, 0.7389058010882595395, 1.000000000000000000),
 ( 1.000000000000000000, 0.7379497202933947841, 1.000000000000000000),
 ( 1.000000000000000000, 0.7363090866902468612, 1.000000000000000000),
 ( 1.000000000000000000, 0.7339049053972489522, 1.000000000000000000),
 ( 1.000000000000000000, 0.7311545484585799670, 1.000000000000000000),
 ( 1.000000000000000000, 0.7279990270414068432, 1.000000000000000000),
 ( 1.000000000000000000, 0.7245454131805237896, 1.000000000000000000),
 ( 1.000000000000000000, 0.7209045503309339242, 1.000000000000000000),
 ( 1.000000000000000000, 0.7157088102618974768, 1.000000000000000000),
 ( 1.000000000000000000, 0.7103530961576236535, 1.000000000000000000),
 ( 1.000000000000000000, 0.7047774572671271498, 1.000000000000000000),
 ( 1.000000000000000000, 0.7006722877196488453, 1.000000000000000000),
 ( 1.000000000000000000, 0.6966487188152772347, 1.000000000000000000),
 ( 1.000000000000000000, 0.6927393205879952554, 1.000000000000000000),
 ( 1.000000000000000000, 0.6891131048238631207, 1.000000000000000000),
 ( 1.000000000000000000, 0.6857073531668006483, 1.000000000000000000),
 ( 1.000000000000000000, 0.6826181699748393727, 1.000000000000000000),
 ( 1.000000000000000000, 0.6799257652022149268, 1.000000000000000000),
 ( 1.000000000000000000, 0.6776128004902182145, 1.000000000000000000),
 ( 1.000000000000000000, 0.6760869366635787747, 1.000000000000000000),
 ( 1.000000000000000000, 0.6751100567428012234, 1.000000000000000000),
 ( 1.000000000000000000, 0.6744984773712198178, 1.000000000000000000),
 ( 1.000000000000000000, 0.6740090499729717299, 1.000000000000000000),
 ( 1.000000000000000000, 0.6736491158095201381, 1.000000000000000000),
 ( 1.000000000000000000, 0.6734618343009380892, 1.000000000000000000),
 ( 1.000000000000000000, 0.6733768633032299888, 1.000000000000000000),
 ( 1.000000000000000000, 0.6733508283365993163, 1.000000000000000000),
 ( 1.000000000000000000, 0.6733461237153198775, 1.000000000000000000),
 ( 1.000000000000000000, 0.6733499617080682675, 1.000000000000000000),
 ( 1.000000000000000000, 0.6733569517730296772, 1.000000000000000000),
 ( 1.000000000000000000, 0.6733632661409310050, 1.000000000000000000),
 ( 1.000000000000000000, 0.6733687229845173317, 1.000000000000000000),
 ( 1.000000000000000000, 0.6733878405289402957, 1.000000000000000000),
 ( 1.000000000000000000, 0.6734156720907276128, 1.000000000000000000),
 ( 1.000000000000000000, 0.6734604415845046876, 1.000000000000000000),
 ( 1.000000000000000000, 0.6735153863135194818, 1.000000000000000000),
 ( 1.000000000000000000, 0.6735731696645405053, 1.000000000000000000),
 ( 1.000000000000000000, 0.6736531616496204133, 1.000000000000000000),
 ( 1.000000000000000000, 0.6737585886252731582, 1.000000000000000000),
 ( 1.000000000000000000, 0.6739371824999348393, 1.000000000000000000),
 ( 1.000000000000000000, 0.6741762594124035557, 1.000000000000000000),
 ( 1.000000000000000000, 0.6744797002812185083, 1.000000000000000000),
 ( 1.000000000000000000, 0.6748960917151211047, 1.000000000000000000),
 ( 1.000000000000000000, 0.6754134721007361009, 1.000000000000000000),
 ( 1.000000000000000000, 0.6759901416869282809, 1.000000000000000000),
 ( 1.000000000000000000, 0.6765466088432492420, 1.000000000000000000),
 ( 1.000000000000000000, 0.6772803676167522546, 1.000000000000000000),
 ( 1.000000000000000000, 0.6782120066148112913, 1.000000000000000000),
 ( 1.000000000000000000, 0.6789643867510303243, 1.000000000000000000),
 ( 1.000000000000000000, 0.6793413936318697388, 1.000000000000000000) ) ) 
 REPRESENTATION_ITEM ( '' )  SURFACE ( )  );
#1026 = CARTESIAN_POINT ( 'NONE',  ( 12.88848271308338944, 0.7069601411722494788, 15.00000000000005329 ) ) ;
#1027 = CARTESIAN_POINT ( 'NONE',  ( 22.42148304635376022, 0.8225833746617180475, 18.52070190706498920 ) ) ;
#1028 = CARTESIAN_POINT ( 'NONE',  ( 1.895448902550941117, 4.955248305968440903, 95.00000000000000000 ) ) ;
#1029 = CARTESIAN_POINT ( 'NONE',  ( -12.26373285377717792, 2.232477577822764570, 15.40000000000008207 ) ) ;
#1030 = CARTESIAN_POINT ( 'NONE',  ( -9.136817069607756636, 3.100086720384764405, 18.08850854058783852 ) ) ;
#1031 = CARTESIAN_POINT ( 'NONE',  ( 22.28933462238425633, 0.5399863159114488553, 18.18583680151623838 ) ) ;
#1032 = ORIENTED_EDGE ( 'NONE', *, *, #1928, .F. ) ;
#1033 = CARTESIAN_POINT ( 'NONE',  ( 19.27715390746032753, -9.533344075502137471, 1.950929359846897082 ) ) ;
#1034 = CARTESIAN_POINT ( 'NONE',  ( -0.9830728667173443958, 0.3322855086601629870, 88.33320514429500747 ) ) ;
#1035 = CARTESIAN_POINT ( 'NONE',  ( 22.31885750904278964, 0.5629832939430882144, 18.22012669352638170 ) ) ;
#1036 = CARTESIAN_POINT ( 'NONE',  ( 27.94203706303065715, 9.048557817025065120, 1.466143101369821844 ) ) ;
#1037 = CARTESIAN_POINT ( 'NONE',  ( -7.963019039965095303, 0.9529596778184146189, 95.00000000000005684 ) ) ;
#1038 = CARTESIAN_POINT ( 'NONE',  ( -14.76694549998026673, -3.646589937420602112, 15.39999999999995239 ) ) ;
#1039 = EDGE_CURVE ( 'NONE', #1082, #239, #773, .T. ) ;
#1040 = DIRECTION ( 'NONE',  ( -0.000000000000000000, 0.8290375725550388486, 0.5591929034707511237 ) ) ;
#1041 = CARTESIAN_POINT ( 'NONE',  ( 24.75973825107961801, 2.769056320901229107, 15.40000000000004299 ) ) ;
#1042 = FACE_OUTER_BOUND ( 'NONE', #387, .T. ) ;
#1043 = ORIENTED_EDGE ( 'NONE', *, *, #1874, .T. ) ;
#1044 = CARTESIAN_POINT ( 'NONE',  ( -17.91729394040395462, 1.520969806917424005, 15.40000000000000391 ) ) ;
#1045 = CARTESIAN_POINT ( 'NONE',  ( 6.014545155042820390, 0.7712707361479113066, 14.99999999999995914 ) ) ;
#1046 = CARTESIAN_POINT ( 'NONE',  ( 22.15536145139342494, 0.5053827615345769519, 18.10948589806331910 ) ) ;
#1047 = CARTESIAN_POINT ( 'NONE',  ( -6.578381729505733411, 2.211998961622339444, 74.99630769700468136 ) ) ;
#1048 = FACE_OUTER_BOUND ( 'NONE', #156, .T. ) ;
#1049 = APPROVAL_DATE_TIME ( #421, #1259 ) ;
#1050 = APPROVAL_PERSON_ORGANIZATION ( #1996, #1433, #1831 ) ;
#1051 = LINE ( 'NONE', #568, #1110 ) ;
#1052 = CARTESIAN_POINT ( 'NONE',  ( -12.91536817613654264, -3.660643662761816408, 15.39999999999999503 ) ) ;
#1053 = VERTEX_POINT ( 'NONE', #1844 ) ;
#1054 = CARTESIAN_POINT ( 'NONE',  ( -14.58224143430928166, -2.875641822398490088, 55.00385909664166917 ) ) ;
#1055 = CARTESIAN_POINT ( 'NONE',  ( -4.120446407643848730, -0.3174891629797303438, 55.00383596597252733 ) ) ;
#1056 = CARTESIAN_POINT ( 'NONE',  ( 23.77046405203973833, -2.067062064002219035, 15.40000000000001101 ) ) ;
#1057 = CARTESIAN_POINT ( 'NONE',  ( 3.541973411815757977, 4.106974009220686561, 21.66722886022289174 ) ) ;
#1058 = CARTESIAN_POINT ( 'NONE',  ( -15.16641165307634509, -0.02038436146937614574, 15.39999999999868763 ) ) ;
#1059 = CARTESIAN_POINT ( 'NONE',  ( 23.08559668738000070, 3.900339458101673262, 15.40000000000000213 ) ) ;
#1060 = CARTESIAN_POINT ( 'NONE',  ( -14.30533974575840439, -2.907946199031602230, 55.00379752377893539 ) ) ;
#1061 = ORIENTED_EDGE ( 'NONE', *, *, #1847, .F. ) ;
#1062 = CARTESIAN_POINT ( 'NONE',  ( -14.73501710508847573, -0.4218687344722372723, 15.40000000000097025 ) ) ;
#1063 = DIRECTION ( 'NONE',  ( 0.1174911565687177112, 0.9930739288331684733, 0.000000000000000000 ) ) ;
#1064 = EDGE_CURVE ( 'NONE', #774, #544, #1605, .T. ) ;
#1065 = CARTESIAN_POINT ( 'NONE',  ( -0.7565542958806972251, 0.6074436839686361278, 21.66655353432170728 ) ) ;
#1066 = CARTESIAN_POINT ( 'NONE',  ( 22.35017399036678043, 0.3312504297406773657, 15.39999999999995950 ) ) ;
#1067 = CARTESIAN_POINT ( 'NONE',  ( -14.35589866523845792, -3.880438215886829578, 90.00000000001503508 ) ) ;
#1068 = CARTESIAN_POINT ( 'NONE',  ( -9.455633140766165567, 2.886524698643450293, 21.66713964268714676 ) ) ;
#1069 = CARTESIAN_POINT ( 'NONE',  ( -12.86294493689591611, -0.6551858377764492314, 18.57021872003705809 ) ) ;
#1070 = DIRECTION ( 'NONE',  ( 0.000000000000000000, 0.000000000000000000, 1.000000000000000000 ) ) ;
#1071 = CARTESIAN_POINT ( 'NONE',  ( -26.00000000000000000, 7.582414715655247939, 0.000000000000000000 ) ) ;
#1072 = CARTESIAN_POINT ( 'NONE',  ( -10.96905071100321116, -3.486012183296545164, 15.40000000000000213 ) ) ;
#1073 = ORIENTED_EDGE ( 'NONE', *, *, #313, .T. ) ;
#1074 = FACE_OUTER_BOUND ( 'NONE', #926, .T. ) ;
#1075 = PRODUCT_RELATED_PRODUCT_CATEGORY ( 'detail', '', ( #1503 ) ) ;
#1076 = CARTESIAN_POINT ( 'NONE',  ( 24.51967595100041564, 3.042872021253359538, 15.39999999999993463 ) ) ;
#1077 = CARTESIAN_POINT ( 'NONE',  ( 22.17412170058727483, 2.586225535915136930, 35.00073029278946279 ) ) ;
#1078 = CARTESIAN_POINT ( 'NONE',  ( -14.54860256420828435, -3.666102127045103742, 15.39999999999998259 ) ) ;
#1079 = PLANE ( 'NONE',  #527 ) ;
#1080 = CARTESIAN_POINT ( 'NONE',  ( -23.52852538718068232, -9.048557817025065120, 1.466143101369821844 ) ) ;
#1081 = CARTESIAN_POINT ( 'NONE',  ( 11.64007890787132737, -2.087455060359862724, 15.40000000000001279 ) ) ;
#1082 = VERTEX_POINT ( 'NONE', #295 ) ;
#1083 = DIRECTION ( 'NONE',  ( 0.000000000000000000, -1.000000000000000000, 0.000000000000000000 ) ) ;
#1084 = CARTESIAN_POINT ( 'NONE',  ( 24.06772069942160641, 3.425162284488274977, 15.39999999999997016 ) ) ;
#1085 = CARTESIAN_POINT ( 'NONE',  ( 10.71054365295024979, 4.098908201012687158, 35.00096852753347321 ) ) ;
#1086 = CARTESIAN_POINT ( 'NONE',  ( -10.74724955914098246, -0.4429386095095267928, 18.53933020127275455 ) ) ;
#1087 = CARTESIAN_POINT ( 'NONE',  ( -14.65636264424377266, -2.912192806692955660, 74.99504850876883211 ) ) ;
#1088 = CARTESIAN_POINT ( 'NONE',  ( -4.435494457361145670, 3.938667534565145623, 17.56829048377761993 ) ) ;
#1089 = EDGE_LOOP ( 'NONE', ( #553, #1855, #897, #267 ) ) ;
#1090 = CARTESIAN_POINT ( 'NONE',  ( -15.10818790166086956, 0.6637165084779607094, 15.40000000000081570 ) ) ;
#1091 = CARTESIAN_POINT ( 'NONE',  ( -26.00000000000000000, -4.900000000000000355, 15.40000000000000036 ) ) ;
#1092 = CARTESIAN_POINT ( 'NONE',  ( 22.25466031958832502, 1.030757022190482486, 18.67959897446806039 ) ) ;
#1093 = CARTESIAN_POINT ( 'NONE',  ( 20.65204389802417140, 7.787148548165014006, 90.00000000000002842 ) ) ;
#1094 = CARTESIAN_POINT ( 'NONE',  ( 8.981863201582806155, 6.390941418134864271, 88.33178689484543611 ) ) ;
#1095 = CARTESIAN_POINT ( 'NONE',  ( -9.606491967959696510, -3.324417527810994866, 15.39999999999999325 ) ) ;
#1096 = DIRECTION ( 'NONE',  ( -0.4226182617407002184, -0.9063077870366494926, -0.000000000000000000 ) ) ;
#1097 = CARTESIAN_POINT ( 'NONE',  ( 7.907492185419583208, 3.688630164498773567, 17.92785296378703563 ) ) ;
#1098 = CARTESIAN_POINT ( 'NONE',  ( -15.06274633650209616, 0.5261314257875827627, 18.29038515710557888 ) ) ;
#1099 = CARTESIAN_POINT ( 'NONE',  ( -9.273378002336851722, -3.581385254160545539, 94.99999999999990052 ) ) ;
#1100 = DIRECTION ( 'NONE',  ( -0.000000000000000000, 0.000000000000000000, 1.000000000000000000 ) ) ;
#1101 = CARTESIAN_POINT ( 'NONE',  ( 23.40377568836613875, 3.790401014370401889, 15.40000000000002345 ) ) ;
#1102 = CARTESIAN_POINT ( 'NONE',  ( 5.047353494514167593, 5.667733245625627525, 89.99999999999997158 ) ) ;
#1103 = CARTESIAN_POINT ( 'NONE',  ( 4.182290101565447671, 5.583448117986097969, 95.00000000000001421 ) ) ;
#1104 = CARTESIAN_POINT ( 'NONE',  ( -4.055822842383989268, -2.668031385374632247, 15.40000000000000568 ) ) ;
#1105 = APPROVAL_STATUS ( 'not_yet_approved' ) ;
#1106 = CARTESIAN_POINT ( 'NONE',  ( -14.51491200298194428, -4.161135813852387066, 90.00000000000001421 ) ) ;
#1107 = CARTESIAN_POINT ( 'NONE',  ( 1.354331561267857920, 4.124288242107451374, 16.26293355744705238 ) ) ;
#1108 = CARTESIAN_POINT ( 'NONE',  ( -18.62733846157487250, 1.462071463647543590, 15.40000000000000036 ) ) ;
#1109 = CARTESIAN_POINT ( 'NONE',  ( -12.49217153698871030, -4.646443252130925572, 88.33323504452995678 ) ) ;
#1110 = VECTOR ( 'NONE', #741, 1000.000000000000000 ) ;
#1111 = FACE_OUTER_BOUND ( 'NONE', #823, .T. ) ;
#1112 = EDGE_CURVE ( 'NONE', #1645, #446, #246, .T. ) ;
#1113 =( GEOMETRIC_REPRESENTATION_CONTEXT ( 3 ) GLOBAL_UNCERTAINTY_ASSIGNED_CONTEXT ( ( #1421 ) ) GLOBAL_UNIT_ASSIGNED_CONTEXT ( ( #453, #1373, #275 ) ) REPRESENTATION_CONTEXT ( 'NONE', 'WORKASPACE' ) );
#1114 = CARTESIAN_POINT ( 'NONE',  ( 24.77866732342621958, 2.738465904265971584, 15.40000000000009805 ) ) ;
#1115 = CARTESIAN_POINT ( 'NONE',  ( 1.231892915612875505, 4.697978966150651026, 90.00000000000005684 ) ) ;
#1116 = CARTESIAN_POINT ( 'NONE',  ( 16.00156198532937424, 7.325332571499154177, 88.33044269446757824 ) ) ;
#1117 = CARTESIAN_POINT ( 'NONE',  ( 5.505107896264603617, -2.152534743167918485, 15.39999999999998259 ) ) ;
#1118 = CARTESIAN_POINT ( 'NONE',  ( -15.01177268214437355, 9.215677299193767880, 3.201745283518915741 ) ) ;
#1119 = CARTESIAN_POINT ( 'NONE',  ( -4.074959360805725517, 4.900000000000023448, 15.39999999999997193 ) ) ;
#1120 = CARTESIAN_POINT ( 'NONE',  ( -18.02953307031403085, -1.021807367194829563, 15.39999999999998614 ) ) ;
#1121 = CARTESIAN_POINT ( 'NONE',  ( -14.98289552525884893, 0.8164881832673611672, 15.39999999999993996 ) ) ;
#1122 = CARTESIAN_POINT ( 'NONE',  ( -11.69142888613823672, -0.3681601562950199691, 15.00000000000000000 ) ) ;
#1123 = CARTESIAN_POINT ( 'NONE',  ( -13.28089855271065822, 1.808435527882489957, 15.40000000000139657 ) ) ;
#1124 = ADVANCED_FACE ( 'NONE', ( #1042 ), #801, .F. ) ;
#1125 = CARTESIAN_POINT ( 'NONE',  ( -16.75886428900577485, -2.864072152258159143, 15.40000000000000213 ) ) ;
#1126 = CARTESIAN_POINT ( 'NONE',  ( 9.675295420720027906, 6.584113344660244671, 90.00000000000007105 ) ) ;
#1127 = CARTESIAN_POINT ( 'NONE',  ( 19.91022222877327863, 7.533129723853356552, 95.00000000000002842 ) ) ;
#1128 = CARTESIAN_POINT ( 'NONE',  ( -0.07818887626955561831, -2.360492976985605562, 15.40000000000000213 ) ) ;
#1129 = VERTEX_POINT ( 'NONE', #63 ) ;
#1130 = CARTESIAN_POINT ( 'NONE',  ( -14.71577733530726206, -4.910276753869228017, 95.00000000000002842 ) ) ;
#1131 = CARTESIAN_POINT ( 'NONE',  ( 5.933775079195421576, 3.868153866419567599, 17.75126529654625429 ) ) ;
#1132 = FACE_OUTER_BOUND ( 'NONE', #906, .T. ) ;
#1133 = CARTESIAN_POINT ( 'NONE',  ( -8.775960810315712735, -0.3204815677716593147, 21.66667820760312324 ) ) ;
#1134 = LINE ( 'NONE', #1757, #1968 ) ;
#1135 = CARTESIAN_POINT ( 'NONE',  ( 21.60539602070026177, 0.8944568086236903692, 15.40000000000001101 ) ) ;
#1136 = CC_DESIGN_PERSON_AND_ORGANIZATION_ASSIGNMENT ( #1401, #49, ( #1896 ) ) ;
#1137 = CARTESIAN_POINT ( 'NONE',  ( 22.41501035171824796, 1.280885728341022878, 21.66836063751288322 ) ) ;
#1138 = CARTESIAN_POINT ( 'NONE',  ( 19.08254108223147227, 0.6874271502163651348, 18.14839492866418880 ) ) ;
#1139 = VERTEX_POINT ( 'NONE', #374 ) ;
#1140 = CARTESIAN_POINT ( 'NONE',  ( -13.62766967295815945, -1.926653328503747264, 74.99563494314521961 ) ) ;
#1141 = CARTESIAN_POINT ( 'NONE',  ( -11.23217273453956899, 2.582950177671379688, 15.76891308313189910 ) ) ;
#1142 = CARTESIAN_POINT ( 'NONE',  ( -15.00065839996857164, 0.8634267694300893359, 17.32031985438410260 ) ) ;
#1143 = ADVANCED_BREP_SHAPE_REPRESENTATION ( 'CRB 01', ( #1997, #886 ), #1113 ) ;
#1144 = CARTESIAN_POINT ( 'NONE',  ( -11.44144857599852827, -2.384238885061173097, 55.00385930391260558 ) ) ;
#1145 = CARTESIAN_POINT ( 'NONE',  ( -14.48821343255459837, 1.170058023441495676, 15.39999999999916191 ) ) ;
#1146 = CARTESIAN_POINT ( 'NONE',  ( 21.94976798955056907, 1.112959806762896964, 18.67629621948982077 ) ) ;
#1147 = B_SPLINE_CURVE_WITH_KNOTS ( 'NONE', 3,
 ( #874, #1192, #1345, #1832, #598, #1059, #103, #904, #1813, #136, #753, #719, #1041, #1662 ),
 .UNSPECIFIED., .F., .F.,
 ( 4, 2, 2, 2, 2, 2, 4 ),
 ( 0.03757210822961406377, 0.04089379063222046973, 0.04172421123287206601, 0.04213942153319787109, 0.04255463183352368312, 0.04338505243417529328, 0.04421547303482690344 ),
 .UNSPECIFIED. ) ;
#1148 = VECTOR ( 'NONE', #508, 1000.000000000000114 ) ;
#1149 = CARTESIAN_POINT ( 'NONE',  ( 16.35950511365659565, 5.982922471199564995, 88.33160825594589483 ) ) ;
#1150 = CARTESIAN_POINT ( 'NONE',  ( 20.03502164416895681, 0.6358958074312531794, 18.13646227568836267 ) ) ;
#1151 = ORIENTED_EDGE ( 'NONE', *, *, #1699, .T. ) ;
#1152 = CARTESIAN_POINT ( 'NONE',  ( -10.43702151812356504, 2.033372394516175241, 35.00101892936495318 ) ) ;
#1153 = CARTESIAN_POINT ( 'NONE',  ( -14.88739389151221282, 0.7099795776914442635, 18.24860678048031204 ) ) ;
#1154 = EDGE_CURVE ( 'NONE', #1454, #1129, #1768, .T. ) ;
#1155 = CARTESIAN_POINT ( 'NONE',  ( -14.50021875790971748, -2.655183813780070512, 73.32898392779551955 ) ) ;
#1156 = CARTESIAN_POINT ( 'NONE',  ( -17.59564863846402005, 3.674537429128043264, 11.41682297594802087 ) ) ;
#1157 = CARTESIAN_POINT ( 'NONE',  ( -13.52509495806763873, 1.695448244917483027, 15.40000000000111235 ) ) ;
#1158 = CARTESIAN_POINT ( 'NONE',  ( -26.00000000000000000, -4.900000000000000355, 15.40000000000000036 ) ) ;
#1159 = CARTESIAN_POINT ( 'NONE',  ( 22.59888039900857848, 2.116911072857653675, 35.00136862326353082 ) ) ;
#1160 = CARTESIAN_POINT ( 'NONE',  ( 21.90889045822492420, 0.2594017729568809938, 15.40000000000000391 ) ) ;
#1161 = ORIENTED_EDGE ( 'NONE', *, *, #365, .T. ) ;
#1162 = CARTESIAN_POINT ( 'NONE',  ( -14.21249186576027235, -4.104906285746978689, 95.00000000000002842 ) ) ;
#1163 = CARTESIAN_POINT ( 'NONE',  ( -11.93646474301094074, 2.220017339573995052, 18.26487255772722307 ) ) ;
#1164 = CARTESIAN_POINT ( 'NONE',  ( -15.90092583796217163, 2.082918451482583588, 15.68475790552841609 ) ) ;
#1165 = CARTESIAN_POINT ( 'NONE',  ( -13.60163408598736012, -4.140975330182210534, 74.99681770595803698 ) ) ;
#1166 = ORIENTED_EDGE ( 'NONE', *, *, #1064, .T. ) ;
#1167 = CARTESIAN_POINT ( 'NONE',  ( 20.87988851373599175, 1.092241964713519531, 15.39999999999999325 ) ) ;
#1168 = CARTESIAN_POINT ( 'NONE',  ( 20.77438378354383630, 7.646338187241113360, 88.32938243096600672 ) ) ;
#1169 = CARTESIAN_POINT ( 'NONE',  ( 16.67537930360734322, -2.202655315697915395, 15.40000000000000746 ) ) ;
#1170 = CARTESIAN_POINT ( 'NONE',  ( -12.71975546952747749, -1.184159237535123088, 74.99578745895384202 ) ) ;
#1171 = CARTESIAN_POINT ( 'NONE',  ( -9.535307807169960626, 3.070664179526762183, 16.09114340394235754 ) ) ;
#1172 = DIRECTION ( 'NONE',  ( 1.000000000000000000, 0.000000000000000000, 0.000000000000000000 ) ) ;
#1173 = CARTESIAN_POINT ( 'NONE',  ( 22.24403792142662084, 0.5199098302162278307, 18.15184922017466462 ) ) ;
#1174 = VERTEX_POINT ( 'NONE', #1153 ) ;
#1175 = CARTESIAN_POINT ( 'NONE',  ( -13.77727820440326312, -5.465386234891060901, 95.00000000000002842 ) ) ;
#1176 = CARTESIAN_POINT ( 'NONE',  ( 7.788007564784092729, 2.897440636160443006, 74.99691274857306666 ) ) ;
#1177 = CARTESIAN_POINT ( 'NONE',  ( 21.90058096895174700, -2.470565447632437905, 15.40000000000002700 ) ) ;
#1178 = VECTOR ( 'NONE', #648, 1000.000000000000000 ) ;
#1179 = CARTESIAN_POINT ( 'NONE',  ( 0.1182337480057251422, 4.319692979884367290, 74.99667353365914835 ) ) ;
#1180 = CARTESIAN_POINT ( 'NONE',  ( 19.09512641622595908, 0.6885921370507760431, 18.14797620512332443 ) ) ;
#1181 = CARTESIAN_POINT ( 'NONE',  ( 13.28984821922998449, 2.966211472676067551, 18.39874525353096857 ) ) ;
#1182 = CARTESIAN_POINT ( 'NONE',  ( 22.42765712231432218, 0.7748702854012059493, 18.47429750003245630 ) ) ;
#1183 = VERTEX_POINT ( 'NONE', #1952 ) ;
#1184 = CARTESIAN_POINT ( 'NONE',  ( -14.56321109967960403, -0.4658829322999436529, 15.39999999999935199 ) ) ;
#1185 = CARTESIAN_POINT ( 'NONE',  ( -14.09498618145710402, -5.359221885218135029, 95.00000000000002842 ) ) ;
#1186 = EDGE_CURVE ( 'NONE', #224, #2012, #1295, .T. ) ;
#1187 = CARTESIAN_POINT ( 'NONE',  ( 13.07340199435531503, 1.088520895859063309, 21.66645480128227419 ) ) ;
#1188 = CARTESIAN_POINT ( 'NONE',  ( 23.41756110796691104, -2.239383592755285424, 15.39999999999995595 ) ) ;
#1189 = CARTESIAN_POINT ( 'NONE',  ( -4.780710166280538687, 3.948190078708767814, 15.00000000000000178 ) ) ;
#1190 = CARTESIAN_POINT ( 'NONE',  ( -13.65123974625571890, -0.6932861663588284484, 18.57698520836648015 ) ) ;
#1191 = CARTESIAN_POINT ( 'NONE',  ( -14.93989325102189447, 0.8511153057442555347, 15.40000000000046221 ) ) ;
#1192 = CARTESIAN_POINT ( 'NONE',  ( 20.07932491525005148, 4.665135219339854089, 15.40000000000000924 ) ) ;
#1193 = CARTESIAN_POINT ( 'NONE',  ( -13.22800136807720861, -4.069272726869587409, 74.99681040210286653 ) ) ;
#1194 = ORIENTED_EDGE ( 'NONE', *, *, #1474, .T. ) ;
#1195 = CARTESIAN_POINT ( 'NONE',  ( -14.39332619374279076, -1.673072829771212966, 35.00126172863292595 ) ) ;
#1196 = CARTESIAN_POINT ( 'NONE',  ( 5.409274240173443715, 2.789649144363638200, 95.00000000000000000 ) ) ;
#1197 = CARTESIAN_POINT ( 'NONE',  ( 22.34107604820814075, 0.5838070114299246383, 18.25022872592858292 ) ) ;
#1198 = CARTESIAN_POINT ( 'NONE',  ( -9.443707981339779067, 3.137213482772870154, 15.00000000000000355 ) ) ;
#1199 = CARTESIAN_POINT ( 'NONE',  ( -14.59131924907666189, -0.6527371299453319509, 18.58173692989795356 ) ) ;
#1200 = CARTESIAN_POINT ( 'NONE',  ( -14.36706443345107509, 1.071011281877656707, 18.24283877801959974 ) ) ;
#1201 = CARTESIAN_POINT ( 'NONE',  ( 10.07666285689423447, -2.084101453633422807, 15.40000000000000213 ) ) ;
#1202 = CARTESIAN_POINT ( 'NONE',  ( -17.23283066179470069, 2.632979667572552085, 15.39999999999998614 ) ) ;
#1203 = CARTESIAN_POINT ( 'NONE',  ( -4.122451093169305913, -1.088942380635244067, 95.00000000000008527 ) ) ;
#1204 = CARTESIAN_POINT ( 'NONE',  ( 24.40904956912497070, -1.594500348557177150, 15.39999999999997016 ) ) ;
#1205 = CARTESIAN_POINT ( 'NONE',  ( -3.617164086478003249, 3.539564182425977812, 55.00394043112074627 ) ) ;
#1206 = CARTESIAN_POINT ( 'NONE',  ( -14.53575764149568883, -0.4654561713529312139, 15.39999999999999503 ) ) ;
#1207 = COORDINATED_UNIVERSAL_TIME_OFFSET ( 5, 30, .AHEAD. ) ;
#1208 = AXIS2_PLACEMENT_3D ( 'NONE', #1003, #1936, #1758 ) ;
#1209 = EDGE_CURVE ( 'NONE', #1183, #1634, #1263, .T. ) ;
#1210 = CARTESIAN_POINT ( 'NONE',  ( -14.78605354076344014, 0.7843559963610667873, 18.24704380192607545 ) ) ;
#1211 = CARTESIAN_POINT ( 'NONE',  ( 20.62896479296323093, -2.392355571533168579, 15.40000000000001990 ) ) ;
#1212 = VERTEX_POINT ( 'NONE', #1493 ) ;
#1213 = CARTESIAN_POINT ( 'NONE',  ( -16.30211289183170820, -3.170743201823551960, 15.39999999999999325 ) ) ;
#1214 = CARTESIAN_POINT ( 'NONE',  ( -15.17167827967206684, 0.2810907511616184684, 18.34815963439475084 ) ) ;
#1215 = CARTESIAN_POINT ( 'NONE',  ( -18.20600966510649243, -0.1250851622846410605, 15.40000000000000036 ) ) ;
#1216 = CARTESIAN_POINT ( 'NONE',  ( 8.488973050541069654, 2.296869412870194527, 55.00373635741580358 ) ) ;
#1217 = CARTESIAN_POINT ( 'NONE',  ( 21.97738793929652346, -2.475210365201727658, 15.39999999999998437 ) ) ;
#1218 = CARTESIAN_POINT ( 'NONE',  ( -7.854277711631878489, 1.225861456537912453, 88.33406469071721290 ) ) ;
#1219 = CARTESIAN_POINT ( 'NONE',  ( -14.08631072025170639, -0.5023484451809830942, 15.39999999999998437 ) ) ;
#1220 = APPLICATION_PROTOCOL_DEFINITION ( 'international standard', 'config_control_design', 1994, #1226 ) ;
#1221 = PLANE ( 'NONE',  #756 ) ;
#1222 = CARTESIAN_POINT ( 'NONE',  ( 26.00753278265307600, 4.900000000000000355, 15.40000000000000036 ) ) ;
#1223 = ORIENTED_EDGE ( 'NONE', *, *, #751, .F. ) ;
#1224 = CARTESIAN_POINT ( 'NONE',  ( -15.08362069427397323, -0.6013515409063414641, 21.66684068942935681 ) ) ;
#1225 = CARTESIAN_POINT ( 'NONE',  ( 25.42783876886611694, 0.8971832470310660002, 15.40000000000002522 ) ) ;
#1226 = APPLICATION_CONTEXT ( 'configuration controlled 3d designs of mechanical parts and assemblies' ) ;
#1227 = CARTESIAN_POINT ( 'NONE',  ( 21.19331142725619799, 4.617963883721751372, 55.00359890896506698 ) ) ;
#1228 = CARTESIAN_POINT ( 'NONE',  ( -15.11342567056646047, -0.1170869360727653935, 15.40000000000063629 ) ) ;
#1229 = CARTESIAN_POINT ( 'NONE',  ( -14.77893283218311815, -0.4322239920209666186, 15.40000000000006963 ) ) ;
#1230 = PLANE ( 'NONE',  #1893 ) ;
#1231 = CARTESIAN_POINT ( 'NONE',  ( -14.88739555888311017, 0.7100226772795457109, 18.24790259442224993 ) ) ;
#1232 = ORIENTED_EDGE ( 'NONE', *, *, #1942, .T. ) ;
#1233 = CARTESIAN_POINT ( 'NONE',  ( -14.46547205124134727, -4.867828889862152231, 95.00000000000002842 ) ) ;
#1234 = EDGE_CURVE ( 'NONE', #535, #774, #856, .T. ) ;
#1235 = CARTESIAN_POINT ( 'NONE',  ( 22.18351622724715000, 0.7927943568716078193, 15.40000000000010161 ) ) ;
#1236 = CARTESIAN_POINT ( 'NONE',  ( 20.16595660966815373, 8.206459364677430202, 95.00000000000002842 ) ) ;
#1237 = CARTESIAN_POINT ( 'NONE',  ( -4.362503034601053820, 0.3723217324130927985, 15.40000000000000568 ) ) ;
#1238 = CARTESIAN_POINT ( 'NONE',  ( -14.68110507743691961, -0.6416997922724938519, 18.57492077509040840 ) ) ;
#1239 = CARTESIAN_POINT ( 'NONE',  ( -15.15037689780416308, -2.069089314247863243, 55.00441276402163737 ) ) ;
#1240 = CARTESIAN_POINT ( 'NONE',  ( -0.6398827884457282122, 4.158239014911035092, 16.24641742975542513 ) ) ;
#1241 = ORIENTED_EDGE ( 'NONE', *, *, #255, .F. ) ;
#1242 = AXIS2_PLACEMENT_3D ( 'NONE', #1384, #1040, #1661 ) ;
#1243 = CARTESIAN_POINT ( 'NONE',  ( -16.69941830209814171, 3.096249283060022783, 15.39999999999999325 ) ) ;
#1244 = CARTESIAN_POINT ( 'NONE',  ( -13.31104971445375185, 4.900000000000090061, 15.39999999999998970 ) ) ;
#1245 = CARTESIAN_POINT ( 'NONE',  ( 22.15851618909234588, 0.7578019387869379120, 15.39999999999996483 ) ) ;
#1246 = EDGE_CURVE ( 'NONE', #1139, #1006, #1680, .T. ) ;
#1247 = CARTESIAN_POINT ( 'NONE',  ( 8.127471957496254618, 6.305661839103289701, 90.00000000000000000 ) ) ;
#1248 = CARTESIAN_POINT ( 'NONE',  ( 7.032273948738988700, 5.572134622311881280, 74.99711355561343851 ) ) ;
#1249 = CARTESIAN_POINT ( 'NONE',  ( 11.88749162930057679, -2.093805461973154092, 15.39999999999998792 ) ) ;
#1250 = CARTESIAN_POINT ( 'NONE',  ( -15.49398713100963221, 0.05487525000984379286, 21.66773673757271013 ) ) ;
#1251 = CARTESIAN_POINT ( 'NONE',  ( -1.956061309566132111, 4.131623711844576441, 16.24821918015267386 ) ) ;
#1252 = CARTESIAN_POINT ( 'NONE',  ( -16.66136819423410387, 3.124599508014412219, 15.40000000000000036 ) ) ;
#1253 = CARTESIAN_POINT ( 'NONE',  ( -12.14848975537470643, -3.714975603221127187, 74.99655173440075373 ) ) ;
#1254 = CARTESIAN_POINT ( 'NONE',  ( -14.96607285508735252, -1.919567589629246340, 55.00418797718929653 ) ) ;
#1255 = CARTESIAN_POINT ( 'NONE',  ( 25.17204505945641557, 2.054004725020657673, 15.40000000000011582 ) ) ;
#1256 = CARTESIAN_POINT ( 'NONE',  ( -2.142690664273143142, -0.1362160400743947231, 90.00000000000002842 ) ) ;
#1257 = CARTESIAN_POINT ( 'NONE',  ( 19.46640429536314443, 1.428420469032783302, 15.00000000000001421 ) ) ;
#1258 = CARTESIAN_POINT ( 'NONE',  ( -12.87609984083468895, -0.4754808684811595576, 15.40000000000000391 ) ) ;
#1259 = APPROVAL ( #1985, 'UNSPECIFIED' ) ;
#1260 = CARTESIAN_POINT ( 'NONE',  ( -15.09632719266994627, 0.7598807062652670474, 15.00000000000000533 ) ) ;
#1261 = CARTESIAN_POINT ( 'NONE',  ( 15.20619272477622275, 2.462448254861955288, 15.97478116745918975 ) ) ;
#1262 = LINE ( 'NONE', #1910, #1342 ) ;
#1263 = B_SPLINE_CURVE_WITH_KNOTS ( 'NONE', 3,
 ( #1456, #864, #872, #1306, #708, #1774, #1941, #1918, #1620, #1793, #515, #226, #836, #392, #1008, #364, #1484, #538, #93, #1334, #988, #1631, #1961, #689, #559, #1465, #1180, #1802, #235, #254 ),
 .UNSPECIFIED., .F., .F.,
 ( 4, 2, 2, 2, 2, 2, 2, 2, 2, 2, 2, 2, 2, 2, 4 ),
 ( -5.999999999415959659E-08, 0.0002869995836932889280, 0.0005740591673865720786, 0.001148178334773133176, 0.002296416669546255587, 0.004592893339092500408, 0.009185846678184990052, 0.01377880001727748056, 0.01607527668682372582, 0.01837175335636997281, 0.02296470669546245985, 0.02755766003455494689, 0.03215061337364742700, 0.03444709004319366358, 0.03674356671273990016 ),
 .UNSPECIFIED. ) ;
#1264 = CARTESIAN_POINT ( 'NONE',  ( -10.21342337922852295, -3.689805235252780147, 88.33338509988833209 ) ) ;
#1265 = CARTESIAN_POINT ( 'NONE',  ( -15.10518760158689133, -0.4980182793259663732, 35.00098641026056612 ) ) ;
#1266 = CARTESIAN_POINT ( 'NONE',  ( 22.37973057777093899, 0.9387750398957021014, 18.62621826077582554 ) ) ;
#1267 = CARTESIAN_POINT ( 'NONE',  ( -12.42811244213053357, -1.883442249979740968, 89.99999999999998579 ) ) ;
#1268 = CARTESIAN_POINT ( 'NONE',  ( 17.85955791584601826, 3.330892369073537029, 35.00081265278185327 ) ) ;
#1269 = CARTESIAN_POINT ( 'NONE',  ( 2.200824675446962697, 0.7119286966881612777, 15.40000000000001279 ) ) ;
#1270 = DIRECTION ( 'NONE',  ( -1.000000000000000000, 0.000000000000000000, -0.000000000000000000 ) ) ;
#1271 = CARTESIAN_POINT ( 'NONE',  ( 8.232467993041778342, 4.900000000000095390, 15.39999999999992752 ) ) ;
#1272 = EDGE_CURVE ( 'NONE', #1516, #2000, #2008, .T. ) ;
#1273 = CARTESIAN_POINT ( 'NONE',  ( -23.52852538718068232, -9.048557817025065120, 1.466143101369821844 ) ) ;
#1274 = CARTESIAN_POINT ( 'NONE',  ( -6.306524129979544036, -1.503567777492447410, 74.99658948134353409 ) ) ;
#1275 = CARTESIAN_POINT ( 'NONE',  ( -14.72828718491389033, 1.005119018260755226, 15.39999999999965574 ) ) ;
#1276 = CARTESIAN_POINT ( 'NONE',  ( 21.68106521758955907, 1.183709351729231418, 18.67291840342745246 ) ) ;
#1277 = CARTESIAN_POINT ( 'NONE',  ( 20.95098469836340982, 7.467015725525827818, 90.00000000000008527 ) ) ;
#1278 = CARTESIAN_POINT ( 'NONE',  ( 19.76062982553376202, 0.3810628058588605427, 14.99999999999998579 ) ) ;
#1279 = CARTESIAN_POINT ( 'NONE',  ( 9.759833868505600307, -2.085760359329457359, 15.39999999999999858 ) ) ;
#1280 = PERSON_AND_ORGANIZATION ( #100, #651 ) ;
#1281 = EDGE_LOOP ( 'NONE', ( #1355, #83, #1497, #148, #1561, #406, #703, #698, #258, #1608 ) ) ;
#1282 = CARTESIAN_POINT ( 'NONE',  ( -14.87873578608527403, -3.634113275491223760, 15.40000000000000746 ) ) ;
#1283 = CARTESIAN_POINT ( 'NONE',  ( -13.55937329371543143, -5.077840971744713272, 89.99999999999994316 ) ) ;
#1284 = CARTESIAN_POINT ( 'NONE',  ( 15.66728468492018678, 4.899999999999846700, 15.40000000000003766 ) ) ;
#1285 = CARTESIAN_POINT ( 'NONE',  ( -14.97921629525307630, -0.2763290345984887875, 15.39999999999999147 ) ) ;
#1286 = CARTESIAN_POINT ( 'NONE',  ( -12.53814844379955140, 14.52038159706441256, 0.000000000000000000 ) ) ;
#1287 = CARTESIAN_POINT ( 'NONE',  ( -7.503952443162297037, -1.259697504164357440, 55.00385111583700137 ) ) ;
#1288 = CARTESIAN_POINT ( 'NONE',  ( -14.88515899979735657, 0.8914823341554973801, 15.39999999999955627 ) ) ;
#1289 = CARTESIAN_POINT ( 'NONE',  ( 27.94203706303065715, 9.048557817025065120, 1.466143101369821844 ) ) ;
#1290 = CARTESIAN_POINT ( 'NONE',  ( 14.05707398254080154, 5.784162516384128594, 95.00000000000000000 ) ) ;
#1291 = CARTESIAN_POINT ( 'NONE',  ( 16.77638162229207808, 0.5817866216823808223, 15.40000000000000568 ) ) ;
#1292 = APPROVAL_DATE_TIME ( #800, #922 ) ;
#1293 = ORIENTED_EDGE ( 'NONE', *, *, #751, .T. ) ;
#1294 = CARTESIAN_POINT ( 'NONE',  ( -12.24191906541607544, -0.8439460404454979248, 74.99586650210075334 ) ) ;
#1295 = LINE ( 'NONE', #245, #208 ) ;
#1296 = CARTESIAN_POINT ( 'NONE',  ( -15.05071081083367979, -0.2032347555555269192, 15.40000000000081037 ) ) ;
#1297 = CARTESIAN_POINT ( 'NONE',  ( -14.88740534029519402, 0.7100155066940062598, 18.24790261373500400 ) ) ;
#1298 = CARTESIAN_POINT ( 'NONE',  ( -8.657643996982500312, -0.8152781428188168311, 35.00128095774292802 ) ) ;
#1299 = CARTESIAN_POINT ( 'NONE',  ( -14.88063376822932682, 0.7149796285316507571, 18.24788924469348217 ) ) ;
#1300 = CARTESIAN_POINT ( 'NONE',  ( 20.58233544017207350, 1.462401339279608470, 18.65822460132354266 ) ) ;
#1301 = ADVANCED_FACE ( 'NONE', ( #1048 ), #1025, .F. ) ;
#1302 = CARTESIAN_POINT ( 'NONE',  ( 22.51549189544175533, 1.211143704834996671, 21.66841153376577367 ) ) ;
#1303 = CARTESIAN_POINT ( 'NONE',  ( 22.08106889412795226, 0.5099829257437584751, 18.11059397245484348 ) ) ;
#1304 = VERTEX_POINT ( 'NONE', #1289 ) ;
#1305 = CARTESIAN_POINT ( 'NONE',  ( -13.18281350852477907, -1.544747838033946330, 74.99571827494945353 ) ) ;
#1306 = CARTESIAN_POINT ( 'NONE',  ( -14.13997517493129230, -0.6901687360420170059, 18.57844796100139106 ) ) ;
#1307 = CARTESIAN_POINT ( 'NONE',  ( 21.44640102155689121, 1.244470249886836744, 18.66971278815323743 ) ) ;
#1308 = CARTESIAN_POINT ( 'NONE',  ( -14.88740534029519402, 0.7100155066940062598, 18.24790261373500400 ) ) ;
#1309 = CARTESIAN_POINT ( 'NONE',  ( 22.24884823204170203, 4.123022394849106043, 15.40000000000001101 ) ) ;
#1310 = CARTESIAN_POINT ( 'NONE',  ( 16.24375390890118354, 6.464070262043636106, 94.99999999999998579 ) ) ;
#1311 = CARTESIAN_POINT ( 'NONE',  ( 19.46755288430512465, -2.325861707757038488, 15.40000000000001990 ) ) ;
#1312 = ORIENTED_EDGE ( 'NONE', *, *, #422, .T. ) ;
#1313 = CARTESIAN_POINT ( 'NONE',  ( -11.88632526055705974, 0.4317135446840411062, 55.00407918406551744 ) ) ;
#1314 = CARTESIAN_POINT ( 'NONE',  ( -10.95702254571912171, 2.668589246559496697, 15.83799895364130883 ) ) ;
#1315 = CARTESIAN_POINT ( 'NONE',  ( -17.53800402012791082, -2.035111918662504848, 15.39999999999999325 ) ) ;
#1316 = CARTESIAN_POINT ( 'NONE',  ( -2.158266439122068281, 4.114513253556087768, 17.40423019719205300 ) ) ;
#1317 = CARTESIAN_POINT ( 'NONE',  ( 19.02402732449405320, 1.836610444990718571, 18.63907666195912327 ) ) ;
#1318 = CARTESIAN_POINT ( 'NONE',  ( -14.64426974471662213, 0.8847856681954944236, 18.24547743369199893 ) ) ;
#1319 = ORIENTED_EDGE ( 'NONE', *, *, #1154, .F. ) ;
#1320 = CARTESIAN_POINT ( 'NONE',  ( 22.08290645867966262, 1.077352569848317509, 18.67779511761892408 ) ) ;
#1321 = CARTESIAN_POINT ( 'NONE',  ( 22.71402349455875935, 2.432074002227084808, 35.00061677866221288 ) ) ;
#1322 = CARTESIAN_POINT ( 'NONE',  ( 21.93379469272645110, -2.472575894025924370, 15.40000000000000036 ) ) ;
#1323 = ORIENTED_EDGE ( 'NONE', *, *, #1625, .F. ) ;
#1324 = CARTESIAN_POINT ( 'NONE',  ( -14.39633357366469291, 0.8473301849706748046, 21.66691334209153297 ) ) ;
#1325 = DIRECTION ( 'NONE',  ( 0.9308272858145485440, 0.3654593875974743167, -8.981255538403797879E-15 ) ) ;
#1326 = EDGE_CURVE ( 'NONE', #61, #535, #379, .T. ) ;
#1327 = CARTESIAN_POINT ( 'NONE',  ( -0.2099343741528748586, 4.157120049749464030, 17.37511729262375582 ) ) ;
#1328 = DIRECTION ( 'NONE',  ( -0.2523189464366740742, -0.5410997268091269907, 0.8022133350401094987 ) ) ;
#1329 = ORIENTED_EDGE ( 'NONE', *, *, #41, .F. ) ;
#1330 = CARTESIAN_POINT ( 'NONE',  ( -14.48533691599349993, 4.411818407761291638, 15.40000000000000568 ) ) ;
#1331 = CARTESIAN_POINT ( 'NONE',  ( -4.147117790884467858, -0.9641977938629646694, 88.33330767006727058 ) ) ;
#1332 = CARTESIAN_POINT ( 'NONE',  ( 21.22967990548563932, 0.3095530757351122597, 15.40000000000001101 ) ) ;
#1333 = CARTESIAN_POINT ( 'NONE',  ( -11.71176001530892563, 2.457602194209492108, 15.00000000000000178 ) ) ;
#1334 = CARTESIAN_POINT ( 'NONE',  ( 5.314547276026599043, 0.8450132826710591294, 18.32817645641977933 ) ) ;
#1335 = CARTESIAN_POINT ( 'NONE',  ( 17.10608489353866801, 2.262737438995754857, 18.61510986975869741 ) ) ;
#1336 = CARTESIAN_POINT ( 'NONE',  ( -13.40650801916865476, -0.4758493800779728389, 15.00000000000001066 ) ) ;
#1337 = ADVANCED_FACE ( 'NONE', ( #1913 ), #388, .T. ) ;
#1338 = ORIENTED_EDGE ( 'NONE', *, *, #1485, .T. ) ;
#1339 = CARTESIAN_POINT ( 'NONE',  ( -13.92237788135756560, -5.046734473403468257, 88.33330430130658328 ) ) ;
#1340 = CARTESIAN_POINT ( 'NONE',  ( 5.458906556899050244, 2.627796678505399885, 88.33284419321219616 ) ) ;
#1341 = CARTESIAN_POINT ( 'NONE',  ( 22.45065911297141525, 0.5365749232671368496, 15.39999999999999858 ) ) ;
#1342 = VECTOR ( 'NONE', #1886, 1000.000000000000114 ) ;
#1343 = CARTESIAN_POINT ( 'NONE',  ( -6.805122000544947980, 1.762454454572929041, 88.33392904490735020 ) ) ;
#1344 = CARTESIAN_POINT ( 'NONE',  ( -15.08674745632735892, -3.609486675152433932, 15.39999999999999858 ) ) ;
#1345 = CARTESIAN_POINT ( 'NONE',  ( 21.12901247869062971, 4.411785593319498489, 15.39999999999999325 ) ) ;
#1346 = CARTESIAN_POINT ( 'NONE',  ( 16.71866523285446249, -15.02004074423976476, 15.40000000000000036 ) ) ;
#1347 = VERTEX_POINT ( 'NONE', #240 ) ;
#1348 = CARTESIAN_POINT ( 'NONE',  ( -17.41785224798031351, -2.200025977954492173, 15.40000000000001101 ) ) ;
#1349 = CARTESIAN_POINT ( 'NONE',  ( 3.850224723101521640, 0.8590902954090893218, 21.66648839606521904 ) ) ;
#1350 = CARTESIAN_POINT ( 'NONE',  ( 22.19315342630206445, 0.5075251013427807267, 18.12410997395989298 ) ) ;
#1351 = CARTESIAN_POINT ( 'NONE',  ( -5.738763535039752561, 2.264016564997438863, 88.33379630956210349 ) ) ;
#1352 = CARTESIAN_POINT ( 'NONE',  ( -14.94365086365499984, -3.626427443890635871, 15.39999999999998082 ) ) ;
#1353 = CARTESIAN_POINT ( 'NONE',  ( -23.75458493207685251, -9.533344075502137471, 1.950929359846896860 ) ) ;
#1354 = CARTESIAN_POINT ( 'NONE',  ( -26.00000000000000000, 4.900000000000000355, 15.40000000000000036 ) ) ;
#1355 = ORIENTED_EDGE ( 'NONE', *, *, #157, .F. ) ;
#1356 = CARTESIAN_POINT ( 'NONE',  ( -14.85399455661401724, -0.3983552654819625394, 15.00000000000000533 ) ) ;
#1357 = CARTESIAN_POINT ( 'NONE',  ( -2.553791796067534925, 0.2942638075674268716, 35.00132770109235025 ) ) ;
#1358 = CARTESIAN_POINT ( 'NONE',  ( 22.42188665333319975, 0.7573616019539712862, 18.45438297777361214 ) ) ;
#1359 = EDGE_CURVE ( 'NONE', #544, #1705, #1977, .T. ) ;
#1360 = CARTESIAN_POINT ( 'NONE',  ( -6.925393448646640415, 1.524887960051071634, 95.00000000000005684 ) ) ;
#1361 = CARTESIAN_POINT ( 'NONE',  ( -14.47485051409646850, -0.4733730724204799345, 15.40000000000003944 ) ) ;
#1362 = COORDINATED_UNIVERSAL_TIME_OFFSET ( 5, 30, .AHEAD. ) ;
#1363 = FACE_OUTER_BOUND ( 'NONE', #397, .T. ) ;
#1364 = DIRECTION ( 'NONE',  ( 1.000000000000000000, 0.000000000000000000, 0.000000000000000000 ) ) ;
#1365 = ORIENTED_EDGE ( 'NONE', *, *, #1186, .F. ) ;
#1366 = CARTESIAN_POINT ( 'NONE',  ( -17.17507466386485504, -2.484474617388295670, 15.40000000000000924 ) ) ;
#1367 = CARTESIAN_POINT ( 'NONE',  ( 7.621443540620066237, 3.351106065150645907, 88.33267875277385883 ) ) ;
#1368 = CARTESIAN_POINT ( 'NONE',  ( 22.13964852004138351, 0.2422310710216391549, 15.39999999999998970 ) ) ;
#1369 = CARTESIAN_POINT ( 'NONE',  ( -14.23828101844833682, -3.716912161184247498, 90.00000000000002842 ) ) ;
#1370 = AXIS2_PLACEMENT_3D ( 'NONE', #1853, #1673, #587 ) ;
#1371 = CARTESIAN_POINT ( 'NONE',  ( -7.137096608014012133, 3.438358589667303900, 21.66713106228121788 ) ) ;
#1372 = CARTESIAN_POINT ( 'NONE',  ( -14.85527016749572127, -3.636859624762921683, 15.39999999999997371 ) ) ;
#1373 =( NAMED_UNIT ( * ) PLANE_ANGLE_UNIT ( ) SI_UNIT ( $, .RADIAN. ) );
#1374 = CIRCLE ( 'NONE', #8, 3.000000000000000444 ) ;
#1375 = CARTESIAN_POINT ( 'NONE',  ( 20.60513925055305151, 7.240633664585478968, 90.00000000000002842 ) ) ;
#1376 = CARTESIAN_POINT ( 'NONE',  ( 22.69648097116240137, -2.200573523907465745, 20.12703316060005676 ) ) ;
#1377 = CARTESIAN_POINT ( 'NONE',  ( -14.08928827743432421, -3.693103742377702670, 15.40000000000001101 ) ) ;
#1378 = ORIENTED_EDGE ( 'NONE', *, *, #935, .F. ) ;
#1379 = CARTESIAN_POINT ( 'NONE',  ( -26.00000000000000000, 4.900000000000000355, 15.40000000000000036 ) ) ;
#1380 = CARTESIAN_POINT ( 'NONE',  ( -11.61360551980950007, -3.524526363602760171, 74.99654311822777686 ) ) ;
#1381 = CARTESIAN_POINT ( 'NONE',  ( 22.42355470397296457, 0.7895024438953384127, 18.48811522812115626 ) ) ;
#1382 = CARTESIAN_POINT ( 'NONE',  ( -2.460181004774072200, 3.586675212831166526, 88.33340881403437095 ) ) ;
#1383 = CARTESIAN_POINT ( 'NONE',  ( -14.82582003990330222, -3.640210440279463722, 15.40000000000004299 ) ) ;
#1384 = CARTESIAN_POINT ( 'NONE',  ( -26.00000000000000000, 4.900000000000000355, 9.599999999999999645 ) ) ;
#1385 = PLANE ( 'NONE',  #1370 ) ;
#1386 = CARTESIAN_POINT ( 'NONE',  ( 0.6990751613442046652, -2.321595712834096936, 15.39999999999999680 ) ) ;
#1387 = EDGE_LOOP ( 'NONE', ( #1338, #1906, #50, #1834, #1011 ) ) ;
#1388 = EDGE_CURVE ( 'NONE', #1082, #353, #40, .T. ) ;
#1389 = B_SPLINE_CURVE_WITH_KNOTS ( 'NONE', 3,
 ( #1297, #1765, #376, #516, #1142, #1632, #998, #366, #1612, #227, #218, #529, #1164, #837, #1621, #1785, #551, #1943 ),
 .UNSPECIFIED., .F., .F.,
 ( 4, 2, 2, 2, 2, 2, 2, 2, 4 ),
 ( 0.000000000000000000, 0.0005670215111621460490, 0.001134043022324292098, 0.001701064533486438147, 0.002268086044648584196, 0.002835107555810730245, 0.003402129066972876294, 0.003969150578135021909, 0.004536172089297168392 ),
 .UNSPECIFIED. ) ;
#1390 = CARTESIAN_POINT ( 'NONE',  ( -14.48012069295574022, -4.533172879724814308, 95.00000000000002842 ) ) ;
#1391 = CARTESIAN_POINT ( 'NONE',  ( 25.30397176024091976, 1.678873478724286938, 15.39999999999999680 ) ) ;
#1392 = CARTESIAN_POINT ( 'NONE',  ( 19.66654847001893458, 1.949870639195025346, 21.66807811920436677 ) ) ;
#1393 = CARTESIAN_POINT ( 'NONE',  ( 13.48333831349285994, -2.114560431156791598, 15.39999999999999858 ) ) ;
#1394 = CARTESIAN_POINT ( 'NONE',  ( -14.83884607143902201, -3.082954908325874044, 74.99488792234512857 ) ) ;
#1395 = CARTESIAN_POINT ( 'NONE',  ( 19.45754556844916294, -2.323506808685338765, 15.40000000000001812 ) ) ;
#1396 = ORIENTED_EDGE ( 'NONE', *, *, #1039, .F. ) ;
#1397 = PLANE ( 'NONE',  #396 ) ;
#1398 = CARTESIAN_POINT ( 'NONE',  ( 22.16949231044122470, 0.7360050674407209170, 15.39999999999997726 ) ) ;
#1399 = CARTESIAN_POINT ( 'NONE',  ( 20.61770897720062834, 8.239005428862807179, 95.00000000000004263 ) ) ;
#1400 = CARTESIAN_POINT ( 'NONE',  ( 0.8564234171634172998, 0.6753979646398062808, 15.39999999999998259 ) ) ;
#1401 = PERSON_AND_ORGANIZATION ( #100, #651 ) ;
#1402 = CARTESIAN_POINT ( 'NONE',  ( 1.315711179695722155, 4.132118358857397311, 17.42361299627060589 ) ) ;
#1403 = AXIS2_PLACEMENT_3D ( 'NONE', #742, #1987, #2011 ) ;
#1404 = CARTESIAN_POINT ( 'NONE',  ( -16.81139310179205992, 3.008492746976255905, 15.40000000000000036 ) ) ;
#1405 = CARTESIAN_POINT ( 'NONE',  ( -14.63495024481801288, -4.390276630065652164, 88.33490147233467837 ) ) ;
#1406 = CARTESIAN_POINT ( 'NONE',  ( 23.10394378427344364, 3.894486848710636995, 15.40000000000001279 ) ) ;
#1407 = CARTESIAN_POINT ( 'NONE',  ( -7.496130709378464374, 1.364155137912995697, 90.00000000000000000 ) ) ;
#1408 = CARTESIAN_POINT ( 'NONE',  ( 8.213748421054376081, 3.552605005457531107, 14.99999999999998934 ) ) ;
#1409 = B_SPLINE_CURVE_WITH_KNOTS ( 'NONE', 3,
 ( #1721, #1742, #781, #1875, #18, #323, #183, #624, #1434, #38, #1423, #923 ),
 .UNSPECIFIED., .F., .F.,
 ( 4, 2, 2, 2, 2, 4 ),
 ( 2.061184389300656068E-16, 0.001370612357977866970, 0.002741224715955527507, 0.003426530894944357884, 0.004111837073933187828, 0.005482449431910850317 ),
 .UNSPECIFIED. ) ;
#1410 = CARTESIAN_POINT ( 'NONE',  ( -9.970901045949114305, -0.3494345709760044993, 18.52946375174422045 ) ) ;
#1411 = CALENDAR_DATE ( 2026, 13, 4 ) ;
#1412 = CARTESIAN_POINT ( 'NONE',  ( -14.97013539593536890, -1.887876589128916427, 55.00435180431099269 ) ) ;
#1413 = CARTESIAN_POINT ( 'NONE',  ( 15.84443609810886144, 2.326894024860599153, 15.89096280452363175 ) ) ;
#1414 = DIRECTION ( 'NONE',  ( 0.000000000000000000, 0.000000000000000000, -1.000000000000000000 ) ) ;
#1415 = CARTESIAN_POINT ( 'NONE',  ( -12.83402418304127579, -0.4507067848519351050, 15.00000000000000355 ) ) ;
#1416 = CARTESIAN_POINT ( 'NONE',  ( -15.25216320488044808, 0.4150030367053386682, 15.00000000000000533 ) ) ;
#1417 = CARTESIAN_POINT ( 'NONE',  ( 23.55421484407678534, 3.725596986248082221, 15.40000000000000924 ) ) ;
#1418 = CARTESIAN_POINT ( 'NONE',  ( -12.11982421471176785, -1.632361051158201182, 90.00000000000002842 ) ) ;
#1419 = CARTESIAN_POINT ( 'NONE',  ( 12.77914529204205252, 5.058198424421902040, 55.00371763572022132 ) ) ;
#1420 = CARTESIAN_POINT ( 'NONE',  ( 2.314464955133349378, -2.255267738666681510, 15.40000000000001634 ) ) ;
#1421 = UNCERTAINTY_MEASURE_WITH_UNIT (LENGTH_MEASURE( 1.000000000000000082E-05 ), #453, 'distance_accuracy_value', 'NONE');
#1422 = COORDINATED_UNIVERSAL_TIME_OFFSET ( 5, 30, .AHEAD. ) ;
#1423 = CARTESIAN_POINT ( 'NONE',  ( 22.78070092900773602, -2.019963241463105685, 15.39999999999924007 ) ) ;
#1424 = CARTESIAN_POINT ( 'NONE',  ( 4.034359226525032760, 3.984057625638942390, 16.30235037710595947 ) ) ;
#1425 = DIRECTION ( 'NONE',  ( 0.4226182617407001629, 0.9063077870366496036, -0.000000000000000000 ) ) ;
#1426 = CARTESIAN_POINT ( 'NONE',  ( -5.230375480383744780, -0.1587007690516718528, 35.00130491979455627 ) ) ;
#1427 = CARTESIAN_POINT ( 'NONE',  ( -16.68547022950967218, 3.106875285516624174, 15.40000000000001457 ) ) ;
#1428 = CARTESIAN_POINT ( 'NONE',  ( 22.31492330949727432, 1.002630588994209093, 18.67031142508598407 ) ) ;
#1429 = CARTESIAN_POINT ( 'NONE',  ( 20.82025390042572610, 7.763010880850410800, 89.99999999999998579 ) ) ;
#1430 = CARTESIAN_POINT ( 'NONE',  ( 15.22844166409232258, 2.399173162850750440, 15.00000000000000711 ) ) ;
#1431 = CARTESIAN_POINT ( 'NONE',  ( 9.746938391510772348, 0.9115557356579309101, 18.27014042929278759 ) ) ;
#1432 = SECURITY_CLASSIFICATION_LEVEL ( 'unclassified' ) ;
#1433 = APPROVAL ( #586, 'UNSPECIFIED' ) ;
#1434 = CARTESIAN_POINT ( 'NONE',  ( 23.27060168604022650, -0.9693676776440757203, 15.64589316356040172 ) ) ;
#1435 = CARTESIAN_POINT ( 'NONE',  ( 1.973063066665685650, 4.109773468302355681, 17.45797440355141461 ) ) ;
#1436 = CARTESIAN_POINT ( 'NONE',  ( -14.90758990154335351, 0.6942937462570271112, 18.25206915058322110 ) ) ;
#1437 = CARTESIAN_POINT ( 'NONE',  ( -13.13908817391644668, -2.825986097997019275, 55.00382131086085025 ) ) ;
#1438 = CARTESIAN_POINT ( 'NONE',  ( -14.88739826231188879, 0.7100059189410595772, 18.24813737000770431 ) ) ;
#1439 = LOCAL_TIME ( 13, 44, 7.000000000000000000, #7 ) ;
#1440 = CARTESIAN_POINT ( 'NONE',  ( 22.04736320164172625, 0.7706517069128331343, 15.40000000000001279 ) ) ;
#1441 = CARTESIAN_POINT ( 'NONE',  ( 6.619199786273438413, 3.089620807773310496, 90.00000000000001421 ) ) ;
#1442 = CARTESIAN_POINT ( 'NONE',  ( 11.88023534735712516, 5.076298419038883125, 95.00000000000002842 ) ) ;
#1443 = CARTESIAN_POINT ( 'NONE',  ( 22.13410553957450944, 0.2425734735723386604, 15.40000000000001279 ) ) ;
#1444 = ORIENTED_EDGE ( 'NONE', *, *, #873, .F. ) ;
#1445 = CARTESIAN_POINT ( 'NONE',  ( -13.35959254097321036, 1.795491682196277194, 15.00000000000001954 ) ) ;
#1446 = CARTESIAN_POINT ( 'NONE',  ( 17.10324097312933134, 2.041813587373152217, 15.68168745919917129 ) ) ;
#1447 = CARTESIAN_POINT ( 'NONE',  ( -14.90165683387102646, -0.3366204250089465666, 15.39999999999999325 ) ) ;
#1448 = CARTESIAN_POINT ( 'NONE',  ( -1.506963004092302771, 4.139417540507605686, 17.38117127005837403 ) ) ;
#1449 = CARTESIAN_POINT ( 'NONE',  ( -7.703264494798016671, 0.04966238971296169091, 14.99999999999998757 ) ) ;
#1450 = CARTESIAN_POINT ( 'NONE',  ( -13.80200281615064739, 1.394900925998169727, 18.24724815652105292 ) ) ;
#1451 = CARTESIAN_POINT ( 'NONE',  ( 20.95010585552157423, 1.370563923600201184, 18.66290057005877046 ) ) ;
#1452 = CARTESIAN_POINT ( 'NONE',  ( 20.95548635369672752, 7.207854132134994707, 88.33134367474799831 ) ) ;
#1453 = CARTESIAN_POINT ( 'NONE',  ( 21.59494410673509179, 0.2827049791426013980, 15.39999999999995772 ) ) ;
#1454 = VERTEX_POINT ( 'NONE', #269 ) ;
#1455 = CARTESIAN_POINT ( 'NONE',  ( -11.15044973236663850, 2.645857173990821654, 15.00000000000000711 ) ) ;
#1456 = CARTESIAN_POINT ( 'NONE',  ( -14.52690194050138039, -0.6602975504312209587, 18.58064600328161120 ) ) ;
#1457 = LINE ( 'NONE', #1477, #590 ) ;
#1458 = CARTESIAN_POINT ( 'NONE',  ( 21.68788484195920674, 1.182258454732099118, 18.67309298384799376 ) ) ;
#1459 = CARTESIAN_POINT ( 'NONE',  ( -13.86971740993459790, 1.523311589655113263, 15.39999999999945679 ) ) ;
#1460 = CARTESIAN_POINT ( 'NONE',  ( 19.02691210936580291, 4.899999999994208544, 15.40000000000001457 ) ) ;
#1461 = CARTESIAN_POINT ( 'NONE',  ( 21.36951870864540481, 6.185794012051325730, 74.99778421490097458 ) ) ;
#1462 = CARTESIAN_POINT ( 'NONE',  ( 21.42730184703965435, -2.441621644698766413, 15.39999999999995772 ) ) ;
#1463 = ORIENTED_EDGE ( 'NONE', *, *, #167, .T. ) ;
#1464 = CARTESIAN_POINT ( 'NONE',  ( -12.76331428423672953, -2.495100936035556494, 95.00000000000007105 ) ) ;
#1465 = CARTESIAN_POINT ( 'NONE',  ( 18.32977387626372945, 0.7244380911849717108, 18.15844868288365888 ) ) ;
#1466 = CARTESIAN_POINT ( 'NONE',  ( -14.83105883022729188, -0.3880089748678817729, 36.08366440381794860 ) ) ;
#1467 = CARTESIAN_POINT ( 'NONE',  ( 22.15977135154595601, 0.5052740595435447624, 18.10936967037001466 ) ) ;
#1468 = CARTESIAN_POINT ( 'NONE',  ( -16.42495365998231804, 3.295279349908466937, 15.40000000000001101 ) ) ;
#1469 = CARTESIAN_POINT ( 'NONE',  ( -15.61272198990829985, -3.491428166018161416, 15.40000000000001634 ) ) ;
#1470 = AXIS2_PLACEMENT_3D ( 'NONE', #317, #1100, #2022 ) ;
#1471 = CARTESIAN_POINT ( 'NONE',  ( 22.46417407860329618, 0.8799177137537890214, 21.66664351725305337 ) ) ;
#1472 = CARTESIAN_POINT ( 'NONE',  ( 21.72729296426943080, 0.2729004267087289937, 15.40000000000002700 ) ) ;
#1473 = EDGE_LOOP ( 'NONE', ( #1939, #1151, #1032, #1479 ) ) ;
#1474 = EDGE_CURVE ( 'NONE', #1705, #1129, #436, .T. ) ;
#1475 = CARTESIAN_POINT ( 'NONE',  ( -12.81724083190571761, 2.033422100171554892, 14.99999999999998579 ) ) ;
#1476 = DIRECTION ( 'NONE',  ( 1.000000000000000000, 0.000000000000000000, 0.000000000000000000 ) ) ;
#1477 = CARTESIAN_POINT ( 'NONE',  ( -26.00000000000000000, -9.215677299193766103, 3.201745283518915741 ) ) ;
#1478 = CARTESIAN_POINT ( 'NONE',  ( -13.29793098839109433, -5.327657638607337098, 95.00000000000002842 ) ) ;
#1479 = ORIENTED_EDGE ( 'NONE', *, *, #1272, .T. ) ;
#1480 = CARTESIAN_POINT ( 'NONE',  ( 21.30420559413732917, 4.362793260860308386, 15.39999999999998970 ) ) ;
#1481 = CARTESIAN_POINT ( 'NONE',  ( 1.433991329692195782, 0.6902529435447034567, 14.99999999999998934 ) ) ;
#1482 = CARTESIAN_POINT ( 'NONE',  ( 18.39382885200149076, 0.4966681563383089637, 15.39999999999999503 ) ) ;
#1483 = CARTESIAN_POINT ( 'NONE',  ( -11.87090610734827045, -1.716876710778051818, 95.00000000000000000 ) ) ;
#1484 = CARTESIAN_POINT ( 'NONE',  ( 0.7228164636680542987, 0.6822841385190061558, 18.38855098822635981 ) ) ;
#1485 = EDGE_CURVE ( 'NONE', #544, #1183, #1374, .T. ) ;
#1486 = CARTESIAN_POINT ( 'NONE',  ( -14.78989389406657473, -1.706663864009969611, 55.00429084460034801 ) ) ;
#1487 = CARTESIAN_POINT ( 'NONE',  ( 22.28935034730200471, 1.021443192338963302, 18.68118202158108332 ) ) ;
#1488 = ORIENTED_EDGE ( 'NONE', *, *, #925, .F. ) ;
#1489 = DIRECTION ( 'NONE',  ( 0.9930739288331685843, -0.1174911565687175863, 0.000000000000000000 ) ) ;
#1490 = CARTESIAN_POINT ( 'NONE',  ( -5.192995211901786590, -1.417373288750292115, 88.33333521238361641 ) ) ;
#1491 = CARTESIAN_POINT ( 'NONE',  ( 24.67746923225570299, -1.307353138127655301, 15.40000000000000213 ) ) ;
#1492 = CARTESIAN_POINT ( 'NONE',  ( -8.289470750307422975, 3.402126751091179013, 15.00000000000000711 ) ) ;
#1493 = CARTESIAN_POINT ( 'NONE',  ( -17.02420605688411115, 4.900000000000000355, 9.599999999999999645 ) ) ;
#1494 = PRODUCT_DEFINITION ( 'UNKNOWN', '', #1896, #1628 ) ;
#1495 = CARTESIAN_POINT ( 'NONE',  ( -14.04411979163251445, 1.267067353932093354, 18.24336158190498836 ) ) ;
#1496 = CARTESIAN_POINT ( 'NONE',  ( 22.17365342175727250, 0.5056425178609288418, 18.11601537973516329 ) ) ;
#1497 = ORIENTED_EDGE ( 'NONE', *, *, #365, .F. ) ;
#1498 = CARTESIAN_POINT ( 'NONE',  ( -16.96972789729570863, 2.895324334467491489, 15.39999999999999680 ) ) ;
#1499 = CARTESIAN_POINT ( 'NONE',  ( 10.76644815311339620, 1.073968885346556545, 21.66643942284341406 ) ) ;
#1500 = CARTESIAN_POINT ( 'NONE',  ( 22.19785641016072475, 0.2515689059709318998, 15.39999999999998437 ) ) ;
#1501 = CARTESIAN_POINT ( 'NONE',  ( 1.132863123758514723, 4.135407660165906663, 15.00000000000000000 ) ) ;
#1502 = CARTESIAN_POINT ( 'NONE',  ( -13.57969147410903155, -3.687586482871528570, 15.39999999999998614 ) ) ;
#1503 = PRODUCT ( 'CRB 01', 'CRB 01', '', ( #303 ) ) ;
#1504 = CARTESIAN_POINT ( 'NONE',  ( -12.68662174239044660, 1.925772235100017937, 18.25918337088801380 ) ) ;
#1505 = CARTESIAN_POINT ( 'NONE',  ( -13.55937329371543143, -5.077840971744713272, 89.99999999999994316 ) ) ;
#1506 = EDGE_LOOP ( 'NONE', ( #1946, #733, #79, #1664, #686 ) ) ;
#1507 = CARTESIAN_POINT ( 'NONE',  ( -14.71815337403781143, -1.682961299097000207, 35.00122724282856268 ) ) ;
#1508 = CARTESIAN_POINT ( 'NONE',  ( -2.746476001119680266, -0.3745277629124516006, 88.33326651491422865 ) ) ;
#1509 = CARTESIAN_POINT ( 'NONE',  ( 22.30008900090416546, 0.2929667370471835675, 15.40000000000001990 ) ) ;
#1510 = DIRECTION ( 'NONE',  ( 1.000000000000000000, 0.000000000000000000, 0.000000000000000000 ) ) ;
#1511 = CARTESIAN_POINT ( 'NONE',  ( -9.494819425211707298, 2.371123836036599819, 35.00103208871900051 ) ) ;
#1512 = DIRECTION ( 'NONE',  ( 0.4226182617407002740, 0.9063077870366496036, 0.000000000000000000 ) ) ;
#1513 = DATE_AND_TIME ( #135, #299 ) ;
#1514 = CARTESIAN_POINT ( 'NONE',  ( -26.00000000000000000, -9.048557817025065120, 1.466143101369821844 ) ) ;
#1515 = CARTESIAN_POINT ( 'NONE',  ( 17.72775660178550083, 1.890587398580199308, 15.55363666478564610 ) ) ;
#1516 = VERTEX_POINT ( 'NONE', #1686 ) ;
#1517 = CARTESIAN_POINT ( 'NONE',  ( -14.78287754891263717, -0.5831317367783480643, 18.56056972182556208 ) ) ;
#1518 = CARTESIAN_POINT ( 'NONE',  ( -14.50819125487715411, -0.8500313684835519856, 21.66676183993638460 ) ) ;
#1519 = CARTESIAN_POINT ( 'NONE',  ( 9.990176865898805048, 3.468632704914222042, 74.99700418858175510 ) ) ;
#1520 = CARTESIAN_POINT ( 'NONE',  ( 22.14201498788676403, 0.2425043261194728961, 15.39999999999999147 ) ) ;
#1521 = CARTESIAN_POINT ( 'NONE',  ( -4.846374364482084474, 3.566845642164882424, 35.00105821455893107 ) ) ;
#1522 = CARTESIAN_POINT ( 'NONE',  ( -14.41189768085345690, -0.6724029739883818912, 18.57992613754621658 ) ) ;
#1523 = DIRECTION ( 'NONE',  ( 1.000000000000000000, 0.000000000000000000, 0.000000000000000000 ) ) ;
#1524 = FACE_OUTER_BOUND ( 'NONE', #1714, .T. ) ;
#1525 = CARTESIAN_POINT ( 'NONE',  ( -14.52690194050138039, -0.6602975504312209587, 18.58064600328161120 ) ) ;
#1526 = CARTESIAN_POINT ( 'NONE',  ( -12.07868248373521425, -4.587943443134198773, 89.99999999999995737 ) ) ;
#1527 = CARTESIAN_POINT ( 'NONE',  ( -26.00000000000000000, 9.048557817025065120, 1.466143101369821844 ) ) ;
#1528 = B_SPLINE_CURVE_WITH_KNOTS ( 'NONE', 3,
 ( #1860, #771, #1533, #613, #145, #763, #883, #740, #1238, #577 ),
 .UNSPECIFIED., .F., .F.,
 ( 4, 2, 2, 2, 4 ),
 ( -5.999999986120158925E-08, 0.0004662187775609244618, 0.0009324975551217098979, 0.001398776332682495280, 0.001865055110243280878 ),
 .UNSPECIFIED. ) ;
#1529 = CARTESIAN_POINT ( 'NONE',  ( -11.51217359165806897, -1.362798953808896929, 35.00127642936287486 ) ) ;
#1530 = CARTESIAN_POINT ( 'NONE',  ( 22.18255961728087655, 0.2481181354881532852, 15.40000000000001990 ) ) ;
#1531 = CARTESIAN_POINT ( 'NONE',  ( -3.268168723349242466, 3.836030388226860932, 35.00106194988718755 ) ) ;
#1532 = CARTESIAN_POINT ( 'NONE',  ( -14.83578815117211569, -0.6240537005122305247, 18.58589531127231709 ) ) ;
#1533 = CARTESIAN_POINT ( 'NONE',  ( -15.10133350173641631, 0.4896179879774544275, 18.29859339680037777 ) ) ;
#1534 = EDGE_CURVE ( 'NONE', #1053, #1796, #878, .T. ) ;
#1535 = VECTOR ( 'NONE', #1328, 1000.000000000000114 ) ;
#1536 = DIRECTION ( 'NONE',  ( 0.000000000000000000, 0.000000000000000000, -1.000000000000000000 ) ) ;
#1537 = CARTESIAN_POINT ( 'NONE',  ( -14.88740534029519402, 0.7100155066940062598, 18.24790261373500400 ) ) ;
#1538 = CARTESIAN_POINT ( 'NONE',  ( -12.80671109684076114, -4.862257764636928492, 89.99999999999997158 ) ) ;
#1539 = CARTESIAN_POINT ( 'NONE',  ( -15.24452580901482790, -0.008164210714233802180, 21.66701204233437039 ) ) ;
#1540 = CARTESIAN_POINT ( 'NONE',  ( 22.15121242184609329, 0.7411899172156882765, 15.40000000000002345 ) ) ;
#1541 = CARTESIAN_POINT ( 'NONE',  ( 15.83356808618282408, 7.781761887089899687, 95.00000000000005684 ) ) ;
#1542 = CARTESIAN_POINT ( 'NONE',  ( -5.994415906737288857, 0.2187590888404956635, 15.40000000000001634 ) ) ;
#1543 = EDGE_CURVE ( 'NONE', #2000, #1304, #97, .T. ) ;
#1544 = CARTESIAN_POINT ( 'NONE',  ( -15.45388794665917587, -0.7581015077352610820, 35.00065071481436263 ) ) ;
#1545 = CARTESIAN_POINT ( 'NONE',  ( -13.63819394133809304, -4.774519925767602757, 84.99956656576094360 ) ) ;
#1546 = ORIENTED_EDGE ( 'NONE', *, *, #887, .T. ) ;
#1547 = CARTESIAN_POINT ( 'NONE',  ( -14.81605125477684659, -2.944426955425859749, 74.99553467491480774 ) ) ;
#1548 = CARTESIAN_POINT ( 'NONE',  ( 22.25253859232510578, 1.031368100672137134, 18.67954249311367576 ) ) ;
#1549 = CARTESIAN_POINT ( 'NONE',  ( 19.37674238642267355, 8.144404457725254787, 95.00000000000001421 ) ) ;
#1550 = CARTESIAN_POINT ( 'NONE',  ( 15.96628931599966172, 0.6192692568220872218, 15.40000000000000391 ) ) ;
#1551 = B_SPLINE_CURVE_WITH_KNOTS ( 'NONE', 3,
 ( #395, #1467, #1644, #1496, #552, #104, #561, #1173, #1031, #377, #1795, #720, #1182, #1804, #248, #990, #866, #1487, #692 ),
 .UNSPECIFIED., .F., .F.,
 ( 4, 2, 1, 2, 2, 2, 2, 2, 2, 4 ),
 ( -5.707785783299451506E-08, 1.520788101283007774E-05, 3.047283988349314916E-05, 6.100275762481362365E-05, 0.0001220625931074545862, 0.0002441822640727284882, 0.0004884216060032765903, 0.0007326609479338246382, 0.0008547806188990936206, 0.0009769002898643629283 ),
 .UNSPECIFIED. ) ;
#1552 = CARTESIAN_POINT ( 'NONE',  ( -14.66712611989431636, -4.137354783983567152, 88.33695126048840507 ) ) ;
#1553 = CARTESIAN_POINT ( 'NONE',  ( 2.088242619106934317, 4.900000000000155786, 15.39999999999983515 ) ) ;
#1554 = CARTESIAN_POINT ( 'NONE',  ( -15.00341353437013048, 0.7962469287631713799, 15.40000000000000036 ) ) ;
#1555 = CARTESIAN_POINT ( 'NONE',  ( -14.47387921705056613, -2.741430705062017026, 74.99520909519253564 ) ) ;
#1556 = CARTESIAN_POINT ( 'NONE',  ( 23.03754390875650415, 3.913333284466859574, 15.39999999999997726 ) ) ;
#1557 = CARTESIAN_POINT ( 'NONE',  ( 20.74673088253791065, 7.276001726795142233, 90.00000000000004263 ) ) ;
#1558 = CARTESIAN_POINT ( 'NONE',  ( 8.806417424457382737, 6.643420206118578086, 95.00000000000000000 ) ) ;
#1559 = CARTESIAN_POINT ( 'NONE',  ( -7.228820997360747569, -3.028238282450644636, 15.39999999999999503 ) ) ;
#1560 = CLOSED_SHELL ( 'NONE', ( #1638, #660, #1748, #1967, #194, #2009, #601, #522, #68, #961, #1775, #1301, #814, #1568, #1124, #1787, #58, #1337, #399, #785 ) ) ;
#1561 = ORIENTED_EDGE ( 'NONE', *, *, #475, .F. ) ;
#1562 = CARTESIAN_POINT ( 'NONE',  ( -14.31822260421265725, -4.904941221511979421, 89.99999999999997158 ) ) ;
#1563 = CARTESIAN_POINT ( 'NONE',  ( -7.768516378704980241, 3.483509203801729903, 16.25193325468314498 ) ) ;
#1564 = CARTESIAN_POINT ( 'NONE',  ( -14.89233240209161835, 0.7062439430562169607, 18.24942851227137908 ) ) ;
#1565 = CARTESIAN_POINT ( 'NONE',  ( -11.43423074049802501, -4.219002319646547150, 88.33345932237108400 ) ) ;
#1566 =( BOUNDED_SURFACE ( )  B_SPLINE_SURFACE ( 3, 2, ( 
 ( #1282, #118, #1965 ),
 ( #734, #1184, #1989 ),
 ( #1806, #580, #279 ),
 ( #1675, #106, #1517 ),
 ( #1213, #1062, #1685 ),
 ( #617, #11, #20 ),
 ( #1577, #186, #804 ),
 ( #645, #1865, #936 ),
 ( #1002, #1447, #74 ),
 ( #690, #528, #375 ),
 ( #1315, #1285, #1897 ),
 ( #505, #539, #669 ),
 ( #1734, #1296, #336 ),
 ( #956, #1576, #185 ),
 ( #1120, #1228, #133 ),
 ( #749, #1058, #1840 ),
 ( #442, #1871, #611 ),
 ( #1850, #451, #1701 ),
 ( #311, #301, #920 ),
 ( #471, #1994, #1214 ),
 ( #927, #1978, #1825 ),
 ( #1909, #929, #1708 ),
 ( #1715, #957, #946 ),
 ( #2031, #793, #1600 ),
 ( #1735, #209, #1098 ),
 ( #815, #1090, #466 ),
 ( #495, #12, #346 ),
 ( #316, #485, #175 ),
 ( #31, #1755, #356 ),
 ( #1404, #1554, #1578 ),
 ( #968, #21, #1436 ),
 ( #827, #1121, #42 ),
 ( #1243, #937, #1564 ),
 ( #187, #618, #1877 ),
 ( #1252, #1744, #1866 ),
 ( #165, #1589, #197 ),
 ( #476, #783, #636 ),
 ( #626, #646, #805 ) ),
 .UNSPECIFIED., .F., .F., .T. ) 
 B_SPLINE_SURFACE_WITH_KNOTS ( ( 4, 2, 2, 2, 2, 2, 2, 2, 2, 2, 2, 2, 2, 2, 2, 2, 2, 2, 4 ),
 ( 3, 3 ),
 ( 1.084202172485504434E-19, 0.001122930569431414413, 0.001684395854147121511, 0.002245861138862828826, 0.002807326423578535707, 0.003368791708294243022, 0.003930256993009950336, 0.004491722277725657651, 0.005614652847157071414, 0.006176118131872778728, 0.006737583416588486043, 0.007299048701304193358, 0.007860513986019900673, 0.008421979270735607120, 0.008702711913093460344, 0.008843078234272386956, 0.008913261394861850262, 0.008948352975156583650, 0.008983444555451315303 ),
 ( 0.000000000000000000, 1.000000000000000000 ),
 .UNSPECIFIED. ) 
 GEOMETRIC_REPRESENTATION_ITEM ( )  RATIONAL_B_SPLINE_SURFACE ( (
 ( 1.000000000000000000, 0.6854864751813484203, 1.000000000000000000),
 ( 1.000000000000000000, 0.6858402405579502314, 1.000000000000000000),
 ( 1.000000000000000000, 0.6864905007891790589, 1.000000000000000000),
 ( 1.000000000000000000, 0.6879234025877102310, 1.000000000000000000),
 ( 1.000000000000000000, 0.6884769950748949041, 1.000000000000000000),
 ( 1.000000000000000000, 0.6897039960878964537, 1.000000000000000000),
 ( 1.000000000000000000, 0.6903810924445901165, 1.000000000000000000),
 ( 1.000000000000000000, 0.6918660862814978163, 1.000000000000000000),
 ( 1.000000000000000000, 0.6926803444248884611, 1.000000000000000000),
 ( 1.000000000000000000, 0.6943928495557295522, 1.000000000000000000),
 ( 1.000000000000000000, 0.6952953438723471491, 1.000000000000000000),
 ( 1.000000000000000000, 0.6971924447367289224, 1.000000000000000000),
 ( 1.000000000000000000, 0.6981956289288866468, 1.000000000000000000),
 ( 1.000000000000000000, 0.7002529669642518773, 1.000000000000000000),
 ( 1.000000000000000000, 0.7013019374676892070, 1.000000000000000000),
 ( 1.000000000000000000, 0.7045006299414449114, 1.000000000000000000),
 ( 1.000000000000000000, 0.7067423707891827833, 1.000000000000000000),
 ( 1.000000000000000000, 0.7099950614035906993, 1.000000000000000000),
 ( 1.000000000000000000, 0.7110683811141611521, 1.000000000000000000),
 ( 1.000000000000000000, 0.7131908490385781008, 1.000000000000000000),
 ( 1.000000000000000000, 0.7142331262486609766, 1.000000000000000000),
 ( 1.000000000000000000, 0.7162252054540547697, 1.000000000000000000),
 ( 1.000000000000000000, 0.7171833515140608739, 1.000000000000000000),
 ( 1.000000000000000000, 0.7190234281522887017, 1.000000000000000000),
 ( 1.000000000000000000, 0.7199095858740155451, 1.000000000000000000),
 ( 1.000000000000000000, 0.7215483062989659357, 1.000000000000000000),
 ( 1.000000000000000000, 0.7223079284093875119, 1.000000000000000000),
 ( 1.000000000000000000, 0.7233586485156401347, 1.000000000000000000),
 ( 1.000000000000000000, 0.7236940421021545999, 1.000000000000000000),
 ( 1.000000000000000000, 0.7241744276265715818, 1.000000000000000000),
 ( 1.000000000000000000, 0.7243308393261660427, 1.000000000000000000),
 ( 1.000000000000000000, 0.7245594587398324071, 1.000000000000000000),
 ( 1.000000000000000000, 0.7246345654410226711, 1.000000000000000000),
 ( 1.000000000000000000, 0.7247455782875050767, 1.000000000000000000),
 ( 1.000000000000000000, 0.7247250950751128462, 1.000000000000000000),
 ( 1.000000000000000000, 0.7247196172657087709, 1.000000000000000000),
 ( 1.000000000000000000, 0.7247168784529480767, 1.000000000000000000),
 ( 1.000000000000000000, 0.7247141397321171796, 1.000000000000000000) ) ) 
 REPRESENTATION_ITEM ( '' )  SURFACE ( )  );
#1567 = CARTESIAN_POINT ( 'NONE',  ( -15.21813514423355329, -0.8417831033917189121, 35.00107234074020113 ) ) ;
#1568 = ADVANCED_FACE ( 'NONE', ( #571 ), #1655, .T. ) ;
#1569 = CARTESIAN_POINT ( 'NONE',  ( 22.17093050563350332, 1.053591961768553631, 18.67870620781151558 ) ) ;
#1570 = CARTESIAN_POINT ( 'NONE',  ( -11.16872570990057056, -0.9065893213064174505, 90.00000000000007105 ) ) ;
#1571 = CARTESIAN_POINT ( 'NONE',  ( 20.99599095755286626, 1.025748953362843219, 15.00000000000000000 ) ) ;
#1572 = CARTESIAN_POINT ( 'NONE',  ( -2.466650394120421641, -2.521437951844766268, 15.40000000000001457 ) ) ;
#1573 = APPROVAL_ROLE ( '' ) ;
#1574 = CARTESIAN_POINT ( 'NONE',  ( -14.78989389406657473, -1.706663864009969611, 55.00429084460034801 ) ) ;
#1575 = CARTESIAN_POINT ( 'NONE',  ( 0.03368455746104810633, 4.899999999999962164, 15.40000000000003588 ) ) ;
#1576 = CARTESIAN_POINT ( 'NONE',  ( -15.09371988698796585, -0.1470781056764390304, 15.39999999999917257 ) ) ;
#1577 = CARTESIAN_POINT ( 'NONE',  ( -16.76801379634699174, -2.856953889678406799, 15.40000000000000746 ) ) ;
#1578 = CARTESIAN_POINT ( 'NONE',  ( -14.91506584544162273, 0.6881750364360813554, 18.25342854408095050 ) ) ;
#1579 = CARTESIAN_POINT ( 'NONE',  ( -8.841963227458917274, -0.07430864785857872745, 15.00000000000002132 ) ) ;
#1580 = CARTESIAN_POINT ( 'NONE',  ( -15.75631260141140189, 3.733597597969430915, 15.39999999999999325 ) ) ;
#1581 = B_SPLINE_CURVE_WITH_KNOTS ( 'NONE', 3,
 ( #1682, #1504, #2010, #115, #1495, #1200, #276, #285, #1210, #764 ),
 .UNSPECIFIED., .F., .F.,
 ( 4, 2, 2, 2, 4 ),
 ( 0.000000000000000000, 0.001508204020051310407, 0.002262306030076965610, 0.002639357035089792778, 0.003016408040102619946 ),
 .UNSPECIFIED. ) ;
#1582 = CARTESIAN_POINT ( 'NONE',  ( 22.29691890772041418, 0.8041669942230199597, 15.39999999999989022 ) ) ;
#1583 = CARTESIAN_POINT ( 'NONE',  ( -9.941671051772010159, -3.652766204098149672, 90.00000000000005684 ) ) ;
#1584 = CARTESIAN_POINT ( 'NONE',  ( 17.54577869724066375, 1.895878582790771372, 15.00000000000000000 ) ) ;
#1585 = CARTESIAN_POINT ( 'NONE',  ( -11.51404755991378970, -0.5299690860584074237, 18.54904179587440538 ) ) ;
#1586 = DATE_TIME_ROLE ( 'classification_date' ) ;
#1587 = CARTESIAN_POINT ( 'NONE',  ( -15.02132949863427314, -3.253717009958791984, 74.99472733592142504 ) ) ;
#1588 = CARTESIAN_POINT ( 'NONE',  ( 15.11642158886415643, 2.643138640695073427, 18.51332510376532525 ) ) ;
#1589 = CARTESIAN_POINT ( 'NONE',  ( -14.94042793315617068, 0.8498133300707607640, 15.40000000000000036 ) ) ;
#1590 = CARTESIAN_POINT ( 'NONE',  ( -8.310328870975491000, -2.824129978155968779, 88.33340027853489573 ) ) ;
#1591 = CARTESIAN_POINT ( 'NONE',  ( -16.62057989059174901, 3.154426278933173400, 15.40000000000000746 ) ) ;
#1592 = CARTESIAN_POINT ( 'NONE',  ( 18.56573681079818883, 1.679188977585732934, 15.39999999999525926 ) ) ;
#1593 = CARTESIAN_POINT ( 'NONE',  ( -7.824045131638164285, -2.671370244979538455, 90.00000000000005684 ) ) ;
#1594 = CARTESIAN_POINT ( 'NONE',  ( 15.37769666941158064, 1.074816060125641570, 21.66647144668393210 ) ) ;
#1595 = CARTESIAN_POINT ( 'NONE',  ( 22.11805937316255211, 0.2438171749497766994, 15.39999999999998970 ) ) ;
#1596 = APPROVAL_DATE_TIME ( #965, #1433 ) ;
#1597 = VERTEX_POINT ( 'NONE', #139 ) ;
#1598 = CARTESIAN_POINT ( 'NONE',  ( -11.35441354766994060, 0.7177351415125133860, 55.00406664226411380 ) ) ;
#1599 = CARTESIAN_POINT ( 'NONE',  ( 13.31512791293211784, 2.837520503516169246, 16.17290948975732334 ) ) ;
#1600 = CARTESIAN_POINT ( 'NONE',  ( -15.08368376631467633, 0.4932283534428417715, 18.29803693744041837 ) ) ;
#1601 = CARTESIAN_POINT ( 'NONE',  ( -10.75000729192342064, -1.224199903794101152, 35.00127339343462296 ) ) ;
#1602 = CARTESIAN_POINT ( 'NONE',  ( -14.85452354508375450, 0.7341230819151225440, 18.24761928309568759 ) ) ;
#1603 = APPROVAL_PERSON_ORGANIZATION ( #2027, #1259, #1693 ) ;
#1604 = CARTESIAN_POINT ( 'NONE',  ( 18.62137035607834434, 1.926072464703847187, 18.63404502194390844 ) ) ;
#1605 = B_SPLINE_CURVE_WITH_KNOTS ( 'NONE', 3,
 ( #116, #599, #579, #286, #732, #1854, #1211, #1395, #137, #905, #1999, #1081, #1201, #147, #2029, #1823, #445, #1386, #615, #588, #1814, #1833, #424, #1072, #754, #1052, #1695, #1377, #2020, #607 ),
 .UNSPECIFIED., .F., .F.,
 ( 4, 2, 2, 2, 2, 2, 2, 2, 2, 2, 2, 2, 2, 2, 4 ),
 ( 0.05084883139387367385, 0.05143660863330571514, 0.05202438587273776338, 0.05319994035160184598, 0.05555104930933001117, 0.06025326722478634156, 0.06495548514024268583, 0.06965770305569901621, 0.07200881201342718141, 0.07435992097115534660, 0.07906213888661169087, 0.08376435680206803513, 0.08611546575979620033, 0.08729102023866028293, 0.08846657471752436552 ),
 .UNSPECIFIED. ) ;
#1606 = CARTESIAN_POINT ( 'NONE',  ( 21.57246410337855735, 0.8706900510655390946, 21.66675385631695505 ) ) ;
#1607 = CARTESIAN_POINT ( 'NONE',  ( 21.84228809628495682, 0.5248719088069789818, 18.11412315410488105 ) ) ;
#1608 = ORIENTED_EDGE ( 'NONE', *, *, #1272, .F. ) ;
#1609 = B_SPLINE_CURVE_WITH_KNOTS ( 'NONE', 3,
 ( #691, #1794, #1466, #1486, #1155, #857, #1803 ),
 .UNSPECIFIED., .F., .F.,
 ( 4, 1, 1, 1, 4 ),
 ( 0.04059661005710696324, 0.2499498047685968505, 0.4999364081776604962, 0.7499971327386807385, 0.9374839866563615676 ),
 .UNSPECIFIED. ) ;
#1610 = CARTESIAN_POINT ( 'NONE',  ( -12.82209137468793436, 1.690648087850985748, 21.66723327448561420 ) ) ;
#1611 = CARTESIAN_POINT ( 'NONE',  ( -9.910730549788729249, 2.891033329770341886, 18.16280879217980981 ) ) ;
#1612 = CARTESIAN_POINT ( 'NONE',  ( -15.35755328590777147, 1.346872384343515749, 16.35648957182954888 ) ) ;
#1613 = CARTESIAN_POINT ( 'NONE',  ( 22.08960650517120072, 1.075562789523619056, 18.67787157527866526 ) ) ;
#1614 = CARTESIAN_POINT ( 'NONE',  ( 19.42528435799434661, -9.215677299193766103, 3.201745283518916185 ) ) ;
#1615 = CARTESIAN_POINT ( 'NONE',  ( 21.99718699340668593, 4.187846699511793780, 15.39999999999998259 ) ) ;
#1616 = CARTESIAN_POINT ( 'NONE',  ( 20.70163119972328403, 7.752454946255662449, 95.00000000000004263 ) ) ;
#1617 = CARTESIAN_POINT ( 'NONE',  ( 21.42916084277292299, 0.2949359199226022632, 15.40000000000001101 ) ) ;
#1618 = ORIENTED_EDGE ( 'NONE', *, *, #775, .T. ) ;
#1619 = CARTESIAN_POINT ( 'NONE',  ( -14.41338485225144872, 1.254788236228874476, 15.00000000000000888 ) ) ;
#1620 = CARTESIAN_POINT ( 'NONE',  ( -12.60783034931203517, -0.6355576382063506946, 18.56560268951928805 ) ) ;
#1621 = CARTESIAN_POINT ( 'NONE',  ( -16.21738579628637922, 2.511591387791488827, 15.49075402470238849 ) ) ;
#1622 = CARTESIAN_POINT ( 'NONE',  ( -12.93353746333597698, -5.212614763216809166, 95.00000000000004263 ) ) ;
#1623 = CARTESIAN_POINT ( 'NONE',  ( -13.22264607865004749, 1.683040198683423805, 18.25489521294855066 ) ) ;
#1624 = CARTESIAN_POINT ( 'NONE',  ( -14.87873578686971854, -3.634113282118748067, 15.40000000000000036 ) ) ;
#1625 = EDGE_CURVE ( 'NONE', #915, #535, #928, .T. ) ;
#1626 = CARTESIAN_POINT ( 'NONE',  ( 20.23135758856095023, 2.093100418942565710, 35.00140319281835843 ) ) ;
#1627 = CARTESIAN_POINT ( 'NONE',  ( 15.87731668115474548, -2.175342119557118981, 15.40000000000000213 ) ) ;
#1628 = DESIGN_CONTEXT ( 'detailed design', #1023, 'design' ) ;
#1629 = ORIENTED_EDGE ( 'NONE', *, *, #887, .F. ) ;
#1630 = CARTESIAN_POINT ( 'NONE',  ( -12.26773104344083620, 2.253816446916677041, 15.00000000000001421 ) ) ;
#1631 = CARTESIAN_POINT ( 'NONE',  ( 9.907312330255068744, 0.9122298927380896316, 18.26804910667115678 ) ) ;
#1632 = CARTESIAN_POINT ( 'NONE',  ( -15.09516299661194871, 0.9914415845889221757, 16.97410053337556946 ) ) ;
#1633 = CARTESIAN_POINT ( 'NONE',  ( -14.31734544104977402, -0.8703159523615270343, 21.66681308334926825 ) ) ;
#1634 = VERTEX_POINT ( 'NONE', #308 ) ;
#1635 = VECTOR ( 'NONE', #1974, 1000.000000000000114 ) ;
#1636 = CARTESIAN_POINT ( 'NONE',  ( 19.66346692833187859, 1.409028617750581303, 15.39999999999971969 ) ) ;
#1637 = VECTOR ( 'NONE', #638, 1000.000000000000114 ) ;
#1638 = ADVANCED_FACE ( 'NONE', ( #177 ), #297, .T. ) ;
#1639 = CARTESIAN_POINT ( 'NONE',  ( 22.63166266801521687, 2.496738032061429191, 35.00064317573155392 ) ) ;
#1640 = CARTESIAN_POINT ( 'NONE',  ( 20.02129383426629872, 0.3949650116700133551, 15.39999999999999325 ) ) ;
#1641 = CARTESIAN_POINT ( 'NONE',  ( -14.33031373121960783, -2.607086756905963920, 74.99533543361290810 ) ) ;
#1642 = CARTESIAN_POINT ( 'NONE',  ( -11.69703271664471522, 4.899999999999949729, 15.40000000000002700 ) ) ;
#1643 = DIRECTION ( 'NONE',  ( 0.000000000000000000, 0.000000000000000000, -1.000000000000000000 ) ) ;
#1644 = CARTESIAN_POINT ( 'NONE',  ( 22.16413273525668615, 0.5053058674439911968, 18.11256215715718199 ) ) ;
#1645 = VERTEX_POINT ( 'NONE', #23 ) ;
#1646 = CARTESIAN_POINT ( 'NONE',  ( -18.09099181471373896, 0.9864435587994772048, 15.40000000000000036 ) ) ;
#1647 = CARTESIAN_POINT ( 'NONE',  ( 6.154867540184302932, 0.9573888422440183232, 21.66646349628658541 ) ) ;
#1648 = CARTESIAN_POINT ( 'NONE',  ( 22.35671898412196867, -2.475921788160158510, 15.39999999999998259 ) ) ;
#1649 = CC_DESIGN_DATE_AND_TIME_ASSIGNMENT ( #975, #1586, ( #459 ) ) ;
#1650 = CARTESIAN_POINT ( 'NONE',  ( 2.410785766909844696, 4.800319342693635249, 74.99680777691686728 ) ) ;
#1651 = DIRECTION ( 'NONE',  ( -0.3654593875974740391, 0.9308272858145484330, 0.000000000000000000 ) ) ;
#1652 = CARTESIAN_POINT ( 'NONE',  ( -9.756915687567737194, 2.935148185624583128, 18.14975043588234982 ) ) ;
#1653 = CARTESIAN_POINT ( 'NONE',  ( 21.43771773273407888, -4.900000000000000355, 9.599999999999999645 ) ) ;
#1654 = ORIENTED_EDGE ( 'NONE', *, *, #1186, .T. ) ;
#1655 = B_SPLINE_SURFACE_WITH_KNOTS ( 'NONE', 3, 3, ( 
 ( #735, #1816, #713, #581, #1195, #1518, #128 ),
 ( #1175, #1339, #563, #1054, #1507, #554, #1356 ),
 ( #1185, #1797, #1656, #1990, #723, #1224, #795 ),
 ( #1233, #1405, #478, #158, #1567, #1539, #1416 ),
 ( #1390, #1888, #1547, #1254, #1265, #2013, #328 ),
 ( #457, #602, #1555, #767, #487, #938, #166 ) ),
 .UNSPECIFIED., .F., .F., .F.,
 ( 4, 2, 4 ),
 ( 4, 1, 1, 1, 4 ),
 ( 0.000000000000000000, 0.5000000000000000000, 1.000000000000000000 ),
 ( 0.000000000000000000, 0.2500028672613191505, 0.5000635918223395038, 0.7500501952314031495, 1.000000000000000000 ),
 .UNSPECIFIED. ) ;
#1656 = CARTESIAN_POINT ( 'NONE',  ( -14.57963284870726817, -4.126875297343708837, 74.99639767553479430 ) ) ;
#1657 = CARTESIAN_POINT ( 'NONE',  ( 3.405622952470010567, 1.682308110930135436, 74.99676669521069527 ) ) ;
#1658 = CARTESIAN_POINT ( 'NONE',  ( 22.71678239145345657, -2.438864159835577805, 15.39999999999997016 ) ) ;
#1659 = CARTESIAN_POINT ( 'NONE',  ( -0.2099474241528184459, 4.290509201413088114, 88.33313723986032073 ) ) ;
#1660 = CARTESIAN_POINT ( 'NONE',  ( -14.88893744953561082, -3.632904934925734963, 15.39999999999997193 ) ) ;
#1661 = DIRECTION ( 'NONE',  ( 0.000000000000000000, -0.5591929034707511237, 0.8290375725550388486 ) ) ;
#1662 = CARTESIAN_POINT ( 'NONE',  ( 24.90689827979248960, 2.539681691663966845, 15.39999999999999325 ) ) ;
#1663 = CARTESIAN_POINT ( 'NONE',  ( 18.32107936662385583, 1.737212394273413896, 15.39999999999358060 ) ) ;
#1664 = ORIENTED_EDGE ( 'NONE', *, *, #1112, .F. ) ;
#1665 = CARTESIAN_POINT ( 'NONE',  ( -17.56631599114859554, 2.182223198307006395, 15.39999999999999858 ) ) ;
#1666 = CARTESIAN_POINT ( 'NONE',  ( -0.9856159953712936295, 0.3027416795097381264, 95.00000000000027001 ) ) ;
#1667 = CARTESIAN_POINT ( 'NONE',  ( 21.99607441743108538, -2.476273037903113039, 15.39999999999999325 ) ) ;
#1668 = AXIS2_PLACEMENT_3D ( 'NONE', #247, #560, #1643 ) ;
#1669 = CC_DESIGN_SECURITY_CLASSIFICATION ( #459, ( #1896 ) ) ;
#1670 = CARTESIAN_POINT ( 'NONE',  ( -5.869327893952487329, 2.062018194958213257, 95.00000000000002842 ) ) ;
#1671 = CARTESIAN_POINT ( 'NONE',  ( -15.18775669802304940, -3.597529961603717297, 15.39999999999999325 ) ) ;
#1672 = PERSON_AND_ORGANIZATION ( #100, #651 ) ;
#1673 = DIRECTION ( 'NONE',  ( -0.000000000000000000, 0.000000000000000000, 1.000000000000000000 ) ) ;
#1674 = CARTESIAN_POINT ( 'NONE',  ( -13.17779097392707399, -4.982569271294279289, 89.99999999999994316 ) ) ;
#1675 = CARTESIAN_POINT ( 'NONE',  ( -16.13451404649106280, -3.260806563797024271, 15.40000000000000746 ) ) ;
#1676 = CARTESIAN_POINT ( 'NONE',  ( -17.72492813518142896, -1.733536430780982629, 15.40000000000002522 ) ) ;
#1677 = CARTESIAN_POINT ( 'NONE',  ( 10.59701188154567930, 0.7568429402813451334, 14.99999999999994671 ) ) ;
#1678 = CARTESIAN_POINT ( 'NONE',  ( 24.99194883863370720, -0.8759038861185065583, 15.40000000000003411 ) ) ;
#1679 = CARTESIAN_POINT ( 'NONE',  ( -10.39588728928864825, 2.878001683731953086, 15.00000000000000178 ) ) ;
#1680 = LINE ( 'NONE', #293, #108 ) ;
#1681 = FACE_OUTER_BOUND ( 'NONE', #1916, .T. ) ;
#1682 = CARTESIAN_POINT ( 'NONE',  ( -12.21581948084499025, 2.110441925177877653, 18.26275393417843418 ) ) ;
#1683 = FACE_OUTER_BOUND ( 'NONE', #616, .T. ) ;
#1684 = ORIENTED_EDGE ( 'NONE', *, *, #574, .T. ) ;
#1685 = CARTESIAN_POINT ( 'NONE',  ( -14.81674882350772648, -0.5646484994461011819, 18.55599882181330784 ) ) ;
#1686 = CARTESIAN_POINT ( 'NONE',  ( -15.77337553262640313, 7.582414715655248827, 0.000000000000000000 ) ) ;
#1687 = CARTESIAN_POINT ( 'NONE',  ( -2.734236390229122016, -0.4569875107765257183, 94.99999999999982947 ) ) ;
#1688 = EDGE_CURVE ( 'NONE', #1796, #915, #948, .T. ) ;
#1689 = CARTESIAN_POINT ( 'NONE',  ( 22.41704951370182997, 0.7272215396704853063, 18.41976717839622779 ) ) ;
#1690 = CARTESIAN_POINT ( 'NONE',  ( 28.19873815708379183, 9.599055089724382483, 2.633364335083567820 ) ) ;
#1691 = CARTESIAN_POINT ( 'NONE',  ( -7.126351402849844696, 3.624308379364704624, 15.00000000000000711 ) ) ;
#1692 = CARTESIAN_POINT ( 'NONE',  ( -14.87210243391621489, -3.634899499388460686, 15.40000000000002167 ) ) ;
#1693 = APPROVAL_ROLE ( '' ) ;
#1694 = CARTESIAN_POINT ( 'NONE',  ( -23.78522648123381344, -9.599055089724384260, 2.633364335083572705 ) ) ;
#1695 = CARTESIAN_POINT ( 'NONE',  ( -13.30573888781093217, -3.682506717557401110, 15.40000000000000746 ) ) ;
#1696 = ORIENTED_EDGE ( 'NONE', *, *, #536, .T. ) ;
#1697 = CARTESIAN_POINT ( 'NONE',  ( 21.43771773273407888, -4.900000000000000355, 15.40000000000000036 ) ) ;
#1698 = CARTESIAN_POINT ( 'NONE',  ( 22.26769559906295726, 1.026489237161722690, 18.67938160428746741 ) ) ;
#1699 = EDGE_CURVE ( 'NONE', #1304, #1347, #1879, .T. ) ;
#1700 = CARTESIAN_POINT ( 'NONE',  ( 12.89979759333633247, 2.843778743880327031, 15.00000000000001066 ) ) ;
#1701 = CARTESIAN_POINT ( 'NONE',  ( -15.19119591436012229, 0.1680625079607577788, 18.37544913002826874 ) ) ;
#1702 = CARTESIAN_POINT ( 'NONE',  ( -15.15408695917396820, -3.601515427776949885, 15.39999999999999325 ) ) ;
#1703 = CARTESIAN_POINT ( 'NONE',  ( 24.90689827979248960, 2.539681691663966845, 15.39999999999999325 ) ) ;
#1704 = CARTESIAN_POINT ( 'NONE',  ( -14.38807649478167328, -1.746751374504301735, 36.19471019472186413 ) ) ;
#1705 = VERTEX_POINT ( 'NONE', #149 ) ;
#1706 =( BOUNDED_CURVE ( )  B_SPLINE_CURVE ( 3, ( #493, #772, #1894, #1118 ),
 .UNSPECIFIED., .F., .F. ) 
 B_SPLINE_CURVE_WITH_KNOTS ( ( 4, 4 ),
 ( 5.497787143782139729, 6.876597252857663989 ),
 .UNSPECIFIED. ) 
 CURVE ( )  GEOMETRIC_REPRESENTATION_ITEM ( )  RATIONAL_B_SPLINE_CURVE ( ( 1.000000000000000000, 0.8477497222584791103, 0.8477497222584791103, 1.000000000000000000 ) ) 
 REPRESENTATION_ITEM ( '' )  );
#1707 = CARTESIAN_POINT ( 'NONE',  ( 22.16887362272445472, 0.7782476846421123584, 15.39999999999992397 ) ) ;
#1708 = CARTESIAN_POINT ( 'NONE',  ( -15.13550362279673145, 0.3905154723788324955, 18.32213468300896508 ) ) ;
#1709 = CARTESIAN_POINT ( 'NONE',  ( 21.99318120666120535, 4.535367170816728688, 55.00351434821305219 ) ) ;
#1710 = CARTESIAN_POINT ( 'NONE',  ( -12.28016610046547541, -0.4382284230305787398, 15.40000000000001101 ) ) ;
#1711 = CALENDAR_DATE ( 2026, 13, 4 ) ;
#1712 = CARTESIAN_POINT ( 'NONE',  ( -14.35589866523845792, -3.880438215886829578, 90.00000000001503508 ) ) ;
#1713 = CARTESIAN_POINT ( 'NONE',  ( -6.769575492781497950, 4.899999999999863576, 15.40000000000010694 ) ) ;
#1714 = EDGE_LOOP ( 'NONE', ( #1950, #1293, #1365, #287 ) ) ;
#1715 = CARTESIAN_POINT ( 'NONE',  ( -17.82543301942240532, 1.727634865419338972, 15.40000000000000036 ) ) ;
#1716 = DIRECTION ( 'NONE',  ( 0.000000000000000000, 0.000000000000000000, 1.000000000000000000 ) ) ;
#1717 = CARTESIAN_POINT ( 'NONE',  ( 22.16133746803331306, 0.7395786879013798165, 15.40000000000002345 ) ) ;
#1718 = CARTESIAN_POINT ( 'NONE',  ( 20.03923401078169420, 7.097394452844510759, 90.00000000000000000 ) ) ;
#1719 = CARTESIAN_POINT ( 'NONE',  ( 17.71862469681392582, 2.368014169651035061, 21.66791413599330696 ) ) ;
#1720 = CARTESIAN_POINT ( 'NONE',  ( -8.549702034970556142, -3.193374745712739493, 15.40000000000001812 ) ) ;
#1721 = CARTESIAN_POINT ( 'NONE',  ( 24.90689827979248960, 2.539681691663966845, 15.39999999999999325 ) ) ;
#1722 = CARTESIAN_POINT ( 'NONE',  ( -2.617542029449086538, 4.101283599654454548, 16.25347556130203941 ) ) ;
#1723 = EDGE_CURVE ( 'NONE', #1129, #1082, #784, .T. ) ;
#1724 = CYLINDRICAL_SURFACE ( 'NONE', #393, 1.370609345621692565 ) ;
#1725 = CARTESIAN_POINT ( 'NONE',  ( -12.65755492893494960, -1.567134523406286117, 35.00133740964044904 ) ) ;
#1726 = DIRECTION ( 'NONE',  ( 1.000000000000000000, 0.000000000000000000, 0.000000000000000000 ) ) ;
#1727 = CARTESIAN_POINT ( 'NONE',  ( 22.20880540937744030, 1.043301008017538889, 18.67906799811494523 ) ) ;
#1728 = CARTESIAN_POINT ( 'NONE',  ( -9.531918343517338243, 0.1993407946651686025, 89.99999999999994316 ) ) ;
#1729 = CARTESIAN_POINT ( 'NONE',  ( 11.69129278735054100, 6.096782107982295251, 74.99747747546432208 ) ) ;
#1730 = CARTESIAN_POINT ( 'NONE',  ( -2.718056591664887112, 0.4679980843264424650, 18.43358410405110348 ) ) ;
#1731 = CARTESIAN_POINT ( 'NONE',  ( -14.36774651479984222, -3.741203019753512216, 88.33628331513079956 ) ) ;
#1732 = CARTESIAN_POINT ( 'NONE',  ( 0.01390914110437101864, 4.155359798518985848, 17.38011429845047573 ) ) ;
#1733 = VECTOR ( 'NONE', #1726, 1000.000000000000000 ) ;
#1734 = CARTESIAN_POINT ( 'NONE',  ( -17.82213507377813144, -1.546926466041396608, 15.39999999999998970 ) ) ;
#1735 = CARTESIAN_POINT ( 'NONE',  ( -17.54198954199008753, 2.218398773365741317, 15.40000000000000036 ) ) ;
#1736 = CARTESIAN_POINT ( 'NONE',  ( -10.90973489651883632, -3.995253378833808711, 88.33342091005376062 ) ) ;
#1737 = CARTESIAN_POINT ( 'NONE',  ( -26.00000000000000000, 4.900000000000000355, 15.40000000000000036 ) ) ;
#1738 = CARTESIAN_POINT ( 'NONE',  ( 22.15919073574874787, 0.7423351376729107054, 15.40000000000001101 ) ) ;
#1739 = CARTESIAN_POINT ( 'NONE',  ( -13.31385072260392022, -2.677375086630076506, 90.00000000000004263 ) ) ;
#1740 = CARTESIAN_POINT ( 'NONE',  ( 11.13839405075297151, 7.082467299790055293, 95.00000000000002842 ) ) ;
#1741 = CARTESIAN_POINT ( 'NONE',  ( 5.426778489831634467, 0.8456034915284059705, 18.32677683349303877 ) ) ;
#1742 = CARTESIAN_POINT ( 'NONE',  ( 24.71258779536044514, 2.122981513072681459, 15.40000000000002167 ) ) ;
#1743 = CARTESIAN_POINT ( 'NONE',  ( 15.76898810966392084, 2.521033416326837528, 18.54883309035217920 ) ) ;
#1744 = CARTESIAN_POINT ( 'NONE',  ( -14.95949424427423935, 0.8356935104508086409, 15.40000000000000391 ) ) ;
#1745 = CARTESIAN_POINT ( 'NONE',  ( -12.26261206481287758, -0.4145759582162799051, 14.99999999999999645 ) ) ;
#1746 = CARTESIAN_POINT ( 'NONE',  ( -14.19505426184464447, 1.348051898873628529, 15.39999999999944080 ) ) ;
#1747 = CARTESIAN_POINT ( 'NONE',  ( -17.04125823176739374, -2.619293533359279724, 15.40000000000000213 ) ) ;
#1748 = ADVANCED_FACE ( 'NONE', ( #1111 ), #1397, .T. ) ;
#1749 = CARTESIAN_POINT ( 'NONE',  ( 19.66261953370185012, 6.999331949514850493, 90.00000000000000000 ) ) ;
#1750 = CARTESIAN_POINT ( 'NONE',  ( 22.34563064523700149, 0.4111552111039035173, 14.99999999999998757 ) ) ;
#1751 = CARTESIAN_POINT ( 'NONE',  ( -5.983620052159787761, 0.1410398624655114230, 18.47649108489739334 ) ) ;
#1752 = ORIENTED_EDGE ( 'NONE', *, *, #1001, .F. ) ;
#1753 = CARTESIAN_POINT ( 'NONE',  ( -13.89386395208222602, 1.540579750357219835, 15.00000000000000178 ) ) ;
#1754 = CARTESIAN_POINT ( 'NONE',  ( 3.291355328409342640, 4.049013738847365929, 17.54115712271493877 ) ) ;
#1755 = CARTESIAN_POINT ( 'NONE',  ( -15.02697201541329619, 0.7712929782849751170, 15.40000000000000036 ) ) ;
#1756 = CARTESIAN_POINT ( 'NONE',  ( -6.564014695680493006, 0.1696894813688195336, 15.00000000000002842 ) ) ;
#1757 = CARTESIAN_POINT ( 'NONE',  ( -26.00000000000000000, 7.582414715655247939, 0.000000000000000000 ) ) ;
#1758 = DIRECTION ( 'NONE',  ( 0.4226182617407002184, 0.9063077870366494926, 0.000000000000000000 ) ) ;
#1759 = CARTESIAN_POINT ( 'NONE',  ( 20.74263204364962832, 8.207535344557017609, 94.99999999999988631 ) ) ;
#1760 = CARTESIAN_POINT ( 'NONE',  ( 18.93590408107757028, -2.298418403850323699, 15.39999999999999680 ) ) ;
#1761 = EDGE_CURVE ( 'NONE', #307, #1129, #758, .T. ) ;
#1762 = ORIENTED_EDGE ( 'NONE', *, *, #935, .T. ) ;
#1763 = CARTESIAN_POINT ( 'NONE',  ( -11.75444174371460981, -0.5176033346865905882, 74.99593665591505953 ) ) ;
#1764 = CARTESIAN_POINT ( 'NONE',  ( -11.07552359942514109, 2.525605938423856056, 18.23855951180757273 ) ) ;
#1765 = CARTESIAN_POINT ( 'NONE',  ( -14.89317858653466509, 0.7178358781559024404, 18.05642070282891964 ) ) ;
#1766 = CARTESIAN_POINT ( 'NONE',  ( -11.63417673935927255, -0.7002720677181517583, 21.66668637324334412 ) ) ;
#1767 = CARTESIAN_POINT ( 'NONE',  ( -16.35932401186123997, 3.341437263159378723, 15.40000000000000036 ) ) ;
#1768 = CIRCLE ( 'NONE', #1861, 3.000000000000000444 ) ;
#1769 = CARTESIAN_POINT ( 'NONE',  ( 22.12721511990101320, 1.065415878258784810, 18.67826215266414991 ) ) ;
#1770 = CARTESIAN_POINT ( 'NONE',  ( 22.19300152080467825, 0.6888503803042800300, 15.00000000000000533 ) ) ;
#1771 = CARTESIAN_POINT ( 'NONE',  ( 20.26484435366359449, -2.370820911375096873, 15.39999999999999147 ) ) ;
#1772 = EDGE_LOOP ( 'NONE', ( #1618, #766 ) ) ;
#1773 = CARTESIAN_POINT ( 'NONE',  ( -10.40694020773196726, 2.600791129610990016, 21.66715640893665906 ) ) ;
#1774 = CARTESIAN_POINT ( 'NONE',  ( -13.75520638170712395, -0.6956981724050020910, 18.57706183428897972 ) ) ;
#1775 = ADVANCED_FACE ( 'NONE', ( #1074 ), #917, .T. ) ;
#1776 = CARTESIAN_POINT ( 'NONE',  ( -4.093088833241879776, 3.974179650893492344, 17.53659708571958120 ) ) ;
#1777 = CARTESIAN_POINT ( 'NONE',  ( -13.78990023321391512, -4.166090771885914812, 74.99682135788559378 ) ) ;
#1778 = CARTESIAN_POINT ( 'NONE',  ( -13.46353844254860732, 1.568601992033989534, 18.25190646923810078 ) ) ;
#1779 = CARTESIAN_POINT ( 'NONE',  ( 22.43746497120416805, 4.073934441971245768, 15.40000000000001279 ) ) ;
#1780 = CARTESIAN_POINT ( 'NONE',  ( 18.43999181478748994, 7.116239033366210442, 95.00000000000001421 ) ) ;
#1781 = CARTESIAN_POINT ( 'NONE',  ( 21.97478234730222013, 0.2544921284214953228, 15.40000000000000924 ) ) ;
#1782 = ORIENTED_EDGE ( 'NONE', *, *, #1246, .F. ) ;
#1783 = CARTESIAN_POINT ( 'NONE',  ( -14.36008584627147755, -1.282778305499516547, 55.00414696780109125 ) ) ;
#1784 = CARTESIAN_POINT ( 'NONE',  ( -10.72223341964334686, 4.900000000000113154, 15.39999999999998792 ) ) ;
#1785 = CARTESIAN_POINT ( 'NONE',  ( -16.44026877057553904, 2.813506042222678971, 15.41823463643103409 ) ) ;
#1786 = CARTESIAN_POINT ( 'NONE',  ( -13.72010858414605572, -2.905599617035676374, 55.00381822097026685 ) ) ;
#1787 = ADVANCED_FACE ( 'NONE', ( #1856 ), #2001, .F. ) ;
#1788 = ORIENTED_EDGE ( 'NONE', *, *, #243, .F. ) ;
#1789 = CARTESIAN_POINT ( 'NONE',  ( 20.51445714665648978, 1.189212402406850666, 15.39999999999997726 ) ) ;
#1790 = CARTESIAN_POINT ( 'NONE',  ( 21.17322696476691490, 5.907025887898923244, 74.99759361839478800 ) ) ;
#1791 = CARTESIAN_POINT ( 'NONE',  ( 18.40422101044377357, 0.7201891623462589598, 18.15735207951196273 ) ) ;
#1792 = CARTESIAN_POINT ( 'NONE',  ( -14.73533937691614248, 1.025616086015893380, 15.00000000000000533 ) ) ;
#1793 = CARTESIAN_POINT ( 'NONE',  ( -11.46463346969487951, -0.5294645795040665570, 18.54749797217682428 ) ) ;
#1794 = CARTESIAN_POINT ( 'NONE',  ( -14.87417148597342376, 0.3682027170170629748, 23.83275327857179349 ) ) ;
#1795 = CARTESIAN_POINT ( 'NONE',  ( 22.37533501199499497, 0.6179071989493150063, 18.29747786830558809 ) ) ;
#1796 = VERTEX_POINT ( 'NONE', #1614 ) ;
#1797 = CARTESIAN_POINT ( 'NONE',  ( -14.28197165924734691, -4.924488582805332193, 88.33375742612159343 ) ) ;
#1798 = VECTOR ( 'NONE', #65, 1000.000000000000114 ) ;
#1799 = CARTESIAN_POINT ( 'NONE',  ( 1.677311181059490286, 0.8391301973348282983, 35.00136346252945430 ) ) ;
#1800 = CARTESIAN_POINT ( 'NONE',  ( 22.11435322437593953, 0.5079172659784929600, 18.11007098986158681 ) ) ;
#1801 = CARTESIAN_POINT ( 'NONE',  ( -9.973622815888797177, -0.2997846862422780534, 95.00000000000002842 ) ) ;
#1802 = CARTESIAN_POINT ( 'NONE',  ( 20.62511884359058456, 0.6026724404144403469, 18.12925505923175606 ) ) ;
#1803 = CARTESIAN_POINT ( 'NONE',  ( -14.35589866523845792, -3.880438215886829578, 90.00000000001503508 ) ) ;
#1804 = CARTESIAN_POINT ( 'NONE',  ( 22.42627610104322855, 0.8336018020844895293, 18.53205621466572239 ) ) ;
#1805 = ORIENTED_EDGE ( 'NONE', *, *, #1761, .T. ) ;
#1806 = CARTESIAN_POINT ( 'NONE',  ( -15.61678919511377472, -3.490327064320528194, 15.40000000000000746 ) ) ;
#1807 = CARTESIAN_POINT ( 'NONE',  ( -17.66756844524882197, 2.021491694508907866, 15.39999999999999858 ) ) ;
#1808 = CARTESIAN_POINT ( 'NONE',  ( 1.546443053315013971, 0.7428750225665784468, 21.66652309117747777 ) ) ;
#1809 = CARTESIAN_POINT ( 'NONE',  ( 22.40571888111375287, 0.6857243718048906533, 18.37247133927589715 ) ) ;
#1810 = CARTESIAN_POINT ( 'NONE',  ( -1.235694955422024011, 4.175425051596718617, 15.00000000000001421 ) ) ;
#1811 = CARTESIAN_POINT ( 'NONE',  ( -13.91299435062817480, -3.690254714686520110, 15.40000000000002878 ) ) ;
#1812 = CARTESIAN_POINT ( 'NONE',  ( -16.65302510313063067, 3.130656218512792410, 15.40000000000001457 ) ) ;
#1813 = CARTESIAN_POINT ( 'NONE',  ( 23.59151240427072338, 3.708879465185006996, 15.40000000000001457 ) ) ;
#1814 = CARTESIAN_POINT ( 'NONE',  ( -3.979505537121033942, -2.654436106532109374, 15.40000000000000924 ) ) ;
#1815 = VERTEX_POINT ( 'NONE', #189 ) ;
#1816 = CARTESIAN_POINT ( 'NONE',  ( -13.58475355659429873, -4.977842845834355323, 88.33285117649155893 ) ) ;
#1817 = CARTESIAN_POINT ( 'NONE',  ( 1.139197487025822575, 1.149619943393719979, 94.99999999999991473 ) ) ;
#1818 = CARTESIAN_POINT ( 'NONE',  ( 22.25279998421686756, 0.2691070693715940654, 15.39999999999997904 ) ) ;
#1819 = CARTESIAN_POINT ( 'NONE',  ( -7.191638769229932393, 3.050568341197406497, 35.00104695094159268 ) ) ;
#1820 = CARTESIAN_POINT ( 'NONE',  ( -13.32179514007446741, -0.6812770933179933541, 18.57552411983721896 ) ) ;
#1821 = CALENDAR_DATE ( 2026, 13, 4 ) ;
#1822 = CARTESIAN_POINT ( 'NONE',  ( -14.87873578686971854, -3.634113282118748067, 15.40000000000000036 ) ) ;
#1823 = CARTESIAN_POINT ( 'NONE',  ( 3.043097943354382995, -2.229084365404786716, 15.40000000000000924 ) ) ;
#1824 = CARTESIAN_POINT ( 'NONE',  ( -13.55937329371543143, -5.077840971744713272, 89.99999999999994316 ) ) ;
#1825 = CARTESIAN_POINT ( 'NONE',  ( -15.16132767010919835, 0.3184563871037031091, 18.33923220077788585 ) ) ;
#1826 = CARTESIAN_POINT ( 'NONE',  ( -18.16465347809171860, -0.5050055130448007912, 15.40000000000000391 ) ) ;
#1827 = CARTESIAN_POINT ( 'NONE',  ( -4.176451340936067957, -0.7139769235604854769, 74.99661468051277780 ) ) ;
#1828 = CARTESIAN_POINT ( 'NONE',  ( 22.38719359305240175, 0.6452921132764511958, 18.32663768146836603 ) ) ;
#1829 = CARTESIAN_POINT ( 'NONE',  ( -7.478643515117506801, 2.399790410777391969, 55.00399539485972866 ) ) ;
#1830 = CARTESIAN_POINT ( 'NONE',  ( -13.90204474708850846, -0.5067663331763049284, 15.40000000000002345 ) ) ;
#1831 = APPROVAL_ROLE ( '' ) ;
#1832 = CARTESIAN_POINT ( 'NONE',  ( 22.43462241444831662, 4.075064932801102380, 15.39999999999999147 ) ) ;
#1833 = CARTESIAN_POINT ( 'NONE',  ( -7.087622677205962951, -3.004527471382075543, 15.40000000000001279 ) ) ;
#1834 = ORIENTED_EDGE ( 'NONE', *, *, #304, .T. ) ;
#1835 = CARTESIAN_POINT ( 'NONE',  ( -15.60742904644712326, 3.825206006214230570, 15.39999999999998970 ) ) ;
#1836 = CARTESIAN_POINT ( 'NONE',  ( 5.592815126450557450, 2.302938397150418037, 74.99683526055441973 ) ) ;
#1837 = CARTESIAN_POINT ( 'NONE',  ( 22.16788573535944806, 0.5054038357289849515, 18.11390816563335804 ) ) ;
#1838 = CARTESIAN_POINT ( 'NONE',  ( -13.86188041970946649, -3.250822227111962892, 90.00000000000004263 ) ) ;
#1839 = CARTESIAN_POINT ( 'NONE',  ( -8.884334835614788872, 0.6533978250509917540, 88.33421281936993807 ) ) ;
#1840 = CARTESIAN_POINT ( 'NONE',  ( -15.18898403254415719, -0.02177439837524411392, 18.42210045882285385 ) ) ;
#1841 = CARTESIAN_POINT ( 'NONE',  ( -13.33063750817114901, -0.4953624810849179272, 15.40000000000001457 ) ) ;
#1842 = CARTESIAN_POINT ( 'NONE',  ( -26.00000000000000000, 9.048557817025065120, 1.466143101369821844 ) ) ;
#1843 = LINE ( 'NONE', #1376, #1635 ) ;
#1844 = CARTESIAN_POINT ( 'NONE',  ( 19.50321345235650128, -9.048557817025065120, 1.466143101369821844 ) ) ;
#1845 = ORIENTED_EDGE ( 'NONE', *, *, #1901, .T. ) ;
#1846 = CARTESIAN_POINT ( 'NONE',  ( 18.41760251426437733, -11.37665798674451700, -0.002040337553618765121 ) ) ;
#1847 = EDGE_CURVE ( 'NONE', #548, #915, #807, .T. ) ;
#1848 = CARTESIAN_POINT ( 'NONE',  ( 22.27677236526641735, 1.022989359660096298, 18.67869497063492901 ) ) ;
#1849 = CARTESIAN_POINT ( 'NONE',  ( 13.02698325978948546, 3.194408094733767189, 21.66759959341546704 ) ) ;
#1850 = CARTESIAN_POINT ( 'NONE',  ( -18.18006653061830491, 0.4654710288033039323, 15.39999999999997904 ) ) ;
#1851 = CARTESIAN_POINT ( 'NONE',  ( -14.90998103388081653, -3.630414049077741900, 15.39999999999999858 ) ) ;
#1852 = APPLICATION_PROTOCOL_DEFINITION ( 'international standard', 'config_control_design', 1994, #1023 ) ;
#1853 = CARTESIAN_POINT ( 'NONE',  ( -26.00000000000000000, 4.900000000000000355, 15.40000000000000036 ) ) ;
#1854 = CARTESIAN_POINT ( 'NONE',  ( 21.01936761364562045, -2.416517041483932093, 15.39999999999999503 ) ) ;
#1855 = ORIENTED_EDGE ( 'NONE', *, *, #41, .T. ) ;
#1856 = FACE_OUTER_BOUND ( 'NONE', #1506, .T. ) ;
#1857 = CARTESIAN_POINT ( 'NONE',  ( 22.16162184120849687, 0.7663953449156485354, 15.40000000000008740 ) ) ;
#1858 = CARTESIAN_POINT ( 'NONE',  ( 17.96192189735527833, 7.486335707812366458, 88.32993879247160862 ) ) ;
#1859 = CARTESIAN_POINT ( 'NONE',  ( 14.88934215646796133, 0.8487410917913903452, 18.20305446520472259 ) ) ;
#1860 = CARTESIAN_POINT ( 'NONE',  ( -14.88739389151221282, 0.7099795776914442635, 18.24860678048031204 ) ) ;
#1861 = AXIS2_PLACEMENT_3D ( 'NONE', #997, #1325, #1651 ) ;
#1862 = CARTESIAN_POINT ( 'NONE',  ( -13.88146117609263008, -5.109709265482321072, 90.00000000000001421 ) ) ;
#1863 = CARTESIAN_POINT ( 'NONE',  ( -1.903804874438436157, 4.125417617458988495, 17.39341943237830179 ) ) ;
#1864 = EDGE_LOOP ( 'NONE', ( #859, #1762, #249, #425, #834, #677, #1696, #600, #1043, #867 ) ) ;
#1865 = CARTESIAN_POINT ( 'NONE',  ( -14.87428458751032068, -0.3542641695696136517, 15.39999999999902869 ) ) ;
#1866 = CARTESIAN_POINT ( 'NONE',  ( -14.87362976010987659, 0.7202114754215271919, 18.24864121945521944 ) ) ;
#1867 = CARTESIAN_POINT ( 'NONE',  ( -12.47524427609146436, 2.008683925146617089, 18.26078645747790574 ) ) ;
#1868 = CARTESIAN_POINT ( 'NONE',  ( 22.16356235624250814, 0.7379238755585713072, 15.39999999999997726 ) ) ;
#1869 = CARTESIAN_POINT ( 'NONE',  ( 20.74990432618538350, 7.784680729123346410, 90.00000000000000000 ) ) ;
#1870 = CARTESIAN_POINT ( 'NONE',  ( 5.545924710206268315, 4.822598157427892218, 55.00382286862311787 ) ) ;
#1871 = CARTESIAN_POINT ( 'NONE',  ( -15.19368135771789241, 0.05288581895004950545, 15.39999999999802682 ) ) ;
#1872 = CARTESIAN_POINT ( 'NONE',  ( 13.53518184688577719, 0.8796957524500655934, 18.22074996533913094 ) ) ;
#1873 = COORDINATED_UNIVERSAL_TIME_OFFSET ( 5, 30, .AHEAD. ) ;
#1874 = EDGE_CURVE ( 'NONE', #446, #1174, #2006, .T. ) ;
#1875 = CARTESIAN_POINT ( 'NONE',  ( 24.14315222095922664, 0.9018229829840186396, 15.68279865598730716 ) ) ;
#1876 = CARTESIAN_POINT ( 'NONE',  ( 9.223667225916873491, 3.540235020675381428, 18.05266742851881645 ) ) ;
#1877 = CARTESIAN_POINT ( 'NONE',  ( -14.88653292673294182, 0.7106325750386727202, 18.24846308873256362 ) ) ;
#1878 = CARTESIAN_POINT ( 'NONE',  ( -7.366817692805788020, -1.910683165341427792, 74.99657903595507946 ) ) ;
#1879 = LINE ( 'NONE', #619, #1935 ) ;
#1880 = CARTESIAN_POINT ( 'NONE',  ( 22.25035049643455665, 1.031970429921055254, 18.67944737765094487 ) ) ;
#1881 = CARTESIAN_POINT ( 'NONE',  ( 20.92469509597035682, 7.659908295001858214, 90.00000000000001421 ) ) ;
#1882 = CARTESIAN_POINT ( 'NONE',  ( 19.53859755885267901, 7.587545733652675040, 88.32974607329320804 ) ) ;
#1883 = CARTESIAN_POINT ( 'NONE',  ( -8.923299690960643460, -0.2189444431698804316, 18.51522543814895272 ) ) ;
#1884 = CARTESIAN_POINT ( 'NONE',  ( -14.31705449132303620, -4.272230112467776841, 95.00000000000002842 ) ) ;
#1885 = CARTESIAN_POINT ( 'NONE',  ( 13.64665442302257681, 4.900000000000306777, 15.39999999999990976 ) ) ;
#1886 = DIRECTION ( 'NONE',  ( 0.3131456130149731787, 0.6715429342378168576, -0.6715429342378190780 ) ) ;
#1887 = CARTESIAN_POINT ( 'NONE',  ( -11.86490420285104719, -4.798949974221606851, 95.00000000000001421 ) ) ;
#1888 = CARTESIAN_POINT ( 'NONE',  ( -14.59020580148288460, -4.028883203469827201, 88.33559239373272476 ) ) ;
#1889 = CARTESIAN_POINT ( 'NONE',  ( 22.26261479993418035, 0.8123850515862541810, 15.40000000000000746 ) ) ;
#1890 = CARTESIAN_POINT ( 'NONE',  ( -13.02462266973584448, -2.406472386598751623, 89.99999999999995737 ) ) ;
#1891 = CARTESIAN_POINT ( 'NONE',  ( 4.715497519142286542, 5.220462198381392582, 74.99695561838007052 ) ) ;
#1892 = CARTESIAN_POINT ( 'NONE',  ( -7.610165266772775716, 0.04767675492370315043, 15.39999999999998970 ) ) ;
#1893 = AXIS2_PLACEMENT_3D ( 'NONE', #1071, #1536, #146 ) ;
#1894 = CARTESIAN_POINT ( 'NONE',  ( -14.83300068245340064, 9.599055089724386036, 2.633364335083573149 ) ) ;
#1895 = CARTESIAN_POINT ( 'NONE',  ( 3.456720175994156818, 4.899999999999844036, 15.40000000000016556 ) ) ;
#1896 = PRODUCT_DEFINITION_FORMATION_WITH_SPECIFIED_SOURCE ( 'ANY', '', #1503, .NOT_KNOWN. ) ;
#1897 = CARTESIAN_POINT ( 'NONE',  ( -15.06421829257443257, -0.3342081234136506929, 18.49939170723045478 ) ) ;
#1898 = LINE ( 'NONE', #1108, #205 ) ;
#1899 = CARTESIAN_POINT ( 'NONE',  ( -5.251207869574505693, -0.6216157977090646103, 55.00384174199066933 ) ) ;
#1900 = CARTESIAN_POINT ( 'NONE',  ( -14.77921890280620865, 0.9686908320037730391, 15.40000000000008029 ) ) ;
#1901 = EDGE_CURVE ( 'NONE', #2012, #1053, #358, .T. ) ;
#1902 = DIRECTION ( 'NONE',  ( 1.000000000000000000, 0.000000000000000000, 0.000000000000000000 ) ) ;
#1903 = CARTESIAN_POINT ( 'NONE',  ( -5.406565201588550806, 2.407098601628250734, 90.00000000000004263 ) ) ;
#1904 = CARTESIAN_POINT ( 'NONE',  ( 17.74396860253607855, 3.638703554673653695, 55.00361563327759740 ) ) ;
#1905 = CARTESIAN_POINT ( 'NONE',  ( 11.91028227070824741, 0.7519789199152802084, 15.39999999999998437 ) ) ;
#1906 = ORIENTED_EDGE ( 'NONE', *, *, #1942, .F. ) ;
#1907 = FACE_OUTER_BOUND ( 'NONE', #1864, .T. ) ;
#1908 = CARTESIAN_POINT ( 'NONE',  ( 5.275843755238153854, 3.920482091526529711, 17.69455006086575821 ) ) ;
#1909 = CARTESIAN_POINT ( 'NONE',  ( -17.90238427851390668, 1.556974923914404840, 15.40000000000000036 ) ) ;
#1910 = CARTESIAN_POINT ( 'NONE',  ( -23.77087862009952346, -9.568286002227377907, 1.985871286572138184 ) ) ;
#1911 = CARTESIAN_POINT ( 'NONE',  ( -11.07869793127539815, -3.333815567079612130, 74.99655946824157127 ) ) ;
#1912 = CARTESIAN_POINT ( 'NONE',  ( -15.20046759601878250, 4.044809734676531932, 15.40000000000000746 ) ) ;
#1913 = FACE_OUTER_BOUND ( 'NONE', #722, .T. ) ;
#1914 = CARTESIAN_POINT ( 'NONE',  ( 22.10625196060308895, 0.2036888422519093078, 15.00000000000000533 ) ) ;
#1915 = CARTESIAN_POINT ( 'NONE',  ( 17.58466113491602556, 0.5409220922178459290, 15.40000000000000746 ) ) ;
#1916 = EDGE_LOOP ( 'NONE', ( #1684, #1312, #1782, #755 ) ) ;
#1917 = CARTESIAN_POINT ( 'NONE',  ( -11.82508602826877286, -1.304546654834915831, 88.33472720177636006 ) ) ;
#1918 = CARTESIAN_POINT ( 'NONE',  ( -12.98934484392057520, -0.6657279161114368904, 18.57275469076800434 ) ) ;
#1919 = CARTESIAN_POINT ( 'NONE',  ( 9.458787924927612778, 3.511427099586985179, 18.07415029784809235 ) ) ;
#1920 = CARTESIAN_POINT ( 'NONE',  ( -9.484073547036091512, -2.733548277928492087, 74.99656350396396931 ) ) ;
#1921 = CARTESIAN_POINT ( 'NONE',  ( -14.85833117890153154, 0.9111486501291116147, 15.39999999999997371 ) ) ;
#1922 = CARTESIAN_POINT ( 'NONE',  ( 19.11291829582514268, 1.814807684869947257, 18.64017337760285642 ) ) ;
#1923 = CC_DESIGN_DATE_AND_TIME_ASSIGNMENT ( #1513, #597, ( #1494 ) ) ;
#1924 = CARTESIAN_POINT ( 'NONE',  ( 21.28655310038961801, 0.2679291683822004333, 15.00000000000000711 ) ) ;
#1925 = B_SPLINE_CURVE_WITH_KNOTS ( 'NONE', 3,
 ( #1944, #95, #711, #1613, #219, #1458, #1307, #681, #999, #847, #1317, #434 ),
 .UNSPECIFIED., .F., .F.,
 ( 4, 2, 1, 1, 2, 2, 4 ),
 ( -5.996536023927104838E-08, 0.0001246346676694384402, 0.0002493293006991161172, 0.0004987185667584614424, 0.0009974970988771525264, 0.001995054163114534044, 0.003990168291589308788 ),
 .UNSPECIFIED. ) ;
#1926 = CARTESIAN_POINT ( 'NONE',  ( 21.26124313374291219, -2.431395419926952073, 15.40000000000001634 ) ) ;
#1927 = ORIENTED_EDGE ( 'NONE', *, *, #1485, .F. ) ;
#1928 = EDGE_CURVE ( 'NONE', #1516, #1347, #1134, .T. ) ;
#1929 = CARTESIAN_POINT ( 'NONE',  ( -12.28002829274840657, 1.254777498526716606, 35.00099431838779651 ) ) ;
#1930 = CARTESIAN_POINT ( 'NONE',  ( -9.318176691756237418, 3.052639802253832801, 18.10645833178417519 ) ) ;
#1931 = CARTESIAN_POINT ( 'NONE',  ( 26.00753278265307600, 4.900000000000000355, 9.599999999999999645 ) ) ;
#1932 = CARTESIAN_POINT ( 'NONE',  ( -13.98090635154023786, -0.4893004877703803213, 15.00000000000000711 ) ) ;
#1933 = AXIS2_PLACEMENT_3D ( 'NONE', #1091, #1083, #608 ) ;
#1934 = CARTESIAN_POINT ( 'NONE',  ( -14.88739389151221282, 0.7099795776914442635, 18.24860678048031204 ) ) ;
#1935 = VECTOR ( 'NONE', #628, 1000.000000000000114 ) ;
#1936 = DIRECTION ( 'NONE',  ( 0.9063077870366496036, -0.4226182617407002740, 0.000000000000000000 ) ) ;
#1937 = CARTESIAN_POINT ( 'NONE',  ( 16.64522230737767217, 5.012774479530059502, 74.99740615061109850 ) ) ;
#1938 = CARTESIAN_POINT ( 'NONE',  ( 21.65978674188406927, -2.455894512089142889, 15.40000000000000391 ) ) ;
#1939 = ORIENTED_EDGE ( 'NONE', *, *, #1543, .T. ) ;
#1940 = CARTESIAN_POINT ( 'NONE',  ( -10.77934628329220068, -0.8699729242653334582, 95.00000000000005684 ) ) ;
#1941 = CARTESIAN_POINT ( 'NONE',  ( -13.56350376632052246, -0.6907393897772742264, 18.57689161138312173 ) ) ;
#1942 = EDGE_CURVE ( 'NONE', #1174, #1183, #1528, .T. ) ;
#1943 = CARTESIAN_POINT ( 'NONE',  ( -16.66689446989162349, 3.120490547674640514, 15.40000000000000036 ) ) ;
#1944 = CARTESIAN_POINT ( 'NONE',  ( 22.25008615127323353, 1.032042746916710607, 18.67945107401567384 ) ) ;
#1945 = CARTESIAN_POINT ( 'NONE',  ( -13.60938892055925109, 4.782866709691197649, 15.39999999999998970 ) ) ;
#1946 = ORIENTED_EDGE ( 'NONE', *, *, #1154, .T. ) ;
#1947 = CARTESIAN_POINT ( 'NONE',  ( 21.94502243778122619, 0.7995413878080858128, 15.40000000000003233 ) ) ;
#1948 = CARTESIAN_POINT ( 'NONE',  ( 14.41832439404207555, 4.526484735076340193, 74.99720975808500611 ) ) ;
#1949 = CARTESIAN_POINT ( 'NONE',  ( 21.85906411004985372, -2.468047047190197851, 15.39999999999997193 ) ) ;
#1950 = ORIENTED_EDGE ( 'NONE', *, *, #1928, .T. ) ;
#1951 = CARTESIAN_POINT ( 'NONE',  ( -13.60240967269438350, -3.330209952291566911, 94.99999999999991473 ) ) ;
#1952 = CARTESIAN_POINT ( 'NONE',  ( -14.52690194050138039, -0.6602975504312209587, 18.58064600328161120 ) ) ;
#1953 = CC_DESIGN_PERSON_AND_ORGANIZATION_ASSIGNMENT ( #264, #114, ( #1503 ) ) ;
#1954 = CARTESIAN_POINT ( 'NONE',  ( -3.451129696749049902, 4.031680595472320938, 17.48232696233429451 ) ) ;
#1955 = CARTESIAN_POINT ( 'NONE',  ( -13.93314510024407937, -0.8823797181599135619, 21.66691557017502845 ) ) ;
#1956 = ORIENTED_EDGE ( 'NONE', *, *, #1064, .F. ) ;
#1957 = CARTESIAN_POINT ( 'NONE',  ( 19.24651235830337015, -9.599055089724386036, 2.633364335083573149 ) ) ;
#1958 = CARTESIAN_POINT ( 'NONE',  ( -4.084481092754270293, 0.04242273906600821376, 35.00131456567790877 ) ) ;
#1959 = CARTESIAN_POINT ( 'NONE',  ( 21.80924427961406309, -2.465017734396345084, 15.40000000000000746 ) ) ;
#1960 = CARTESIAN_POINT ( 'NONE',  ( -13.60505091539518574, -2.846047303899863934, 88.33538143388562958 ) ) ;
#1961 = CARTESIAN_POINT ( 'NONE',  ( 11.43850366437302668, 0.9097418514512561893, 18.24807821360160531 ) ) ;
#1962 = CARTESIAN_POINT ( 'NONE',  ( 0.4376520387759673669, 4.150768280907549013, 17.39089429972599277 ) ) ;
#1963 = CARTESIAN_POINT ( 'NONE',  ( -13.48153968047593843, -5.380413066396737776, 95.00000000000002842 ) ) ;
#1964 = ORIENTED_EDGE ( 'NONE', *, *, #826, .T. ) ;
#1965 = CARTESIAN_POINT ( 'NONE',  ( -14.52690191389599050, -0.6602977814267213530, 18.58064975406071184 ) ) ;
#1966 = CARTESIAN_POINT ( 'NONE',  ( -17.96148323838317040, -1.221198535807738850, 15.40000000000000391 ) ) ;
#1967 = ADVANCED_FACE ( 'NONE', ( #1681 ), #432, .T. ) ;
#1968 = VECTOR ( 'NONE', #518, 1000.000000000000000 ) ;
#1969 = CARTESIAN_POINT ( 'NONE',  ( 3.271223472262285714, 1.977367229354648481, 95.00000000000017053 ) ) ;
#1970 = CARTESIAN_POINT ( 'NONE',  ( 22.15429146789202974, 0.2436431993772413263, 15.39999999999998437 ) ) ;
#1971 = B_SPLINE_SURFACE_WITH_KNOTS ( 'NONE', 3, 3, ( 
 ( #1130, #966, #1587, #195, #1544, #1250, #463 ),
 ( #154, #1552, #1394, #1239, #954, #791, #2028 ),
 ( #614, #483, #1087, #1412, #933, #634, #1260 ),
 ( #1884, #1731, #334, #1574, #28, #84, #707 ),
 ( #1162, #699, #1641, #855, #537, #244, #1792 ),
 ( #996, #824, #863, #1783, #225, #1324, #1619 ),
 ( #1951, #1960, #1140, #391, #987, #373, #1753 ),
 ( #234, #354, #1305, #667, #383, #844, #1445 ),
 ( #1464, #549, #1170, #51, #206, #1610, #1475 ),
 ( #1018, #1007, #1294, #72, #1929, #688, #1630 ),
 ( #1483, #1917, #1763, #1313, #514, #92, #1333 ),
 ( #558, #977, #363, #1598, #216, #835, #1455 ),
 ( #1940, #62, #678, #525, #1152, #1773, #1679 ),
 ( #1801, #410, #575, #1993, #1511, #1068, #1198 ),
 ( #748, #1839, #2007, #292, #881, #716, #1492 ),
 ( #1037, #1218, #101, #1829, #1819, #1371, #1691 ),
 ( #1360, #1343, #1047, #871, #566, #728, #584 ),
 ( #1670, #1351, #441, #1972, #1521, #143, #1189 ),
 ( #132, #910, #282, #1205, #1531, #761, #112 ),
 ( #253, #1382, #430, #273, #595, #892, #1810 ),
 ( #2016, #1659, #1179, #262, #419, #402, #1501 ),
 ( #1028, #1983, #1650, #122, #738, #1057, #901 ),
 ( #1103, #778, #1891, #1870, #952, #622, #641 ),
 ( #16, #963, #1248, #631, #300, #171, #1408 ),
 ( #1558, #1094, #5, #26, #1085, #160, #320 ),
 ( #1740, #192, #1729, #1419, #460, #1849, #1700 ),
 ( #769, #931, #610, #491, #470, #919, #1430 ),
 ( #1541, #1116, #151, #342, #1268, #1719, #1584 ),
 ( #941, #1858, #810, #604, #789, #1392, #1257 ),
 ( #1549, #1882, #2025, #1227, #481, #332, #1571 ),
 ( #1236, #181, #450, #1709, #1077, #310, #798 ),
 ( #1399, #1168, #36, #832, #1639, #1137, #1770 ),
 ( #1759, #370, #533, #213, #1321, #1302, #380 ),
 ( #81, #360, #1461, #389, #675, #69, #1750 ),
 ( #841, #1452, #993, #520, #59, #1471, #511 ),
 ( #1616, #222, #1790, #241, #1159, #851, #1914 ),
 ( #1127, #984, #202, #684, #861, #1606, #1924 ),
 ( #1780, #652, #231, #500, #1626, #1014, #1278 ),
 ( #1310, #1149, #1937, #1904, #1004, #696, #663 ),
 ( #1290, #351, #1948, #546, #973, #1594, #821 ),
 ( #1442, #47, #129, #280, #593, #1187, #1026 ),
 ( #428, #714, #1519, #400, #120, #1499, #1677 ),
 ( #555, #1367, #1176, #1216, #745, #109, #2003 ),
 ( #1196, #1340, #1836, #289, #879, #1647, #1045 ),
 ( #1969, #572, #1657, #260, #725, #1349, #1980 ),
 ( #1817, #417, #408, #564, #1799, #1808, #1481 ),
 ( #1666, #1034, #438, #90, #270, #1065, #890 ),
 ( #1687, #1508, #736, #1991, #1357, #705, #582 ),
 ( #1203, #1331, #1827, #1055, #1958, #899, #251 ),
 ( #869, #1490, #98, #1899, #1426, #338, #357 ),
 ( #486, #647, #1274, #54, #517, #43, #1756 ),
 ( #658, #671, #1878, #1287, #806, #477, #1449 ),
 ( #22, #1590, #828, #32, #1298, #1133, #1579 ),
 ( #1099, #188, #1920, #980, #507, #198, #908 ),
 ( #816, #1264, #140, #958, #1601, #210, #496 ),
 ( #947, #1736, #1911, #1144, #1529, #1766, #1122 ),
 ( #759, #1565, #1380, #176, #2014, #627, #1745 ),
 ( #1887, #794, #1253, #347, #1725, #327, #1415 ),
 ( #637, #1109, #969, #1437, #1010, #257, #1336 ),
 ( #1622, #875, #1193, #1786, #530, #1955, #1932 ),
 ( #1478, #541, #1165, #386, #237, #1633, #76 ),
 ( #1963, #569, #1777, #405, #228, #858, #367 ) ),
 .UNSPECIFIED., .F., .F., .F.,
 ( 4, 3, 1, 1, 1, 1, 1, 1, 1, 1, 1, 1, 1, 1, 1, 1, 1, 1, 1, 1, 1, 1, 1, 1, 1, 1, 1, 2, 1, 1, 1, 2, 1, 1, 1, 1, 1, 1, 1, 1, 1, 1, 1, 1, 1, 1, 1, 1, 1, 1, 1, 1, 1, 1, 1, 4 ),
 ( 4, 1, 1, 1, 4 ),
 ( -0.01000000000000000021, 0.000000000000000000, 0.007867316393356886192, 0.01573463278671377238, 0.02360194918007064990, 0.03146926557342754477, 0.03933658196678442576, 0.04720389836014129981, 0.05507121475349818773, 0.06293853114685508954, 0.07867316393356886539, 0.09440779672028259961, 0.1101424295069963755, 0.1258770622937101791, 0.1416116950804239549, 0.1573463278671377030, 0.1888155934405651992, 0.2202848590139927509, 0.2517541245874203582, 0.2832233901608478543, 0.3146926557342754061, 0.3461619213077030133, 0.3776311868811303984, 0.4091004524545579502, 0.4405697180279855019, 0.4720389836014131091, 0.4877736163881268849, 0.5035082491748407163, 0.5057768432700808781, 0.5080454373653213729, 0.5103140314605618677, 0.5125826255558021405, 0.5430462114585645761, 0.5735097973613267897, 0.6039733832640891142, 0.6344369691668516609, 0.6649005550696138744, 0.6953641409723763100, 0.7258277268751387457, 0.7562913127779010702, 0.7867548986806635058, 0.8172184845834258304, 0.8476820704861880440, 0.8629138634375694838, 0.8781456563889504796, 0.8933774493403316974, 0.9086092422917129152, 0.9238410352430941330, 0.9390728281944753508, 0.9543046211458566797, 0.9619205176215470665, 0.9695364140972377864, 0.9771523105729282843, 0.9847682070486187822, 0.9923841035243092801, 1.000000000000000000 ),
 ( 0.000000000000000000, 0.2500028672613191505, 0.5000635918223395038, 0.7500501952314031495, 1.000000000000000000 ),
 .UNSPECIFIED. ) ;
#1972 = CARTESIAN_POINT ( 'NONE',  ( -5.174817044187005166, 3.128490861358951936, 55.00396139355633807 ) ) ;
#1973 = CARTESIAN_POINT ( 'NONE',  ( -14.49596006720310548, -0.6638516150310123098, 18.58044357593452744 ) ) ;
#1974 = DIRECTION ( 'NONE',  ( 0.2523189464366741297, 0.5410997268091268797, -0.8022133350401094987 ) ) ;
#1975 = LINE ( 'NONE', #1346, #916 ) ;
#1976 = ORIENTED_EDGE ( 'NONE', *, *, #673, .F. ) ;
#1977 = B_SPLINE_CURVE_WITH_KNOTS ( 'NONE', 3,
 ( #1624, #849, #1469, #498, #695, #89, #1125, #1747, #1366, #1348, #592, #1676, #416, #1966, #877, #1826, #1215, #704, #259, #1646, #119, #1044, #288, #1807, #1665, #1202, #1498, #2002 ),
 .UNSPECIFIED., .F., .F.,
 ( 4, 2, 2, 2, 2, 2, 2, 2, 2, 2, 2, 2, 2, 4 ),
 ( 0.000000000000000000, 0.001116611651956452575, 0.001674917477934679405, 0.002233223303912906018, 0.002791529129891132631, 0.003349834955869359678, 0.003908140781847586724, 0.004466446607825812903, 0.005583058259782268731, 0.006141364085760496645, 0.006699669911738725427, 0.007257975737716953341, 0.007816281563695180387, 0.008932893215651636215 ),
 .UNSPECIFIED. ) ;
#1978 = CARTESIAN_POINT ( 'NONE',  ( -15.21846503496148983, 0.3356197064011456344, 15.39999999999739622 ) ) ;
#1979 = DIRECTION ( 'NONE',  ( 0.2178099308703801140, 0.9759912059102991977, 0.000000000000000000 ) ) ;
#1980 = CARTESIAN_POINT ( 'NONE',  ( 3.724008204815103085, 0.7388808764047967159, 15.00000000000003375 ) ) ;
#1981 = CARTESIAN_POINT ( 'NONE',  ( 22.15827713483906081, -2.481386175957669415, 15.39999999999998082 ) ) ;
#1982 = FACE_OUTER_BOUND ( 'NONE', #1387, .T. ) ;
#1983 = CARTESIAN_POINT ( 'NONE',  ( 2.064718169985770846, 4.909993137754805836, 88.33284448974960412 ) ) ;
#1984 = CARTESIAN_POINT ( 'NONE',  ( -14.71165000374396747, -0.4414217526221503318, 15.39999999999996483 ) ) ;
#1985 = APPROVAL_STATUS ( 'not_yet_approved' ) ;
#1986 = CARTESIAN_POINT ( 'NONE',  ( -21.59402110680310471, -4.900000000000000355, 15.40000000000000036 ) ) ;
#1987 = DIRECTION ( 'NONE',  ( 0.000000000000000000, -0.8290375725550388486, 0.5591929034707511237 ) ) ;
#1988 = ORIENTED_EDGE ( 'NONE', *, *, #1001, .T. ) ;
#1989 = CARTESIAN_POINT ( 'NONE',  ( -14.60459323945070231, -0.6509307359543012872, 18.57776336732430167 ) ) ;
#1990 = CARTESIAN_POINT ( 'NONE',  ( -14.81554038163785414, -2.700688694260740430, 55.00392066950443848 ) ) ;
#1991 = CARTESIAN_POINT ( 'NONE',  ( -2.608291443061170334, 0.07164775665366779345, 55.00382767935196426 ) ) ;
#1992 = CARTESIAN_POINT ( 'NONE',  ( 22.29415682026368017, 0.5447946165107865335, 18.19249554177817174 ) ) ;
#1993 = CARTESIAN_POINT ( 'NONE',  ( -9.725235854989241702, 1.510692001261968898, 55.00403455146827270 ) ) ;
#1994 = CARTESIAN_POINT ( 'NONE',  ( -15.22123112222950247, 0.2931835716007455406, 15.39999999999935199 ) ) ;
#1995 = CARTESIAN_POINT ( 'NONE',  ( -14.49163625323893356, -0.4713272441074800589, 15.39999999999997371 ) ) ;
#1996 = PERSON_AND_ORGANIZATION ( #100, #651 ) ;
#1997 = MANIFOLD_SOLID_BREP ( 'SurfaceCut1', #1560 ) ;
#1998 = DIRECTION ( 'NONE',  ( -0.4226182617407001074, -0.9063077870366496036, 0.000000000000000000 ) ) ;
#1999 = CARTESIAN_POINT ( 'NONE',  ( 14.76739624352746461, -2.137139470202738423, 15.40000000000001101 ) ) ;
#2000 = VERTEX_POINT ( 'NONE', #284 ) ;
#2001 =( BOUNDED_SURFACE ( )  B_SPLINE_SURFACE ( 3, 2, ( 
 ( #776, #2032, #1244 ),
 ( #1867, #467, #1945 ),
 ( #991, #497, #78 ),
 ( #1623, #1123, #829 ),
 ( #1778, #1157, #839 ),
 ( #1450, #1459, #1912 ),
 ( #981, #378, #1000 ),
 ( #368, #1746, #659 ),
 ( #693, #229, #1580 ),
 ( #348, #1145, #531 ),
 ( #848, #970, #220 ),
 ( #1318, #1275, #1767 ),
 ( #55, #1900, #1468 ),
 ( #542, #1921, #672 ),
 ( #211, #1288, #66 ),
 ( #1602, #1191, #1591 ),
 ( #1299, #817, #1812 ),
 ( #682, #412, #1427 ) ),
 .UNSPECIFIED., .F., .F., .T. ) 
 B_SPLINE_SURFACE_WITH_KNOTS ( ( 4, 2, 2, 2, 2, 2, 2, 2, 4 ),
 ( 3, 3 ),
 ( 3.744656214589607628E-05, 0.0009927608386106408656, 0.001948075115075385486, 0.002425732253307757904, 0.002903389391540130322, 0.003381046529772502307, 0.003619875098888688733, 0.003739289383446781946, 0.003858703668004874725 ),
 ( 0.000000000000000000, 1.000000000000000000 ),
 .UNSPECIFIED. ) 
 GEOMETRIC_REPRESENTATION_ITEM ( )  RATIONAL_B_SPLINE_SURFACE ( (
 ( 1.000000000000000000, 0.7231005077467421716, 1.000000000000000000),
 ( 1.000000000000000000, 0.7233283653035348371, 1.000000000000000000),
 ( 1.000000000000000000, 0.7235272321691815778, 1.000000000000000000),
 ( 1.000000000000000000, 0.7240056549500329952, 1.000000000000000000),
 ( 1.000000000000000000, 0.7243496273525645845, 1.000000000000000000),
 ( 1.000000000000000000, 0.7248852822774678462, 1.000000000000000000),
 ( 1.000000000000000000, 0.7250640124861670310, 1.000000000000000000),
 ( 1.000000000000000000, 0.7253151541645775913, 1.000000000000000000),
 ( 1.000000000000000000, 0.7253863808283521619, 1.000000000000000000),
 ( 1.000000000000000000, 0.7253605314184600195, 1.000000000000000000),
 ( 1.000000000000000000, 0.7252587902767473338, 1.000000000000000000),
 ( 1.000000000000000000, 0.7250887975002376917, 1.000000000000000000),
 ( 1.000000000000000000, 0.7250263504963239125, 1.000000000000000000),
 ( 1.000000000000000000, 0.7249331339810908270, 1.000000000000000000),
 ( 1.000000000000000000, 0.7249021738704336526, 1.000000000000000000),
 ( 1.000000000000000000, 0.7248425946612185866, 1.000000000000000000),
 ( 1.000000000000000000, 0.7248059967293777328, 1.000000000000000000),
 ( 1.000000000000000000, 0.7248039262191126042, 1.000000000000000000) ) ) 
 REPRESENTATION_ITEM ( '' )  SURFACE ( )  );
#2002 = CARTESIAN_POINT ( 'NONE',  ( -16.66689446989162349, 3.120490547674640514, 15.40000000000000036 ) ) ;
#2003 = CARTESIAN_POINT ( 'NONE',  ( 8.305617419129751156, 0.7766271965530721078, 15.00000000000005507 ) ) ;
#2004 = CARTESIAN_POINT ( 'NONE',  ( 25.41781634088022912, 0.5018000779830522617, 15.40000000000005009 ) ) ;
#2005 = VECTOR ( 'NONE', #1364, 1000.000000000000000 ) ;
#2006 = B_SPLINE_CURVE_WITH_KNOTS ( 'NONE', 3,
 ( #1308, #1438, #44, #1934 ),
 .UNSPECIFIED., .F., .F.,
 ( 4, 4 ),
 ( 0.000000000000000000, 7.051757036770442300E-07 ),
 .UNSPECIFIED. ) ;
#2007 = CARTESIAN_POINT ( 'NONE',  ( -8.710855444828562000, 1.240375985091371147, 74.99617564723594398 ) ) ;
#2008 = LINE ( 'NONE', #605, #687 ) ;
#2009 = ADVANCED_FACE ( 'NONE', ( #730 ), #1079, .T. ) ;
#2010 = CARTESIAN_POINT ( 'NONE',  ( -13.14888661329617747, 1.724809590775153723, 18.25618600575752382 ) ) ;
#2011 = DIRECTION ( 'NONE',  ( 0.000000000000000000, -0.5591929034707511237, -0.8290375725550388486 ) ) ;
#2012 = VERTEX_POINT ( 'NONE', #153 ) ;
#2013 = CARTESIAN_POINT ( 'NONE',  ( -15.13038364331022123, 0.3121139263638479933, 21.66714397049290852 ) ) ;
#2014 = CARTESIAN_POINT ( 'NONE',  ( -12.08438100715626362, -1.465073669978326221, 35.00129440666722758 ) ) ;
#2015 = CARTESIAN_POINT ( 'NONE',  ( 22.25769655629820676, -2.480171931774231453, 15.40000000000001990 ) ) ;
#2016 = CARTESIAN_POINT ( 'NONE',  ( -0.3732523969774590444, 4.266137064676220447, 95.00000000000002842 ) ) ;
#2017 = CARTESIAN_POINT ( 'NONE',  ( -14.55835850234156936, -0.6566061359783805784, 18.58118715426415690 ) ) ;
#2018 = DIRECTION ( 'NONE',  ( 0.000000000000000000, 0.7071067811865487940, -0.7071067811865463515 ) ) ;
#2019 = CARTESIAN_POINT ( 'NONE',  ( -17.02420605688411115, 4.900000000000000355, 15.40000000000000036 ) ) ;
#2020 = CARTESIAN_POINT ( 'NONE',  ( -14.48253727168577498, -3.681008103170622991, 15.40000000000000213 ) ) ;
#2021 = ORIENTED_EDGE ( 'NONE', *, *, #724, .F. ) ;
#2022 = DIRECTION ( 'NONE',  ( 1.000000000000000000, 0.000000000000000000, 0.000000000000000000 ) ) ;
#2023 = CARTESIAN_POINT ( 'NONE',  ( 22.23070975363026491, 0.8127727989016135801, 15.40000000000011582 ) ) ;
#2024 = PRODUCT_DEFINITION_SHAPE ( 'NONE', 'NONE',  #1494 ) ;
#2025 = CARTESIAN_POINT ( 'NONE',  ( 19.89874953538082991, 6.442585053778943305, 74.99820923151088436 ) ) ;
#2026 = CARTESIAN_POINT ( 'NONE',  ( 5.426839625776269216, 0.7740991335081096603, 15.39999999999998614 ) ) ;
#2027 = PERSON_AND_ORGANIZATION ( #100, #651 ) ;
#2028 = CARTESIAN_POINT ( 'NONE',  ( -15.29836526476006497, 0.6111536261037341378, 15.00000000000000533 ) ) ;
#2029 = CARTESIAN_POINT ( 'NONE',  ( 5.387307548744555419, -2.153119982994176063, 15.40000000000000568 ) ) ;
#2030 = ORIENTED_EDGE ( 'NONE', *, *, #1388, .T. ) ;
#2031 = CARTESIAN_POINT ( 'NONE',  ( -17.64565415652157299, 2.057951703980164915, 15.40000000000000036 ) ) ;
#2032 = CARTESIAN_POINT ( 'NONE',  ( -12.26373285377712463, 2.232477577822782333, 15.39999999999998792 ) ) ;
ENDSEC;
END-ISO-10303-21;
