x,y,z,nx,ny,nz,curvature,roughness,boundary_score,boundary_flag
-1.0,-0.38,-0.1163597,0.16207328490202372,0.06256922717585524,0.9847930453306845,0.0014600773165834955,0.00266162832224624,0.5233310515285532,1.0
-1.0,-0.3469565,-0.1176291,0.16205561833734655,0.0596509828565997,0.9849770234932091,0.0014390174625902661,0.0026886811322818665,0.3964084142763987,1.0
-1.0,-0.313913,-0.1213131,0.154681649685917,0.053133465100414265,0.9865345519224692,0.0012981097182453924,0.002581079028739294,0.32165675884219913,0.0
-1.0,-0.2808696,-0.1249313,0.1497228884083395,0.05868581799708576,0.9869848182483236,0.0012936021786888324,0.0026322184962215335,0.26755193823356255,0.0
-1.0,-0.2478261,-0.1251958,0.16182751656443284,0.043748624960669905,0.9858488285212087,0.0016024306657088192,0.002929621732005623,0.3221084711966694,0.0
-1.0,-0.2147826,-0.1281825,0.16848271743319587,0.029112744265429837,0.9852745922064884,0.0010008867221779382,0.002314299144682643,0.2138975377741435,0.0
-1.0,-0.1817391,-0.1262064,0.1573342998822382,0.024900404474979952,0.9872314257242569,0.0008337747074371176,0.002110991570777999,0.18401330905638158,0.0
-1.0,-0.1486957,-0.1233488,0.15838768599088804,0.01677850424304464,0.9872344314912329,0.0010558614695280167,0.0023755924699607875,0.2244697158118369,0.0
-1.0,-0.1156522,-0.1296323,0.16363681523306833,0.017762473865590413,0.9863607287511769,0.001178463610472153,0.0025104219367126862,0.2466705945250705,0.0
-1.0,-0.0826087,-0.1306067,0.17618997246101378,0.008652836252863505,0.9843181508175943,0.0009145407184454268,0.0022121633883897614,0.197420913312056,0.0
-1.0,-0.0495652,-0.1276688,0.1728091394861426,0.011627315418279676,0.9848866974663751,0.0008742514567556273,0.0021625871767382014,0.19258863836803802,0.0
-1.0,-0.0165217,-0.1282642,0.1674175094016952,0.0025204543973273,0.985882865687078,0.0006348060016327401,0.0018420726716342668,0.14799284145814137,0.0
-1.0,0.0165217,-0.1290186,0.1851557587568732,0.004188627334466725,0.9827002596927605,0.0007511695620423286,0.002005450351296405,0.17034695556439666,0.0
-1.0,0.0495652,-0.1319297,0.18535898061855274,0.005696611251128683,0.9826543628989313,0.0007100616721830811,0.0019497950899540146,0.16025358260293976,0.0
-1.0,0.0826087,-0.128833,0.1859475090926515,-0.012549937789266608,0.9824795279921735,0.0004967424090143404,0.0016307790542771465,0.12446748686677961,0.0
-1.0,0.1156522,-0.1260697,0.15814060991202392,-0.012414069103668478,0.9873385632015711,0.0008136853004771442,0.00208506475462345,0.18156980505184728,0.0
-1.0,0.1486957,-0.1314021,0.14566175621666744,-0.025407479048250987,0.9890081459645765,0.0009881834770699566,0.002297385032550153,0.21111256886583002,0.0
-1.0,0.1817391,-0.1277597,0.14189142430545235,-0.027716356056443386,0.989494126973739,0.0012138224505967997,0.002546274838435577,0.2524287596548721,0.0
-1.0,0.2147826,-0.1309113,0.14564050661736969,-0.03267642950966705,0.9887978022764488,0.0012557493270819616,0.002590568517668369,0.26007737401245534,0.0
-1.0,0.2478261,-0.1277004,0.13900170026531192,-0.046586398235026145,0.9891957515187985,0.0011642231762504938,0.002494781034796619,0.2439300791962299,0.0
-1.0,0.2808696,-0.1277847,0.14344744400510423,-0.0498355978946441,0.9884023694785872,0.0015729651441290144,0.0029012131729032223,0.31636085642148615,0.0
-1.0,0.313913,-0.121196,0.14107775483834828,-0.053142685799148416,0.9885711517315402,0.0016430689250495536,0.0029027522098466385,0.3840661559157216,1.0
-1.0,0.3469565,-0.1223277,0.1438412763493952,-0.06633173207078474,0.98737520150076,0.0016004904493643038,0.0028329255023285182,0.41917887650893626,1.0
-1.0,0.38,-0.1155496,0.14087773569365894,-0.06098767232716744,0.9881467337445091,0.0016896430466564287,0.0028595267839451642,0.5631106784773083,1.0
-0.9661017,-0.38,-0.1225492,0.1548703627424153,0.06478552120544023,0.9858083013376245,0.0014966567307569169,0.0027559838271520153,0.4008521060317391,1.0
-0.9661017,-0.3469565,-0.1257422,0.16803135284291976,0.06567419483588846,0.9835915639097541,0.0016954013921776066,0.002775907799660608,0.3529282231080153,0.0
-0.9661017,-0.313913,-0.134697,0.16125620924175865,0.05725739167697644,0.9852502352597168,0.0014746256968443637,0.0026535489508476883,0.22452375890158255,0.0
-0.9661017,-0.2808696,-0.1305317,0.1586086037510332,0.06240542801337957,0.9853673798998088,0.0015453878686526228,0.0027273025367576995,0.23630257677517036,0.0
-0.9661017,-0.2478261,-0.1306334,0.14532779867938114,0.0553691590584086,0.9878330259493099,0.0013233234607785446,0.002521051780033772,0.1970392555079125,0.0
-0.9661017,-0.2147826,-0.1315237,0.15456044528193916,0.024074325173539753,0.9876899795085939,0.0013600358724820336,0.002555030148735926,0.2029634901693037,0.0
-0.9661017,-0.1817391,-0.1376333,0.15734619339099393,0.02755703938970145,0.9871589461709995,0.0009345165594327159,0.0021179373082504333,0.1264016084591929,0.0
-0.9661017,-0.1486957,-0.1354588,0.14370362919908078,0.023059357229362813,0.9893520773714392,0.0014285490852475162,0.0026171866791850676,0.2152890142350991,0.0
-0.9661017,-0.1156522,-0.1377472,0.16452488820805833,0.018073838644369376,0.986207329883926,0.0012393751192059637,0.002440078401225605,0.1813062579155521,0.0
-0.9661017,-0.0826087,-0.1378278,0.16514069754858804,0.012525880980117782,0.986190474664422,0.0012350725644208064,0.002435807735765071,0.1805296286583161,0.0
-0.9661017,-0.0495652,-0.1326117,0.1620744271169124,-0.00028681047905522434,0.9867784948074587,0.0006650188545284346,0.0018070997941831,0.07790771040570652,0.0
-0.9661017,-0.0165217,-0.1384135,0.16445329543265838,0.007358702882234881,0.9863574215836923,0.0008274505686149278,0.0019932141239500153,0.10726428213502118,0.0
-0.9661017,0.0165217,-0.1360885,0.17148678668835843,0.008087639835590889,0.9851532226375711,0.0007088284769095374,0.0018454776317970776,0.08601211696343153,0.0
-0.9661017,0.0495652,-0.1331412,0.17757199126211637,-0.0008922266108822025,0.9841074086962674,0.0006816751116252418,0.001831378361090957,0.08096275960731786,0.0
-0.9661017,0.0826087,-0.1371521,0.16101522937742474,-0.01695700614018658,0.9868062402778459,0.0008651327866474568,0.0020378569907300035,0.11403091692107828,0.0
-0.9661017,0.1156522,-0.1351468,0.1552177685269668,-0.02428259208307584,0.9875817941088401,0.0009615881131038892,0.002148065886583543,0.13125852389172812,0.0
-0.9661017,0.1486957,-0.1336941,0.15528547021918424,-0.025098009947857543,0.9875507645865421,0.00113915003949189,0.002338233812675847,0.16321917483476575,0.0
-0.9661017,0.1817391,-0.1328515,0.1464499490288018,-0.03920627966183969,0.9884408328597817,0.001164988917554858,0.0023908924812004032,0.1682196963175593,0.0
-0.9661017,0.2147826,-0.1355388,0.12900291137079395,-0.02656615113052866,0.9912882973544928,0.0009884634321313073,0.002175198144485954,0.13609427127446694,0.0
-0.9661017,0.2478261,-0.1302595,0.14211497212524019,-0.04618417098292283,0.9887721461734561,0.0014700267711177009,0.0026560915299243958,0.2227690130712826,0.0
-0.9661017,0.2808696,-0.1248391,0.13539117606097908,-0.05139621263777892,0.9894582653004205,0.0012918137173232942,0.002517197707377306,0.19086789851385144,0.0
-0.9661017,0.313913,-0.1317882,0.14454997714719936,-0.05663781453355479,0.9878752259630802,0.0017750353653128619,0.0029090501231340106,0.27786268761957567,0.0
-0.9661017,0.3469565,-0.1226032,0.14166073583245045,-0.056679647718263164,0.9882912796630061,0.001768829941740503,0.002828930138265029,0.36288427377019605,0.0
-0.9661017,0.38,-0.1226614,0.14371811117360792,-0.06013722213155847,0.9877897645931497,0.0015637796146017436,0.002814643118109914,0.4116393863884721,1.0
-0.9322034,-0.38,-0.1308438,0.15446025115818968,0.07473759231844737,0.9851681699621595,0.0017474856620127432,0.0029204903231144913,0.40259001761765695,1.0
-0.9322034,-0.3469565,-0.1250801,0.16330193025218165,0.06790988830809319,0.9842361132603771,0.0017092748334156696,0.0028056315570043336,0.2725652000561734,0.0
-0.9322034,-0.313913,-0.1307599,0.16803135284291962,0.06567419483588859,0.9835915639097541,0.0016954013921775793,0.002775907799660585,0.22079592352075883,0.0
-0.9322034,-0.2808696,-0.1384134,0.15791652618909613,0.05886123195694206,0.9856965689951847,0.0016950652386942312,0.002772811946415649,0.21885398913710258,0.0
-0.9322034,-0.2478261,-0.1361643,0.15552864724874618,0.03425147328586237,0.9872373962035285,0.0013806738968867801,0.0025006188711966834,0.1624215255189139,0.0
-0.9322034,-0.2147826,-0.1360335,0.14918025415855268,0.010704330642876358,0.9887520766474664,0.001266953901783177,0.0023941864537269566,0.14255886014327718,0.0
-0.9322034,-0.1817391,-0.1395091,0.15080913428446777,0.02507741429320163,0.9882447714552993,0.0014319769169590338,0.0025455730634085225,0.1725172945760714,0.0
-0.9322034,-0.1486957,-0.1378767,0.14966248918271013,0.027294667040082463,0.9883603292740992,0.0014997473766900418,0.0026050019042840543,0.18402190589858283,0.0
-0.9322034,-0.1156522,-0.1409112,0.1504096188327789,0.011549519930380317,0.9885562984230873,0.0017226192135768564,0.002792202115092629,0.22490344568391843,0.0
-0.9322034,-0.0826087,-0.1392995,0.14760665259544736,0.018717927258524072,0.9888690081647377,0.001476211025172581,0.0025839346524125853,0.17924238328608705,0.0
-0.9322034,-0.0495652,-0.1373787,0.1606918262258906,-0.0018995460727649046,0.9870028007604158,0.00068001443029471,0.0017549838127397426,0.0381315589679227,0.0
-0.9322034,-0.0165217,-0.1439178,0.16404407757337083,0.012077505635465027,0.9863790724010354,0.0008070473281862404,0.0019124866921113926,0.05938372160208269,0.0
-0.9322034,0.0165217,-0.1412814,0.15742272235090873,0.008863633516552097,0.9874915303376092,0.000842519905667643,0.0019530116148794587,0.06604475540441837,0.0
-0.9322034,0.0495652,-0.1430842,0.15353335991455647,-0.005035984156203046,0.9881306321822668,0.0008286564104549984,0.0019362716451447,0.06514611153397147,0.0
-0.9322034,0.0826087,-0.1409194,0.15475711895744695,-0.013965805493497265,0.9878538304875414,0.0009517836547093802,0.0020758456147288787,0.08514918610341257,0.0
-0.9322034,0.1156522,-0.1442732,0.15324731821895343,-0.023290943190092013,0.9879133521842971,0.0009962745035613165,0.00212321911399635,0.09364522780628845,0.0
-0.9322034,0.1486957,-0.1416634,0.14116222094676406,-0.021737499619148316,0.9897478004459948,0.0009600356314656171,0.0020828461656877107,0.08621472040505633,0.0
-0.9322034,0.1817391,-0.1395314,0.1390081436850977,-0.03864073761721394,0.9895370783278515,0.0009107722362285348,0.00202906488768158,0.07795449171636055,0.0
-0.9322034,0.2147826,-0.1350673,0.13614873644277659,-0.03257062991642275,0.9901528546804695,0.0011394862955176421,0.0022680974916954835,0.11737459920535841,0.0
-0.9322034,0.2478261,-0.1329521,0.140418249210925,-0.03590939972504283,0.9894408675104975,0.00132900990902998,0.002450527212681563,0.15335012949051638,0.0
-0.9322034,0.2808696,-0.1387861,0.1384066295154902,-0.06066493331614945,0.9885157412868594,0.0015130143208431394,0.002615685206238045,0.1845426383521831,0.0
-0.9322034,0.313913,-0.1354306,0.14070838078231562,-0.05569181756844899,0.9884834713001235,0.0017270341675929177,0.0027949988361767567,0.22588454259393734,0.0
-0.9322034,0.3469565,-0.1291406,0.14129815442331684,-0.05542080929614494,0.9884145716517565,0.0017405171641455912,0.002824943089439525,0.2738193386226077,0.0
-0.9322034,0.38,-0.1348967,0.14326296624656518,-0.05982494524684464,0.9878748394551042,0.0016113151875894556,0.0028004289637079075,0.37765120650056005,0.0
-0.8983051,-0.38,-0.1354199,0.14923334385865006,0.08869386395633942,0.9848161288165725,0.0016299338556870293,0.002938156390319183,0.33041216354941133,0.0
-0.8983051,-0.3469565,-0.1364842,0.15178327230488645,0.07502923386401489,0.9855619982092443,0.001817380010089116,0.0029547291609387737,0.28524172611226806,0.0
-0.8983051,-0.313913,-0.1343867,0.1502024656113054,0.06684087257176789,0.9863931858433171,0.0019043843561754612,0.0029381193163753147,0.25673707243629834,0.0
-0.8983051,-0.2808696,-0.1378583,0.14994188712912654,0.0549852297195356,0.9871646544507385,0.0020453845285860308,0.0030442336351027065,0.28201183783403183,0.0
-0.8983051,-0.2478261,-0.1424805,0.14270239047255426,0.036499748356360655,0.9890924103051956,0.0016144170653631456,0.002701714423119346,0.20259086102832635,0.0
-0.8983051,-0.2147826,-0.1439803,0.1417146528377559,0.00402161948673033,0.9898993806179385,0.001552485272295171,0.002648799936861415,0.19227304321120253,0.0
-0.8983051,-0.1817391,-0.1448044,0.13994821737874832,0.029942563679952513,0.9897059863074397,0.001601544220993066,0.0026901838160640168,0.20362961921894768,0.0
-0.8983051,-0.1486957,-0.1404659,0.13924162455622577,0.0325009724905206,0.98972493995964,0.001652274733539799,0.0027324520720992786,0.20993945435367453,0.0
-0.8983051,-0.1156522,-0.1471067,0.1366207959359242,0.012582085383526455,0.9905435120403528,0.0017823525102009848,0.002837789977626243,0.23434945857307984,0.0
-0.8983051,-0.0826087,-0.1473233,0.13346882882882183,0.023368970070895285,0.9907774538052873,0.0017389976183251488,0.0028020276637953302,0.22547378260570022,0.0
-0.8983051,-0.0495652,-0.1457476,0.13538660677130648,-0.0012443294972080737,0.9907920661526582,0.000853079729532093,0.001961946170409825,0.06641721598965933,0.0
-0.8983051,-0.0165217,-0.1473642,0.13740775962832577,0.020903348128287647,0.9902939753583033,0.0009071288143309278,0.002023993776394942,0.07727919822414081,0.0
-0.8983051,0.0165217,-0.1475937,0.13424027043415052,-0.0018067624593910204,0.9909471657980469,0.0011532330416369901,0.0022813287038003735,0.12081361105285898,0.0
-0.8983051,0.0495652,-0.1501475,0.12005588248722089,-0.01139119422172903,0.9927017808860914,0.0012507819682403662,0.0023736252749463993,0.13907491505916092,0.0
-0.8983051,0.0826087,-0.1464468,0.12880681023380075,-0.015896907070292243,0.9915422804817715,0.001372997245858271,0.0024884550747885873,0.16031242490775544,0.0
-0.8983051,0.1156522,-0.1471534,0.13021383123620195,-0.02477943757448201,0.9911762394389214,0.0013452127895805732,0.0024634378097679113,0.15751527479280233,0.0
-0.8983051,0.1486957,-0.1415381,0.12159309156721555,-0.019696903553797225,0.9923845787160939,0.0009702930718210068,0.002091017113164615,0.08714591676107758,0.0
-0.8983051,0.1817391,-0.1420945,0.13455085950292242,-0.028893785226515912,0.9904853433455283,0.0011291721713284342,0.002257469305344711,0.11629841049213241,0.0
-0.8983051,0.2147826,-0.142947,0.136812283970541,-0.036550065307802214,0.9899224675098346,0.0010528767552951286,0.002180302918177993,0.10254899815358176,0.0
-0.8983051,0.2478261,-0.1394937,0.13840530316312433,-0.03678096225414643,0.9896924435762771,0.0013278010920306405,0.0024490820637346586,0.15112100744522516,0.0
-0.8983051,0.2808696,-0.1409461,0.13565497483765698,-0.05156161627024418,0.989413527060043,0.0014649714930037522,0.0025727551213740162,0.1767574338212061,0.0
-0.8983051,0.313913,-0.1350013,0.13914431753714085,-0.049708055929153235,0.9890237449489606,0.0017845881932180385,0.002840611254734782,0.235482840971209,0.0
-0.8983051,0.3469565,-0.1362085,0.13767506701620175,-0.04249682205629338,0.9895653571327162,0.001587303923048097,0.0027557371296826625,0.2440811779314326,0.0
-0.8983051,0.38,-0.1322803,0.13478686705807022,-0.06500483848017526,0.9887400423988283,0.0017226393700353745,0.003014452304903801,0.3434543311243939,0.0
-0.8644068,-0.38,-0.1421968,0.1212095927448856,0.07951233309954112,0.9894372256549104,0.0022354850389921833,0.003431381848922286,0.43428893068664515,1.0
-0.8644068,-0.3469565,-0.139446,0.12331507186146759,0.06962409719568738,0.989922157617197,0.0023087607641794953,0.0033224480677461476,0.3738601153346347,0.0
-0.8644068,-0.313913,-0.147516,0.12632366036360473,0.05896801259564199,0.990234874321674,0.002590355919360286,0.00342140096681688,0.37988348336647165,0.0
-0.8644068,-0.2808696,-0.1503262,0.11766867736370756,0.047609561468118865,0.9919109899705163,0.002245151615350322,0.003182284650375856,0.31963540368623644,0.0
-0.8644068,-0.2478261,-0.146706,0.11471315115989432,0.048253561122099296,0.9922260260595888,0.0023603186734458075,0.0032625436171375395,0.33766534587080965,0.0
-0.8644068,-0.2147826,-0.1498681,0.12223793265684643,0.009053197616342021,0.99245953440566,0.0020102314057119887,0.003011002468113799,0.2755612492043809,0.0
-0.8644068,-0.1817391,-0.1478553,0.12540543538769933,0.03259640594865974,0.9915699426134557,0.0019177417539338756,0.0029414056092793733,0.25813930813823915,0.0
-0.8644068,-0.1486957,-0.1425959,0.13155502973764324,0.02789516308363778,0.9909163103043892,0.0017449579344107238,0.002806550395978476,0.22735177561610764,0.0
-0.8644068,-0.1156522,-0.1526115,0.13112231463728832,0.019938576365216384,0.9911656732235478,0.0016129493146953197,0.0026985688287565336,0.2050793202545836,0.0
-0.8644068,-0.0826087,-0.1525778,0.1266248264537774,0.022518219870871267,0.9916950554981093,0.00152785931937724,0.002624930796582962,0.18737508180445234,0.0
-0.8644068,-0.0495652,-0.1504828,0.12526622556718353,-0.0017106016764608155,0.9921216893980574,0.0008842127958033447,0.001996109305109102,0.07197751116190365,0.0
-0.8644068,-0.0165217,-0.1498165,0.12438091933292907,0.02173934081191873,0.9919963648960409,0.0007462911626808095,0.0018335726915656623,0.047245603683880186,0.0
-0.8644068,0.0165217,-0.1518248,0.11070114409833162,-0.013810966546599617,0.9937577742580778,0.0011716308491264544,0.002296249915761144,0.12436923892855466,0.0
-0.8644068,0.0495652,-0.1517168,0.10445579939889343,-0.016803940445031394,0.9943875570206309,0.0013078108965576538,0.002425425646705172,0.14729546071321056,0.0
-0.8644068,0.0826087,-0.1485986,0.10821780863557157,-0.01760673702457823,0.9939712816301397,0.0014169968746248658,0.0025249002809102513,0.16801792440545743,0.0
-0.8644068,0.1156522,-0.1485566,0.10472023218891348,-0.025965606729325,0.9941626930424807,0.0014045825487568578,0.002513445256980901,0.16535415844036377,0.0
-0.8644068,0.1486957,-0.1524312,0.09681835792645412,-0.01612060947251185,0.9951715085947044,0.0012284812536052494,0.002349313720513604,0.13493486852311035,0.0
-0.8644068,0.1817391,-0.148585,0.11679582477626876,-0.0287255504647974,0.9927404384154628,0.0013483147972992977,0.00246425547609665,0.15549074723699016,0.0
-0.8644068,0.2147826,-0.1470624,0.11893313461681422,-0.03629420658710733,0.9922387011492906,0.0014293812152250116,0.0025378896751030123,0.1694946897877862,0.0
-0.8644068,0.2478261,-0.148956,0.12054635361502042,-0.032705740555770635,0.9921687916704601,0.001362288090904803,0.0024776697009843782,0.15792741785013442,0.0
-0.8644068,0.2808696,-0.1434407,0.12413586256252708,-0.0374362276071505,0.9915587811564188,0.0014889983006875092,0.0025912229691919518,0.18026164181322452,0.0
-0.8644068,0.313913,-0.1450253,0.1156957274615621,-0.0650851486029223,0.9911500502338058,0.0013475952162648878,0.0024667550151800874,0.1561766933944215,0.0
-0.8644068,0.3469565,-0.1375698,0.12197501589141019,-0.062248274817184666,0.9905792486119293,0.001459816584473902,0.0026400964105965548,0.220987108304122,0.0
-0.8644068,0.38,-0.1377459,0.11591229364661902,-0.07421114989496472,0.9904832383300826,0.0015706484080246865,0.002873606478624497,0.3166239744696885,0.0
-0.8305085,-0.38,-0.1415087,0.08960750748363226,0.07813803677735622,0.9929073178354314,0.002709450176906548,0.0037690708248531483,0.5197687694225711,1.0
-0.8305085,-0.3469565,-0.1457116,0.09767193125033524,0.07294375707031689,0.992541889368049,0.002688177108246977,0.0035797336861674595,0.44194260004908825,1.0
-0.8305085,-0.313913,-0.1462597,0.08504511898693566,0.05432442394270426,0.9948950621546934,0.0021208067493443676,0.0030880597732828355,0.2941728975890947,0.0
-0.8305085,-0.2808696,-0.153666,0.08414904012157157,0.04844592142220151,0.9952748021246052,0.0020511756177853543,0.003036342229497987,0.282001466101085,0.0
-0.8305085,-0.2478261,-0.1526392,0.08122993011499376,0.047458451171023014,0.995564861707142,0.001903128971443013,0.002924095747849848,0.2545584965772897,0.0
-0.8305085,-0.2147826,-0.1495323,0.0951550227783187,0.015020908626410411,0.9953491316840009,0.0022108204906294065,0.003152885453969652,0.3115141623167393,0.0
-0.8305085,-0.1817391,-0.1581857,0.09641662244711996,0.027839746814410166,0.9949516487815874,0.002310421200136931,0.0032237357895175205,0.329363872134474,0.0
-0.8305085,-0.1486957,-0.1502429,0.09880863475241995,0.022897474897460638,0.9948429822548293,0.0021310235493119997,0.003096017744394532,0.29501164497879473,0.0
-0.8305085,-0.1156522,-0.1588071,0.10127283802351139,0.01386150638314129,0.9947621177545182,0.002177480034693487,0.0031299218339337197,0.3066268802034843,0.0
-0.8305085,-0.0826087,-0.1518882,0.09155641456102416,0.012751644137574191,0.9957182425387809,0.001584470747473766,0.0026678511207335245,0.19764464939212015,0.0
-0.8305085,-0.0495652,-0.157088,0.08608194334037136,0.00463792239007812,0.9962772649752922,0.001136027014561138,0.0022579162047118508,0.11724907765615912,0.0
-0.8305085,-0.0165217,-0.1524111,0.09485973490164577,0.02114207801612744,0.9952661167906551,0.0006259850701716079,0.001676401180641805,0.024666038992425657,0.0
-0.8305085,0.0165217,-0.1543552,0.08503870907205599,-0.014775907628613062,0.9962680816492663,0.0012545078805078105,0.0023730639847439486,0.1378821102607706,0.0
-0.8305085,0.0495652,-0.159162,0.09083064978855392,-0.020746777318786484,0.9956502218600028,0.0012686077865308682,0.0023867914424517372,0.1423194348693373,0.0
-0.8305085,0.0826087,-0.150411,0.09469865077138932,-0.028463161589999997,0.9950989970723416,0.0014791318522790282,0.0025781313482810733,0.17870032860923749,0.0
-0.8305085,0.1156522,-0.1492437,0.09190307414110346,-0.028942039298086947,0.9953472677034295,0.0014713737673060846,0.002571024470757772,0.17661787642305218,0.0
-0.8305085,0.1486957,-0.1529801,0.0848906706729017,-0.019298530008150974,0.996203363160469,0.0013752632303554691,0.0024845515444301704,0.15911561365296725,0.0
-0.8305085,0.1817391,-0.1526218,0.08609687822473505,-0.024777706759262726,0.995978610617571,0.001583485574695243,0.0026665283273706797,0.19646308716423028,0.0
-0.8305085,0.2147826,-0.1511004,0.08759935756143687,-0.042338136528286725,0.9952556630083228,0.001627007405315355,0.00270375537913818,0.20562241560787167,0.0
-0.8305085,0.2478261,-0.1521705,0.08074961589228608,-0.026959896742177965,0.9963697423652019,0.0012345724809246549,0.0023536031580619825,0.13526289143246054,0.0
-0.8305085,0.2808696,-0.144377,0.09337436988239319,-0.03186638286998982,0.9951209779176847,0.0017408458539469173,0.002797217894215628,0.22543060324810518,0.0
-0.8305085,0.313913,-0.1475326,0.0976185841712803,-0.06111787215307477,0.9933454674622896,0.0017624925129959487,0.0028166847784554727,0.2293342233209813,0.0
-0.8305085,0.3469565,-0.1440921,0.09857305014266315,-0.07708275936911085,0.9921399104932812,0.0015871614892993833,0.0027495882133694825,0.24434949388826913,0.0
-0.8305085,0.38,-0.1441565,0.08988824528019963,-0.06448954993428548,0.9938617616699614,0.0015755634978300848,0.0028718386220212932,0.31499776571666405,0.0
-0.7966102,-0.38,-0.146247,0.043301342153662985,0.07874431250294546,0.9959539783625194,0.0013129509715577772,0.0026159847000609784,0.26722098836256214,0.0
-0.7966102,-0.3469565,-0.1503638,0.03756620072209884,0.06655616532942128,0.9970752516334711,0.0014708030369038705,0.0026393604693054464,0.22299713803937551,0.0
-0.7966102,-0.313913,-0.1447248,0.033092383871236225,0.05955679435010132,0.9976762412608907,0.0013255465973807353,0.002437185350004706,0.14926636644471986,0.0
-0.7966102,-0.2808696,-0.1507271,0.024397182194718852,0.03473144894964646,0.9990988459380862,0.0010079716224601616,0.0021235601947366713,0.09209504941899185,0.0
-0.7966102,-0.2478261,-0.1489394,0.030642845782294665,0.049890085267890454,0.9982845262721071,0.0015509646702079117,0.0026358453465396728,0.18971627035884459,0.0
-0.7966102,-0.2147826,-0.1531729,0.032539713960059016,0.037217069111758865,0.9987772808700288,0.0018641123166913223,0.002889838313500954,0.24621218949874177,0.0
-0.7966102,-0.1817391,-0.1564753,0.05439886137612402,0.03692945259966561,0.9978361485793497,0.0027595415390203808,0.003518810706800542,0.4080123361381734,1.0
-0.7966102,-0.1486957,-0.1563549,0.058600135245693886,0.024811000727178026,0.9979731651663296,0.0027016481133497845,0.0034814803303006925,0.39706203041916244,1.0
-0.7966102,-0.1156522,-0.1578416,0.055897627676225387,0.006619441204892946,0.9984145623028067,0.0025324068797117766,0.0033698155756379552,0.36760352242607025,0.0
-0.7966102,-0.0826087,-0.1567267,0.04824168095442845,0.0024514418863701673,0.9988326840123769,0.0016380552116423415,0.0027084567397416743,0.20652532142373986,0.0
-0.7966102,-0.0495652,-0.1582694,0.04604141667167193,-0.003313422756205265,0.9989340364511086,0.0016390613716506844,0.002709144016759668,0.20631473612684822,0.0
-0.7966102,-0.0165217,-0.1582399,0.040216333235427545,0.013413904339441892,0.9991009527127224,0.0016599783361723006,0.0027262505610444786,0.21007947001976973,0.0
-0.7966102,0.0165217,-0.1614759,0.04969562539703283,-0.004307761095773971,0.9987551191411934,0.0020522037704000583,0.0030323047511381864,0.282856328678171,0.0
-0.7966102,0.0495652,-0.1595642,0.06486373407351584,-0.002039616703659346,0.9978920462483617,0.0024084504085854675,0.0032870210259928635,0.3463148138171997,0.0
-0.7966102,0.0826087,-0.1517884,0.06715157652428336,-0.005345843962719152,0.9977284639232408,0.0023630374208290623,0.003256156089979511,0.3359323118939194,0.0
-0.7966102,0.1156522,-0.1581746,0.06921582399034266,-0.013139672275169188,0.9975151721762627,0.0018641473382345554,0.002891502061324816,0.24705521648839948,0.0
-0.7966102,0.1486957,-0.1585371,0.07582252520585858,-0.023553418751752944,0.9968431075833907,0.00150016916549035,0.002594210573427961,0.18298295943167767,0.0
-0.7966102,0.1817391,-0.1533801,0.05332608860061288,-0.029555704630616596,0.9981396638739227,0.0014142039986572714,0.0025170139593028644,0.16563847972119655,0.0
-0.7966102,0.2147826,-0.1489911,0.049591452306896724,-0.04846017748273218,0.9975932533134106,0.001164552825654603,0.002284796811289948,0.1211863632030988,0.0
-0.7966102,0.2478261,-0.1561992,0.06671491465350901,-0.026406742639713363,0.9974225805073469,0.0012873595363454954,0.002402201235897203,0.1436795449722374,0.0
-0.7966102,0.2808696,-0.1508904,0.06052595299932597,-0.020899358364071398,0.9979478071690392,0.001552889503100915,0.002638039242252315,0.1906132011928419,0.0
-0.7966102,0.313913,-0.1503922,0.06610203415750902,-0.06184214355530815,0.995894608058867,0.0020097968448758692,0.0030044803823025363,0.2725470988597087,0.0
-0.7966102,0.3469565,-0.1518137,0.07387435511640313,-0.07248572007714361,0.9946297803911939,0.0018063287483312486,0.0029301896229078648,0.28325302604177727,0.0
-0.7966102,0.38,-0.142164,0.0797871043593507,-0.07942352777459318,0.9936427533141823,0.001489611318731798,0.0027913395398793325,0.3034101825748846,0.0
-0.7627119,-0.38,-0.1461564,0.02958202508878851,0.07534553295108953,0.9967185934133881,0.0011458402416025895,0.00244256570344556,0.23923833228646846,0.0
-0.7627119,-0.3469565,-0.1480336,0.032982607542338865,0.06786152851060612,0.9971494173632717,0.0014246071745749262,0.0025973600637753357,0.21458702678426045,0.0
-0.7627119,-0.313913,-0.1524703,0.025618372889202143,0.05473054773247081,0.9981724631121685,0.0010993640505190647,0.0022187915026649135,0.10900144635108107,0.0
-0.7627119,-0.2808696,-0.1506178,0.03071837399303178,0.040085789165491506,0.9987239413402507,0.0011175092862369472,0.0022364717641813288,0.1122747934299565,0.0
-0.7627119,-0.2478261,-0.1551723,0.03487705099130321,0.06101097704872476,0.997527569540667,0.0013049681165579847,0.002418330884351653,0.14650399956572968,0.0
-0.7627119,-0.2147826,-0.1553589,0.0228751733408671,0.04324243720243378,0.9988026922617994,0.0016069319699312237,0.0026826728704425267,0.1998300821218605,0.0
-0.7627119,-0.1817391,-0.1594342,0.030518049787307322,0.04083540920279149,0.99869971362388,0.001925455018806327,0.0029368688712367733,0.2575754351648244,0.0
-0.7627119,-0.1486957,-0.1607404,0.025644819527683136,0.009085824331333465,0.9996298269997814,0.001832765693893486,0.0028640021132224657,0.24231989557493985,0.0
-0.7627119,-0.1156522,-0.1538717,0.023099952999191254,-0.0006356981726063957,0.9997329583740191,0.0015640529648883147,0.0026452679813262383,0.19359210959948786,0.0
-0.7627119,-0.0826087,-0.1599892,0.026710529940768273,0.009814160675707029,0.9995950329210899,0.0014096241025991353,0.0025112319449882457,0.1656647471698625,0.0
-0.7627119,-0.0495652,-0.1579859,0.029538188854615316,0.001819612148660623,0.9995619962817802,0.0014745487434552117,0.002568565814851193,0.17624497814555526,0.0
-0.7627119,-0.0165217,-0.1591589,0.026421134613369236,0.010732031557706885,0.9995932908660337,0.0013100591251183895,0.0024207985303478993,0.1465656972943357,0.0
-0.7627119,0.0165217,-0.1603809,0.033988639742641914,-0.005923914081927045,0.9994046625918825,0.0016697641355197775,0.002733775843932992,0.2113114345938571,0.0
-0.7627119,0.0495652,-0.1603848,0.04360587110654237,0.002081818116744741,0.9990466425739934,0.0020537979754972286,0.0030330752050406005,0.28172232866632013,0.0
-0.7627119,0.0826087,-0.1565776,0.04160099048833015,-0.01641981496673191,0.9989993730062335,0.002431435680476803,0.003300742249084461,0.34841020768731634,0.0
-0.7627119,0.1156522,-0.1587839,0.045145024731606816,-0.022135311772435013,0.9987351774693429,0.0020219981148387523,0.003009766509714453,0.27472605563746855,0.0
-0.7627119,0.1486957,-0.1575464,0.05590336207626165,-0.026097382924866006,0.9980950559506061,0.0017333200723804276,0.0027874631397101684,0.22374481282022599,0.0
-0.7627119,0.1817391,-0.1560428,0.025813029233688098,-0.049213493518815786,0.9984546657597699,0.0016065016468905238,0.0026828065209260478,0.20027184085651004,0.0
-0.7627119,0.2147826,-0.1514007,0.021399445266873096,-0.030597263494796228,0.9993026924855654,0.0017106329930757092,0.002767141758555423,0.21912121253627384,0.0
-0.7627119,0.2478261,-0.1515129,0.03559586200093007,-0.026691541832889697,0.9990097578117014,0.0021485826462534713,0.003102306043818475,0.29758894018260507,0.0
-0.7627119,0.2808696,-0.1508344,0.024680164934591412,-0.014947052029480946,0.9995836508739174,0.0021440227302114492,0.003098196861045142,0.2964514683102456,0.0
-0.7627119,0.313913,-0.151904,0.03964585775382135,-0.057308349080355044,0.9975690247239276,0.0020863051834581637,0.003058891440721149,0.287075434155823,0.0
-0.7627119,0.3469565,-0.1523939,0.04182538850909597,-0.05179002344095393,0.9977817548682922,0.002416199473260637,0.003384109182967537,0.39299011603099854,1.0
-0.7627119,0.38,-0.1432375,0.04152922940021436,-0.07421016630421896,0.9963775260023303,0.0023237842593599825,0.0034814673245530284,0.4496715535866955,1.0
-0.7288136,-0.38,-0.1440197,0.011696719858503984,0.0658332758735734,0.9977620791212228,0.001057313811718467,0.0023451496545798885,0.22199431527351565,0.0
-0.7288136,-0.3469565,-0.1495031,0.007048254406844684,0.05839087346617769,0.9982689156763689,0.0011023035347988161,0.00228325347716465,0.15721645049532965,0.0
-0.7288136,-0.313913,-0.1494206,0.015875221865199938,0.05218449728860815,0.9985112696276722,0.0011320082023553767,0.0022512050123140804,0.11453511595036606,0.0
-0.7288136,-0.2808696,-0.1504708,0.018716390197241226,0.038056688122832236,0.9991002878725969,0.0012246301662080749,0.0023410957456777228,0.1311313598049698,0.0
-0.7288136,-0.2478261,-0.1518939,0.01317303360767669,0.05109826375986001,0.9986067487386107,0.0013478653398997585,0.002456647395354356,0.1536459069990678,0.0
-0.7288136,-0.2147826,-0.152999,0.012023551984776353,0.04671688296730313,0.9988358058477322,0.0015895876819000938,0.0026678894352115427,0.19689587422118762,0.0
-0.7288136,-0.1817391,-0.1583093,0.01283667483247214,0.04000113062922505,0.999117174973801,0.0017399290212705147,0.0027910365825307626,0.22407534947715865,0.0
-0.7288136,-0.1486957,-0.1533802,0.014613040514371898,0.0249536932500833,0.9995817986738784,0.001840672580214022,0.0028702189941671305,0.24207187049922188,0.0
-0.7288136,-0.1156522,-0.162451,0.04047162063367445,0.013367402378376613,0.9990912673409463,0.0016237078705472587,0.002696267751929196,0.20365079845170436,0.0
-0.7288136,-0.0826087,-0.1567157,0.03371701114119353,0.019907963997091153,0.9992331240152097,0.0015576229594859861,0.002640558696409015,0.19121767151549798,0.0
-0.7288136,-0.0495652,-0.1582121,0.03499180410734288,0.011717075884159921,0.9993189099471891,0.0016277608383047253,0.0026992063247264293,0.20374910451306832,0.0
-0.7288136,-0.0165217,-0.1572696,0.016034491525622942,-0.002280765067217937,0.9998688379943756,0.0019827135978884233,0.002978748432614112,0.2674808081181504,0.0
-0.7288136,0.0165217,-0.1542534,0.016522371960578736,-0.008081731722427349,0.9998308341100324,0.0017684664398546334,0.0028129488968455987,0.23022575919718105,0.0
-0.7288136,0.0495652,-0.1552406,0.015091975892347795,0.00516396175829308,0.9998727747881845,0.0019185220552159247,0.0029300263416106287,0.2564840700267178,0.0
-0.7288136,0.0826087,-0.1627364,0.01137241469731816,-0.003601006540490971,0.9999288479366157,0.0020454827961690074,0.003025546108322067,0.2801771632129776,0.0
-0.7288136,0.1156522,-0.1637772,0.009866596463785286,-0.021089119693639132,0.9997289129082785,0.0017640602637902152,0.002809560104933215,0.22972610001340515,0.0
-0.7288136,0.1486957,-0.1554744,0.0143024160209285,-0.04621565404461018,0.9988290915953506,0.0018471973499979855,0.002876324416188304,0.24396933741099416,0.0
-0.7288136,0.1817391,-0.1599874,0.005930231525566469,-0.050971971791042826,0.9986824772898473,0.0017392499159501818,0.002791180020242063,0.22390161185499846,0.0
-0.7288136,0.2147826,-0.1558004,0.0014879607228791105,-0.028875759771856947,0.9995819008317854,0.0017480951076443015,0.002797012506496792,0.2255549548018498,0.0
-0.7288136,0.2478261,-0.1518682,0.012256241713564662,-0.0198727407423409,0.9997273921997166,0.0018693568334372896,0.0028924118287842,0.24727730399734899,0.0
-0.7288136,0.2808696,-0.1577465,0.0006411996704694755,-0.01740357657775969,0.9998483406923695,0.001898898151756714,0.002915011585459946,0.25417666398671884,0.0
-0.7288136,0.313913,-0.1573762,-0.00906082796110884,-0.05299739801914957,0.9985535424802514,0.0018156162413099591,0.00285211151949588,0.24092397999991783,0.0
-0.7288136,0.3469565,-0.148303,0.001878649898868552,-0.0563241502136503,0.9984107675587577,0.002007800840780035,0.003082684450129429,0.3197336303255014,0.0
-0.7288136,0.38,-0.1467859,-0.004903727012116186,-0.08141800804276238,0.9966679795336758,0.0019976291454094353,0.0032258611100243672,0.3905379042288221,1.0
-0.6949153,-0.38,-0.1476004,-0.016151759508549433,0.06092074282075673,0.998011915639761,0.0009178815268668336,0.0021848174127734586,0.1959652208907512,0.0
-0.6949153,-0.3469565,-0.1489093,-0.015234532684211493,0.05423215005093462,0.9984121307930639,0.0010326190068388995,0.0022097817275431348,0.14423954527314747,0.0
-0.6949153,-0.313913,-0.1535718,-0.008106126472324192,0.05857533689299991,0.998250079199339,0.001088422471785775,0.002207799818123822,0.10744739117526235,0.0
-0.6949153,-0.2808696,-0.1572996,-0.009950892615037468,0.04731124273346169,0.9988306293096841,0.0012174734980251103,0.0023344106362980076,0.13179730505259238,0.0
-0.6949153,-0.2478261,-0.1548314,-0.013559148325145546,0.047977429615388326,0.9987563845824452,0.0014211083609090727,0.002522423194934417,0.16681977272118784,0.0
-0.6949153,-0.2147826,-0.1586223,-0.0029479466012804767,0.04863710357040586,0.9988121654080498,0.0017325914581688264,0.0027855904619772586,0.223940797081644,0.0
-0.6949153,-0.1817391,-0.1618168,-0.0002773156397062704,0.040828958676755185,0.9991661119300475,0.0018551798310016117,0.0028821526629307747,0.2459740231325108,0.0
-0.6949153,-0.1486957,-0.156352,-0.00926388282417036,0.029328959888373498,0.9995268843742453,0.0027057690983332207,0.0034816390980577203,0.3977776646901574,1.0
-0.6949153,-0.1156522,-0.1588394,-0.0033705410622734628,0.01379790382019188,0.9998991235635304,0.0035200839846875405,0.003971981823591561,0.5439842056214595,1.0
-0.6949153,-0.0826087,-0.1580253,0.0037092743938541175,0.019608473488293938,0.9998008546960391,0.003393526888780289,0.003899860592662119,0.5213786535879238,1.0
-0.6949153,-0.0495652,-0.1626058,-0.0021318372227171244,-0.005560913572987333,0.9999822655978902,0.003103479582591085,0.003728619385318887,0.47090550157959515,1.0
-0.6949153,-0.0165217,-0.1618086,0.010679779268776042,-0.008760432252868253,0.999904594019606,0.002725725113907948,0.003493793057245307,0.4012478103496519,1.0
-0.6949153,0.0165217,-0.1628316,0.00871389218632228,-0.0023020329950294597,0.9999593835386792,0.002699546244953878,0.0034768530587047605,0.39730252266056426,1.0
-0.6949153,0.0495652,-0.1622978,-0.003344421231968527,0.007918573907424157,0.9999630548344753,0.0020276566678387796,0.0030122426850191838,0.2764039703866586,0.0
-0.6949153,0.0826087,-0.1586586,-0.005558987957608473,-0.009474391285093703,0.9999396649611737,0.0023596881993610225,0.003250101666387176,0.3353647435029915,0.0
-0.6949153,0.1156522,-0.1610042,-0.006097858035870137,-0.029471534520668623,0.9995470197946525,0.0017041919604818614,0.002761681742343679,0.21757787501936512,0.0
-0.6949153,0.1486957,-0.1568009,-0.014789130666378558,-0.04130128744167193,0.9990372792192455,0.0013675529547886888,0.002474175289065127,0.15689835846242867,0.0
-0.6949153,0.1817391,-0.1558671,-0.009281921018077741,-0.044959231459506976,0.99894570095115,0.0014223068301825058,0.0025233745467318942,0.16687223982443447,0.0
-0.6949153,0.2147826,-0.1496317,-0.010031664565207987,-0.03589503877861664,0.99930521458518,0.001631290913548495,0.0027021222025156695,0.2047967292630111,0.0
-0.6949153,0.2478261,-0.1585098,-0.014400106338006235,-0.03752676565403698,0.9991918628556786,0.0019744296979041323,0.002973415532357867,0.26694588689351156,0.0
-0.6949153,0.2808696,-0.1500954,-0.0228890648988695,-0.033098051326284315,0.999189976784424,0.0018684288667098073,0.0028923298335523937,0.24711873490511543,0.0
-0.6949153,0.313913,-0.1512588,-0.025664918906734255,-0.05247812208621144,0.9982922210654632,0.0019182478164493256,0.002931915787907641,0.2573522891261432,0.0
-0.6949153,0.3469565,-0.149067,-0.039381100068966834,-0.06490782461048236,0.9971138868061628,0.0017954974895353752,0.002917014428243075,0.2814789421434674,0.0
-0.6949153,0.38,-0.1512126,-0.035466619168518926,-0.0789839613273472,0.9962447755335007,0.0018241420360410822,0.0030835735682755074,0.3592992656939858,0.0
-0.6610169,-0.38,-0.1472989,-0.03344667737184754,0.05946222126203484,0.9976700677154592,0.0015054428223997339,0.002799674928315156,0.30194309625289706,0.0
-0.6610169,-0.3469565,-0.1458507,-0.033335427848232485,0.057922930825735644,0.9977643425853282,0.0015684270326941595,0.002725163147675637,0.24226020891822683,0.0
-0.6610169,-0.313913,-0.1502931,-0.030936578492041934,0.04823726106055649,0.9983566971561726,0.0018972419409024352,0.002915688293638609,0.25295179177813853,0.0
-0.6610169,-0.2808696,-0.1515713,-0.0396825068733283,0.040668590218100244,0.998384377090267,0.0020489229871367524,0.0030301953583450436,0.27967948561850453,0.0
-0.6610169,-0.2478261,-0.1542589,-0.04361081995434932,0.04330345097545421,0.9981096670789869,0.0022466352397728625,0.0031742867873746417,0.31542017791318827,0.0
-0.6610169,-0.2147826,-0.1512988,-0.04075463582866519,0.047576035351430665,0.9980358613390163,0.002668645187746537,0.0034598349961691547,0.3908762770579851,1.0
-0.6610169,-0.1817391,-0.1560061,-0.04324604194823639,0.03446231039053061,0.9984698938968355,0.0025617311864146114,0.0033890022686728274,0.37256604340878385,0.0
-0.6610169,-0.1486957,-0.1635257,-0.04252916716937704,0.02437821003791327,0.9987977637215789,0.0028755973480220514,0.0035906801869959345,0.4307596419714998,1.0
-0.6610169,-0.1156522,-0.1597868,-0.039723097559681085,0.02343350318688292,0.9989359070774532,0.003457801926903011,0.003938320557010547,0.5333857906295874,1.0
-0.6610169,-0.0826087,-0.1642066,-0.0339434587846338,0.012649864390806596,0.99934369590078,0.0036094801488690373,0.004023353408745983,0.5629647145219235,1.0
-0.6610169,-0.0495652,-0.1684476,-0.04038765348022538,5.745109700819619e-05,0.9991840842135808,0.003357141858651309,0.0038800778994726604,0.520918871836785,1.0
-0.6610169,-0.0165217,-0.1604801,-0.027566595555703573,-0.001174510615300185,0.9996192791929749,0.00410929586898571,0.004293445548424316,0.6508647915566013,1.0
-0.6610169,0.0165217,-0.1548891,-0.03407496539344054,-0.012432743194582775,0.9993419452970507,0.0035978954414564966,0.004017026159543141,0.5582418018818798,1.0
-0.6610169,0.0495652,-0.1585519,-0.042201691044965205,0.01629039594697457,0.9989762961516333,0.0024390068095495004,0.003305928792384843,0.34992209778267874,0.0
-0.6610169,0.0826087,-0.1618178,-0.0318471648165718,-0.00917284641739071,0.9994506576023396,0.002557794544594615,0.003385016939603786,0.3722480915352204,0.0
-0.6610169,0.1156522,-0.1605327,-0.03672904911502863,-0.02441043181711009,0.9990270805987232,0.0019005114154909447,0.002917346761349216,0.25416683692938247,0.0
-0.6610169,0.1486957,-0.1535326,-0.0487864675721144,-0.04941804189031406,0.9975859550522762,0.0013993322435571665,0.002504293439818485,0.16296169595084792,0.0
-0.6610169,0.1817391,-0.1554688,-0.04028446459819767,-0.04166523217756406,0.9983191725794042,0.001538769439135153,0.002625407682732476,0.1886282135935818,0.0
-0.6610169,0.2147826,-0.1546185,-0.044546950704994946,-0.031711478592434846,0.9985038564313953,0.0016522930745760881,0.0027204852989285854,0.20814217777551575,0.0
-0.6610169,0.2478261,-0.1535471,-0.047947404399899606,-0.03922027832297727,0.9980795640526767,0.0014970791495980114,0.0025902890695846423,0.1810040441232256,0.0
-0.6610169,0.2808696,-0.1516993,-0.04482272509235895,-0.040717864240312006,0.9981648054539901,0.0014521973752663387,0.0025505624857285946,0.1723146282082608,0.0
-0.6610169,0.313913,-0.1476294,-0.05347433219090877,-0.06128785275376239,0.996686658334288,0.0013817432393411553,0.002489493529965098,0.15966622833442565,0.0
-0.6610169,0.3469565,-0.1464226,-0.055402737674135526,-0.06870937014271523,0.9960971634899891,0.0010441094128670575,0.0022245341295947757,0.14683047195955468,0.0
-0.6610169,0.38,-0.1452712,-0.04474435885594186,-0.07656379840937202,0.9960602025599153,0.0013030297137518734,0.00260607291170207,0.2681369546452249,0.0
-0.6271186,-0.38,-0.1472189,-0.06735606330328421,0.0686743927044672,0.9953627421814402,0.0017032516266342133,0.0029824509402763904,0.33909098626563083,0.0
-0.6271186,-0.3469565,-0.1447188,-0.06778959263856832,0.05218137075707988,0.9963341184942976,0.0012999759925390892,0.0024827644709970926,0.19217883932484697,0.0
-0.6271186,-0.313913,-0.1502703,-0.06657702932881193,0.05286387788029081,0.9963799022366964,0.0013691513153321466,0.0024785026794923704,0.15747123850592679,0.0
-0.6271186,-0.2808696,-0.1467048,-0.0686361233581196,0.04596058251035323,0.9965825141079279,0.0014938109672168254,0.0025888335252946993,0.18028856201824783,0.0
-0.6271186,-0.2478261,-0.1553718,-0.0764935431988203,0.0380663025342408,0.9963431609943744,0.001427139010325146,0.0025306795240074348,0.1684213521823119,0.0
-0.6271186,-0.2147826,-0.1533473,-0.08378799233378052,0.04997896581252067,0.995229458625992,0.0018198215203568944,0.0028597044173517385,0.2393192678740496,0.0
-0.6271186,-0.1817391,-0.1541357,-0.07709143659485615,0.030256851880439445,0.9965648164158848,0.0018313091281979734,0.0028670610197475193,0.24051858104168541,0.0
-0.6271186,-0.1486957,-0.1590703,-0.08131891331337635,0.024762757804859557,0.9963804695814895,0.0020909183181865676,0.0030642903306267177,0.28960703376799907,0.0
-0.6271186,-0.1156522,-0.1507166,-0.09438495603066195,0.023544784224313813,0.9952573150753129,0.0027649778373224423,0.003526954590524038,0.4111633810922805,1.0
-0.6271186,-0.0826087,-0.1520909,-0.09376135829827055,0.019291397992748018,0.9954077805872067,0.0027327639917296654,0.0035060965686841685,0.4031749604631734,1.0
-0.6271186,-0.0495652,-0.1582559,-0.09107828245745021,0.009646241350253666,0.9957970157077262,0.0024273033085316447,0.003303328909033699,0.3481391960431823,0.0
-0.6271186,-0.0165217,-0.1547465,-0.09471442672699407,0.005949128980539981,0.9954867077134429,0.0027160140627212476,0.0034953763026015308,0.4002694095523701,1.0
-0.6271186,0.0165217,-0.1559257,-0.0834332791850625,-0.01638817742343504,0.9963786005154694,0.0019565713087205585,0.0029644866140361922,0.2637575540634412,0.0
-0.6271186,0.0495652,-0.1647058,-0.07761969616648617,0.006375500802362447,0.9969626551463908,0.0013119381912606153,0.0024257890964371276,0.15029683521816756,0.0
-0.6271186,0.0826087,-0.1557209,-0.06758397384112586,-0.00878641101231999,0.9976748996849447,0.0016976800270525388,0.0027589681519462127,0.21732375294252526,0.0
-0.6271186,0.1156522,-0.1560665,-0.07094764501587036,-0.03814095594413821,0.9967505701760946,0.0015971151875447257,0.0026768364272860014,0.19893744558861368,0.0
-0.6271186,0.1486957,-0.1548467,-0.0683723128975847,-0.05084642257287131,0.9963633213545026,0.0016851459545781944,0.002750149985070898,0.21448676625683932,0.0
-0.6271186,0.1817391,-0.1573443,-0.07000483606323939,-0.04029195225566388,0.9967326028134058,0.0017785633598821921,0.0028250641619992365,0.23117753953565903,0.0
-0.6271186,0.2147826,-0.1537425,-0.06456386426581195,-0.0300890921102667,0.9974598508045552,0.0017512712033684512,0.0028023579067403366,0.22669200995948705,0.0
-0.6271186,0.2478261,-0.1520934,-0.05910764300445234,-0.028247514008390665,0.9978518750249479,0.0017639184979978291,0.002811949523206701,0.23061376605654724,0.0
-0.6271186,0.2808696,-0.1464221,-0.05683405092099436,-0.05209984953766297,0.9970233178487162,0.0006831507385112427,0.001749610680970082,0.03370200797483732,0.0
-0.6271186,0.313913,-0.1472143,-0.05372752683234886,-0.0554556766058427,0.9970145539522819,0.0008739229688547061,0.0019790671437888716,0.06876332384469253,0.0
-0.6271186,0.3469565,-0.1462688,-0.05560038148523875,-0.06034579254700978,0.9966278056027584,0.0010495935759582348,0.0022299574775663266,0.14722131096948055,0.0
-0.6271186,0.38,-0.1395034,-0.05747200901853538,-0.06565070072284808,0.9961862043182356,0.0010514614671212523,0.0023413612999470517,0.2220226322557571,0.0
-0.5932203,-0.38,-0.1430547,-0.10608040906676917,0.04890305867059268,0.9931542869387857,0.002042943244341148,0.0032739777346588303,0.3996406652409098,1.0
-0.5932203,-0.3469565,-0.1447191,-0.10425944102327608,0.05265868844265345,0.9931550893435594,0.0024680223663148477,0.0034295514428312477,0.40295476123295837,1.0
-0.5932203,-0.313913,-0.1509665,-0.09493323643974626,0.043706788877446195,0.9945237037019767,0.001864355697235848,0.002895627457385552,0.24897689199062564,0.0
-0.5932203,-0.2808696,-0.1425777,-0.09754381559390325,0.047220310023797084,0.9941103793647057,0.0018777887226154118,0.0029066075816596613,0.24892463777118323,0.0
-0.5932203,-0.2478261,-0.1459643,-0.09983198879031116,0.030712753446329597,0.9945301909896532,0.0020951862653107245,0.0030701868178698876,0.29009446134254624,0.0
-0.5932203,-0.2147826,-0.1474826,-0.10565734025775446,0.052460179995650745,0.9930178527924267,0.0018054501420636552,0.002851439808995056,0.23947713252599184,0.0
-0.5932203,-0.1817391,-0.1494056,-0.10349141168988578,0.03517704963468572,0.9940081000099712,0.0020699981998196443,0.0030523687820329633,0.28519900595610503,0.0
-0.5932203,-0.1486957,-0.1520646,-0.0983837639189211,0.0394136988166396,0.9943677364751621,0.0019355761578334367,0.002950809030472217,0.2621252239174203,0.0
-0.5932203,-0.1156522,-0.1525347,-0.11218318177200408,0.02539898476503465,0.9933628870158251,0.0019797088144746437,0.002986051043029262,0.2723383700357781,0.0
-0.5932203,-0.0826087,-0.1545268,-0.11460789759574103,0.008931047497283292,0.9933706590187197,0.001984582323328976,0.0029902716791904106,0.2699306875091195,0.0
-0.5932203,-0.0495652,-0.1547746,-0.10356560823938897,-0.007558549084897646,0.9945939036238545,0.0024367163400092905,0.00331181033919962,0.3505415168689731,0.0
-0.5932203,-0.0165217,-0.1541975,-0.10716996776534363,0.0010168253339795116,0.9942401943571865,0.0026830739417296546,0.0034763979439644916,0.394028825225924,1.0
-0.5932203,0.0165217,-0.1498249,-0.10029219317713128,0.014169792158041514,0.9948571218913396,0.0016800901892379968,0.0027488448657484134,0.2164718685369245,0.0
-0.5932203,0.0495652,-0.1524968,-0.09059954879415395,0.01169561004712513,0.9958187257045941,0.0013547026814866795,0.00246644593505305,0.1559604903565668,0.0
-0.5932203,0.0826087,-0.1539461,-0.08304293495746753,-0.012008233259577422,0.9964736189622049,0.0017308555827025565,0.0027877607637625083,0.2247151942288724,0.0
-0.5932203,0.1156522,-0.1549193,-0.0973016960715953,-0.047093108957044834,0.9941401405387225,0.0015637546424251047,0.002652001640637555,0.19283071409915786,0.0
-0.5932203,0.1486957,-0.1543,-0.0942921348192048,-0.04368227637708002,0.994585769072609,0.0010784085779586183,0.0022013425198148364,0.10604712777469212,0.0
-0.5932203,0.1817391,-0.1466042,-0.093916651359843,-0.03998600853766243,0.9947767496873758,0.0010927916984313111,0.0022158165887900547,0.10842834189305432,0.0
-0.5932203,0.2147826,-0.148713,-0.0896717662740091,-0.026593847510205288,0.9956162622255139,0.001151343792104463,0.002273652964868457,0.11842424184037684,0.0
-0.5932203,0.2478261,-0.1486547,-0.08775805413673599,-0.03325914308579143,0.9955864368980389,0.0012108051192886288,0.002331661456065583,0.12961820577990363,0.0
-0.5932203,0.2808696,-0.1483236,-0.07841582473681603,-0.04438759228888966,0.9959320760381404,0.0007968012943451099,0.0018906915989542552,0.055086050617897946,0.0
-0.5932203,0.313913,-0.1488434,-0.07369507056497933,-0.05942676504332285,0.9955086620270607,0.0010531855457241047,0.0021743113257373724,0.10204308663084902,0.0
-0.5932203,0.3469565,-0.1437514,-0.07757461880757785,-0.06914447324798345,0.9945859542222171,0.001082137680460135,0.002266771760522708,0.15305328747721514,0.0
-0.5932203,0.38,-0.138768,-0.08168912751199729,-0.06629853026868314,0.9944502960583504,0.001064225446063502,0.002358505823668278,0.225395581279197,0.0
-0.559322,-0.38,-0.139007,-0.1345396835599432,0.05384072996292677,0.9894444144794841,0.0019037639647279414,0.0031685743563556446,0.37433798681747715,0.0
-0.559322,-0.3469565,-0.140673,-0.1332590549615794,0.061651991973540966,0.9891617947314995,0.0022816403628865534,0.0033048863463339627,0.36877976535759405,0.0
-0.559322,-0.313913,-0.1426198,-0.13059938963691076,0.05959866955591031,0.9896422575929302,0.0022762761386490686,0.003207720707060818,0.32420663620493473,0.0
-0.559322,-0.2808696,-0.1433967,-0.11657982271122741,0.04370563410819118,0.9922192109024192,0.0019115182890383638,0.0029354633530474746,0.2570022078851436,0.0
-0.559322,-0.2478261,-0.1500768,-0.11289694062305176,0.042805213144989515,0.9926842370691535,0.002332091963122329,0.0032422873191157203,0.331107912444685,0.0
-0.559322,-0.2147826,-0.1473797,-0.10502013977143984,0.05455361681223376,0.9929726447063338,0.001975040345170942,0.002982641154030295,0.26936421237501923,0.0
-0.559322,-0.1817391,-0.1504159,-0.09969124798049787,0.027547378651054423,0.9946370177132694,0.0018970791654271066,0.002921769111181261,0.2542675443096038,0.0
-0.559322,-0.1486957,-0.1461817,-0.09927800420289516,0.020604727358334483,0.9948463816549663,0.002025591153395205,0.0030183292456295646,0.27654053565008124,0.0
-0.559322,-0.1156522,-0.1519334,-0.10289347050923996,0.012878446331339274,0.9946090082774515,0.002064896513356245,0.003048385482308441,0.28367085906498324,0.0
-0.559322,-0.0826087,-0.1484801,-0.09685232113831106,0.0135716849127768,0.9952062285068103,0.0016560522458777883,0.002728573644265128,0.2095524586248926,0.0
-0.559322,-0.0495652,-0.146031,-0.09998613482572276,0.009366593834709721,0.9949447420648787,0.001840858419227152,0.002877153578248055,0.24365958007190927,0.0
-0.559322,-0.0165217,-0.1517416,-0.10415636704945329,0.013647809289049875,0.9944672888057549,0.0018024037067860094,0.002847524089491013,0.2390784996622437,0.0
-0.559322,0.0165217,-0.1526055,-0.10680129471826624,0.012585571378469078,0.9942007276398359,0.0014851285399598753,0.0025850565361431035,0.18091589317453838,0.0
-0.559322,0.0495652,-0.15003,-0.10756266664044546,0.007247164912556353,0.9941718922530081,0.0015955016363763967,0.002679515654343844,0.1985873148375558,0.0
-0.559322,0.0826087,-0.1502173,-0.12610527714216765,-0.014615699601484386,0.9919091895945192,0.0019325464907958972,0.002952576278188312,0.2598819042662674,0.0
-0.559322,0.1156522,-0.1526024,-0.12232251112637443,-0.032985114302775224,0.991942128103334,0.001625265305660942,0.0027069266133558168,0.20662411282868737,0.0
-0.559322,0.1486957,-0.1474527,-0.11755641554948291,-0.029475252999139185,0.9926286811410365,0.0015759492782598018,0.002665449468062049,0.19586307854968657,0.0
-0.559322,0.1817391,-0.1418062,-0.12322446014975645,-0.030697998389894687,0.991903909315643,0.0014752126263725379,0.0025788373482312603,0.17866745754214627,0.0
-0.559322,0.2147826,-0.1474479,-0.1068958276931219,-0.029432057068118262,0.9938345113943978,0.0010482784471305291,0.0021713098677536746,0.10117752782985938,0.0
-0.559322,0.2478261,-0.1459064,-0.09834923951816942,-0.027997261246380457,0.9947580512108961,0.0009645000714823868,0.002081696121242564,0.08668355191805834,0.0
-0.559322,0.2808696,-0.1468603,-0.10246325364213126,-0.04323404476253857,0.9937968097284972,0.0007502431310416101,0.0018365292732683254,0.04677334606879916,0.0
-0.559322,0.313913,-0.1409994,-0.09875542032584932,-0.0557778077275773,0.9935472827809306,0.0012485404333572173,0.002369915411057502,0.1374157357159383,0.0
-0.559322,0.3469565,-0.1437322,-0.09495597874940967,-0.06246931838360814,0.9935194745753246,0.001228130929020388,0.0024168703477014746,0.1795291346778925,0.0
-0.559322,0.38,-0.1411502,-0.10096852260495394,-0.0794444504210884,0.9917126281036582,0.0014373275466241522,0.0027457492442441223,0.290080307610565,0.0
-0.5254237,-0.38,-0.1295924,-0.14990398259091345,0.05882256650890107,0.9869491890024986,0.0015255081482803494,0.002840746527677157,0.30842067118888955,0.0
-0.5254237,-0.3469565,-0.1383096,-0.14406922015464785,0.06903235026443033,0.9871568236207461,0.0019159632181343744,0.0030313119456867755,0.30311108098368983,0.0
-0.5254237,-0.313913,-0.1343146,-0.15621318516527577,0.06344755822527744,0.9856834421536002,0.0019870813489507493,0.003002508082601756,0.2715071007160499,0.0
-0.5254237,-0.2808696,-0.1347544,-0.14511912834589377,0.049881977001921506,0.9881559729913633,0.0020494055499478583,0.003045813264480396,0.2833715736413321,0.0
-0.5254237,-0.2478261,-0.1401218,-0.129487839442531,0.04567882692476937,0.9905283157019201,0.002258488747775457,0.003193997734710201,0.3198925159915992,0.0
-0.5254237,-0.2147826,-0.1406154,-0.11852153904888701,0.05092211252556902,0.9916448876676652,0.0020015806311777067,0.0030046935501395417,0.27379278787822997,0.0
-0.5254237,-0.1817391,-0.137598,-0.12432219570748514,0.03888984861378491,0.9914794860859537,0.0019432569980533483,0.0029609661700417548,0.26247234039435713,0.0
-0.5254237,-0.1486957,-0.1450276,-0.11825985167204023,0.03804950307759935,0.9922534166220112,0.0015159327217696235,0.002613662033658635,0.18560743959350434,0.0
-0.5254237,-0.1156522,-0.1470026,-0.11727058581674704,0.019463722388149633,0.9929092472189962,0.001613078987078002,0.0026961945001075273,0.2054243088871214,0.0
-0.5254237,-0.0826087,-0.1498729,-0.12321582722639762,0.004567914872190678,0.9923693838861791,0.0014593469000596312,0.00256470219262564,0.17811585364175017,0.0
-0.5254237,-0.0495652,-0.1460812,-0.12493363886775766,-0.002547223925425012,0.9921618303127441,0.0015588819270497111,0.0026511677727637313,0.19275106309754217,0.0
-0.5254237,-0.0165217,-0.1419654,-0.12954846673885284,-0.0030544021832726626,0.9915683866445698,0.0017600896852336585,0.0028182094109436206,0.23005054763292587,0.0
-0.5254237,0.0165217,-0.143524,-0.12702275541598637,0.01216749119671274,0.9918251719756401,0.0016092619082335364,0.0026944298465507296,0.20311337485374326,0.0
-0.5254237,0.0495652,-0.1490325,-0.1325602982385088,-0.0033805589567048517,0.9911691778662496,0.0020402632663680197,0.0030353991561961825,0.28168726681785683,0.0
-0.5254237,0.0826087,-0.1483793,-0.13613943012436122,-0.006091177304792199,0.9906709610786294,0.0016952765385173409,0.0027669823736635275,0.22037970996041034,0.0
-0.5254237,0.1156522,-0.1467361,-0.13197703515930415,-0.03352178337616724,0.9906857989442672,0.0019185080237090865,0.002943299194595272,0.26118604290921016,0.0
-0.5254237,0.1486957,-0.1435606,-0.1293916176819362,-0.03655989336560501,0.9909193627489311,0.001700184934678068,0.0027700904398357843,0.21919668178696233,0.0
-0.5254237,0.1817391,-0.1440707,-0.1322982013539683,-0.030378030208048003,0.9907443470437688,0.0014953627234283295,0.0025979539920650816,0.18258677116275066,0.0
-0.5254237,0.2147826,-0.1416322,-0.13254564446746497,-0.023524553493572672,0.9908976978051932,0.0011392694718310708,0.002267152989613496,0.11957424886988405,0.0
-0.5254237,0.2478261,-0.1400096,-0.13110261203794402,-0.021175414345135035,0.9911426269433373,0.0012222164820086835,0.0023480719795752445,0.13250378984808253,0.0
-0.5254237,0.2808696,-0.1402238,-0.13926324668024456,-0.03959763842128289,0.9894633773695387,0.0008271923610555724,0.001932750480027656,0.06123263779418591,0.0
-0.5254237,0.313913,-0.1376792,-0.13699668681147634,-0.042478325197170215,0.9896602950968184,0.000992994683383335,0.002117528132034399,0.0923201321553202,0.0
-0.5254237,0.3469565,-0.1349735,-0.13970722787266615,-0.06300639695983323,0.9881862599845609,0.0011253077453287886,0.002321006320146857,0.1607337042126449,0.0
-0.5254237,0.38,-0.1336833,-0.13204923482432002,-0.08329853452362437,0.987736986109424,0.0013705242184592367,0.0026886112013767825,0.28142762819877,0.0
-0.4915254,-0.38,-0.1267088,-0.16427185113174203,0.056783685084353615,0.9847793519535186,0.0010264923686155829,0.0023335906843014553,0.22077708556646142,0.0
-0.4915254,-0.3469565,-0.1247687,-0.1668851106138484,0.07042592586466724,0.9834579547807363,0.001437631423825188,0.0026312095621405093,0.2171691324324644,0.0
-0.4915254,-0.313913,-0.1305707,-0.1731700669988962,0.0628111429426668,0.9828870170156043,0.0016814838444023422,0.002765533591600541,0.21987935991468444,0.0
-0.4915254,-0.2808696,-0.133948,-0.17442321518410853,0.05938491079253854,0.9828784128136093,0.0017548274054090874,0.0028253999900083094,0.2291476864271511,0.0
-0.4915254,-0.2478261,-0.1407461,-0.1698514935253734,0.06280824546209035,0.9834661125067676,0.001701310391176123,0.0027809939930379802,0.22183203017128642,0.0
-0.4915254,-0.2147826,-0.1358997,-0.15783327907196154,0.05001180914407262,0.9861984967355857,0.0019690192582359003,0.002988334409403694,0.26751418356324363,0.0
-0.4915254,-0.1817391,-0.1440828,-0.16611492280178128,0.022518105474625842,0.9858492619809542,0.002441955142394568,0.003330020255768151,0.36462079572672296,0.0
-0.4915254,-0.1486957,-0.1434525,-0.1593879461630289,0.02868175445511907,0.9867992904229856,0.0025280528977724014,0.0033865283460917366,0.3711002604150438,0.0
-0.4915254,-0.1156522,-0.1374477,-0.1568461202800237,0.007272400068358518,0.9875962772055946,0.0027729821341535934,0.0035467010775411243,0.41371542702150754,1.0
-0.4915254,-0.0826087,-0.1384825,-0.1605982100886256,0.005538519946338392,0.9870043260863317,0.002850857436639686,0.0035970745882154165,0.4254039537533276,1.0
-0.4915254,-0.0495652,-0.1414441,-0.1583577423651222,-0.0021704525834297422,0.9873794177359607,0.0018550549364995874,0.0028998023011130468,0.2488958038083584,0.0
-0.4915254,-0.0165217,-0.1463208,-0.1557029107682193,0.009847668667999231,0.9877548415472887,0.002012128559732554,0.003019449287119481,0.276874332718556,0.0
-0.4915254,0.0165217,-0.1423049,-0.1492867504094944,0.013171337044999018,0.988706216240507,0.0014858744955550559,0.002592710757565195,0.18234469242910142,0.0
-0.4915254,0.0495652,-0.1430305,-0.15487186480975604,-0.0058913025088636745,0.9879169995728877,0.001782677270932671,0.0028416038011456817,0.23532621006595267,0.0
-0.4915254,0.0826087,-0.1386907,-0.15832028828654973,-0.01786159126337897,0.987226240470949,0.0016602563149085868,0.0027428758089998242,0.21219646124888306,0.0
-0.4915254,0.1156522,-0.1332384,-0.15898915781524592,-0.04496876484248088,0.986255675717884,0.00192701491488555,0.0029562586554098343,0.26031229977962456,0.0
-0.4915254,0.1486957,-0.1385746,-0.15694999138589613,-0.030494449968789732,0.9871356485939854,0.001931481469588847,0.0029586878654876544,0.26149940979846975,0.0
-0.4915254,0.1817391,-0.1405807,-0.15564488887255587,-0.032156815391503404,0.987289525818909,0.0016127347588935795,0.0027041318453810055,0.2059978349637345,0.0
-0.4915254,0.2147826,-0.1405752,-0.15599180152458905,-0.026702864672070503,0.9873973439681807,0.0011670160694297242,0.0022987115768190298,0.12324105264160262,0.0
-0.4915254,0.2478261,-0.1358561,-0.15614893574631653,-0.022714047648610108,0.9874723195637989,0.0012506757974016704,0.0023797568041097257,0.1402083151562486,0.0
-0.4915254,0.2808696,-0.1346459,-0.15933810731116188,-0.03971420779393198,0.9864249334124703,0.0007126061734781679,0.00179658713731358,0.04289032154135742,0.0
-0.4915254,0.313913,-0.1358012,-0.163853890207262,-0.04702352580307758,0.9853632277921651,0.0007891089951684822,0.0018915577874505307,0.05512576298365139,0.0
-0.4915254,0.3469565,-0.1300322,-0.16714602487704686,-0.05293231414878536,0.984510221626295,0.0009026842437411861,0.0020837393098490035,0.1209248283460371,0.0
-0.4915254,0.38,-0.1316721,-0.1616743269160414,-0.07588091835507739,0.9839225062197913,0.0010466450660682953,0.0023565220138132724,0.22347150064590537,0.0
-0.4576271,-0.38,-0.118886,-0.16899708772228442,0.07079360352272991,0.9830708265642171,0.0013921915951078331,0.002720487191425979,0.28605691058214844,0.0
-0.4576271,-0.3469565,-0.1211963,-0.1605430980846942,0.05402535479933957,0.9855491741644219,0.0013190565332846938,0.002517687634035341,0.19569458726012584,0.0
-0.4576271,-0.313913,-0.1230954,-0.1625669147833604,0.06237699530214683,0.9847238743297005,0.0018137749141757997,0.0028697672643653543,0.24089647854392232,0.0
-0.4576271,-0.2808696,-0.1295406,-0.16921205418006158,0.048769612328038746,0.9843722901593362,0.0019119917961317682,0.0029474430797671396,0.2604508764366316,0.0
-0.4576271,-0.2478261,-0.1281472,-0.16835446408853477,0.0648732756391955,0.9835894634090503,0.0019295265385508807,0.00296173903564542,0.26000184444862384,0.0
-0.4576271,-0.2147826,-0.1314627,-0.17619473759320922,0.05951654121192145,0.9825544238191747,0.0019547129801410724,0.0029827570844064726,0.26687678212993515,0.0
-0.4576271,-0.1817391,-0.1334122,-0.18280801799915933,0.037394882784955924,0.9824371996706549,0.002680913270445982,0.0034952833980659835,0.39755773801973504,1.0
-0.4576271,-0.1486957,-0.1342459,-0.17385415385724254,0.031387289056608945,0.9842710862726075,0.0023098539989245626,0.0032408991286810717,0.33226051070597784,0.0
-0.4576271,-0.1156522,-0.1379137,-0.18165011826536767,0.005791798095803527,0.9833461697738975,0.002495952818218698,0.003371927005890879,0.3654892239547206,0.0
-0.4576271,-0.0826087,-0.1389358,-0.1870330654247009,0.002763379585550102,0.9823497321072092,0.002269666101388028,0.00321655317129885,0.3256375758177922,0.0
-0.4576271,-0.0495652,-0.1326143,-0.18507962813655415,0.006290854507198355,0.9827033918728499,0.00224051289389591,0.003195432415395452,0.3188683722812354,0.0
-0.4576271,-0.0165217,-0.1357675,-0.18334744443404835,0.00748882092761679,0.9830196499463363,0.0019825142571318565,0.0030049784370298426,0.2716803442410084,0.0
-0.4576271,0.0165217,-0.1345445,-0.18716901766609262,0.015152342093381703,0.9822108558527518,0.001909529576830707,0.002949723567968014,0.25999057791051344,0.0
-0.4576271,0.0495652,-0.1319921,-0.18213959242561778,-0.013725452613901137,0.9831768817570787,0.002395588122186148,0.0033037860225320977,0.3449276642917902,0.0
-0.4576271,0.0826087,-0.1398036,-0.17389091203783175,-0.0179986127285512,0.9846004268994092,0.001656809484490183,0.0027445593280101804,0.21718782753136445,0.0
-0.4576271,0.1156522,-0.136367,-0.18184845843163178,-0.033435568601190506,0.982757956425871,0.0015635674045324573,0.0026675227940072023,0.19628515815683745,0.0
-0.4576271,0.1486957,-0.1327024,-0.1855914386336776,-0.026404980711000836,0.9822721592814964,0.001508769488939488,0.002621122884429229,0.18793595890704617,0.0
-0.4576271,0.1817391,-0.1310694,-0.1800079456088936,-0.025127925495730383,0.9833441548501454,0.0013210147651614116,0.0024510497520610435,0.15437075491808086,0.0
-0.4576271,0.2147826,-0.1321977,-0.18415456492447319,-0.03823886010583059,0.9821531885583251,0.0008662845108289629,0.001985416974322386,0.06968083242298925,0.0
-0.4576271,0.2478261,-0.1266032,-0.1889548762025015,-0.026536387366437885,0.9816271567682077,0.0008511859510368406,0.001968777811235778,0.06687743577823492,0.0
-0.4576271,0.2808696,-0.1274873,-0.1790018195184696,-0.039680056594373445,0.9830482397714493,0.0008540319553571316,0.001970371874706307,0.06923018846634892,0.0
-0.4576271,0.313913,-0.1299898,-0.17867811439608935,-0.046021470000544754,0.9828306851817598,0.0009096209539563554,0.002033655806973855,0.0808635094481236,0.0
-0.4576271,0.3469565,-0.1271765,-0.18121944448239888,-0.05715843742380999,0.9817802330321991,0.0007957887704199389,0.0019164155432153758,0.10312128367958481,0.0
-0.4576271,0.38,-0.1198059,-0.19368486918092506,-0.07602105737120739,0.9781139863464438,0.0010763531098351739,0.0024189409086625255,0.2319576523689365,0.0
-0.4237288,-0.38,-0.1140821,-0.18605791571343774,0.09155994246218314,0.9782633740137129,0.001466225020706862,0.0027998716856098183,0.30215496494256944,0.0
-0.4237288,-0.3469565,-0.1233327,-0.17919456639223894,0.0629472192644818,0.9817978177620722,0.0016213005018040905,0.0027362905447944658,0.25129668611344824,0.0
-0.4237288,-0.313913,-0.1155578,-0.1785501341836896,0.05804712001701738,0.9822170745007013,0.0017406684790453194,0.002814947830622917,0.23230663998171958,0.0
-0.4237288,-0.2808696,-0.1195757,-0.18547621139184955,0.05376551568608647,0.9811767650789206,0.0018874483502742047,0.002933123219838465,0.25565242262229243,0.0
-0.4237288,-0.2478261,-0.118912,-0.18953161380609385,0.06274902608659261,0.9798675048664702,0.0013264595181772074,0.0024596873257587363,0.15469410263868572,0.0
-0.4237288,-0.2147826,-0.1254689,-0.20348106081088596,0.04865915412989855,0.9778689813112186,0.0013729291114722602,0.002505405969856172,0.1628680903283854,0.0
-0.4237288,-0.1817391,-0.1263841,-0.21057009712393965,0.02605516339617376,0.9772314785441647,0.0022567175384278744,0.003215306499576063,0.32468832555795896,0.0
-0.4237288,-0.1486957,-0.1298591,-0.20201217830238286,0.023046285113125533,0.9791118161681076,0.002246224864718665,0.0032047244319724616,0.3189761589555281,0.0
-0.4237288,-0.1156522,-0.1196551,-0.19799726423267694,-0.003561982822796373,0.9801961006016836,0.0020122159257732353,0.0030316903970376784,0.2843447465012098,0.0
-0.4237288,-0.0826087,-0.1283818,-0.20095272143157988,0.013970887759690765,0.9795013108947062,0.0020133875338420454,0.0030333925871699435,0.2802906715703805,0.0
-0.4237288,-0.0495652,-0.1234859,-0.20044642116751002,0.017703601048293847,0.9795446976790084,0.0022231178585421594,0.0031876025022425595,0.3162820703122192,0.0
-0.4237288,-0.0165217,-0.130387,-0.19412560716189003,0.004456109192106812,0.9809665599473284,0.001520233253378278,0.0026336236618401056,0.1886964253444485,0.0
-0.4237288,0.0165217,-0.1279536,-0.2042816963459562,0.00682098084115303,0.9788883811540431,0.0015971604307600177,0.002702586098401723,0.20235090258754332,0.0
-0.4237288,0.0495652,-0.1332626,-0.19941839360484243,-0.025347931159118358,0.9795865386365908,0.0018185788381188098,0.002882191302643104,0.24599004845894593,0.0
-0.4237288,0.0826087,-0.1290041,-0.18983123733650017,-0.010016520978550764,0.9817656393655152,0.0018725177536259077,0.0029217656458921655,0.25191269205340194,0.0
-0.4237288,0.1156522,-0.1243146,-0.19453181235040573,-0.02895221124684495,0.9804688385907961,0.0018502621546265601,0.0029057862787631437,0.250067918514043,0.0
-0.4237288,0.1486957,-0.1302349,-0.19712050240966578,-0.02414408000791596,0.9800819205200821,0.001521897672329218,0.0026355997704053443,0.19043036906271543,0.0
-0.4237288,0.1817391,-0.1222803,-0.1993058620004045,-0.024203325350405546,0.9796383885976795,0.0014675477098015832,0.002589803750284462,0.1782470830828858,0.0
-0.4237288,0.2147826,-0.1233061,-0.20529619438155794,-0.03608550224106362,0.9780344110001753,0.0008758056725945869,0.0020006576018205273,0.07316838064444489,0.0
-0.4237288,0.2478261,-0.1260739,-0.20377453978604002,-0.022634783182522114,0.9787561512068609,0.0006486830476864026,0.0017212004256867708,0.03253781029474837,0.0
-0.4237288,0.2808696,-0.1228745,-0.19784007660206065,-0.03570041486241192,0.9795839854084704,0.000802916544451674,0.001913977915714758,0.06281735289271795,0.0
-0.4237288,0.313913,-0.1209781,-0.2028072173020053,-0.05633997372839552,0.9775965629903272,0.0014279426328839173,0.002555339274665795,0.17301699847963312,0.0
-0.4237288,0.3469565,-0.1177841,-0.20342570847086902,-0.06903575588947905,0.9766534930782226,0.001263565493362286,0.00247733740896882,0.1859739963761725,0.0
-0.4237288,0.38,-0.1170821,-0.2065577785845912,-0.08791953142551624,0.974476290168271,0.001326489251403134,0.002670986122863467,0.2753388559715993,0.0
-0.3898305,-0.38,-0.1104926,-0.20900207746271152,0.09033913767401547,0.9737335219764108,0.001832141114449797,0.003141260073865693,0.3673759094694958,0.0
-0.3898305,-0.3469565,-0.1110864,-0.20562262293902503,0.07082482312848969,0.9760651522129523,0.001972105759133093,0.0030970219363767922,0.31396330916103776,0.0
-0.3898305,-0.313913,-0.1152187,-0.21334290907372577,0.04481673986366611,0.9759489038755832,0.002283253657601762,0.003235743780790394,0.33372700618691126,0.0
-0.3898305,-0.2808696,-0.1177754,-0.2116093296488357,0.0404649158577236,0.9765162989885,0.0020964550313723597,0.003099500430951121,0.2931734584549361,0.0
-0.3898305,-0.2478261,-0.1156237,-0.20778388385373875,0.06515953800867312,0.97600209642047,0.0018488222201272495,0.00291037778141629,0.25108158278560627,0.0
-0.3898305,-0.2147826,-0.1142063,-0.21632769436787772,0.056373361251506174,0.9746919373785163,0.0016985931839673708,0.0027916033313065193,0.22367089264374995,0.0
-0.3898305,-0.1817391,-0.1226223,-0.20492885836120725,0.03767935172786421,0.9780513429591209,0.0018441266549753489,0.002904385448988653,0.24852966291812076,0.0
-0.3898305,-0.1486957,-0.1190063,-0.21214717437673064,0.017301843902141494,0.9770845524321602,0.0017956934935461357,0.002867987253813686,0.24149148005439913,0.0
-0.3898305,-0.1156522,-0.1217528,-0.21187558575876325,-0.004187155903465462,0.9772876771375053,0.001962539754242747,0.0029985798349590645,0.27001538541022047,0.0
-0.3898305,-0.0826087,-0.123324,-0.22097228949260536,0.013298765340114803,0.9751894124306444,0.002053346926078941,0.0030704492054041198,0.28668130179507595,0.0
-0.3898305,-0.0495652,-0.1182253,-0.2076439503290926,0.017106595772833275,0.9780548830575894,0.0021583913074768204,0.0031442871668929786,0.3055515455742312,0.0
-0.3898305,-0.0165217,-0.1225367,-0.20759555213951789,-0.004314133864716675,0.9782052315239816,0.001669481385793201,0.0027641363328066654,0.2186365096869708,0.0
-0.3898305,0.0165217,-0.1164873,-0.21367574332356518,0.0035984293695262314,0.9768980131114992,0.0018239797853312645,0.0028912157148853835,0.24607871841889176,0.0
-0.3898305,0.0495652,-0.1231252,-0.21366672041804266,-0.005651732619139017,0.9768902653339321,0.001815780660315044,0.0028849755931150993,0.24166541842846828,0.0
-0.3898305,0.0826087,-0.1192331,-0.2149509272038194,-0.004739690769412623,0.9766133493996637,0.0020134822535451337,0.0030383993152549213,0.27869458896891675,0.0
-0.3898305,0.1156522,-0.1204848,-0.22215979284117593,-0.029549317437931103,0.9745623963008823,0.0020305258838864138,0.0030537887599233152,0.28192968021052206,0.0
-0.3898305,0.1486957,-0.1212789,-0.2209839680742223,-0.036659839927720164,0.9745881909763966,0.0016213170061336508,0.0027280009406091725,0.21419099077944673,0.0
-0.3898305,0.1817391,-0.1162711,-0.20716663186124526,-0.0412321414277734,0.9774363903377793,0.0014851436591342233,0.00260671194708274,0.1830048365209479,0.0
-0.3898305,0.2147826,-0.1173199,-0.21378028445386335,-0.028874896482769686,0.9764549300054428,0.001160545383431313,0.002305438481299711,0.12638689515365978,0.0
-0.3898305,0.2478261,-0.1136695,-0.20813095904005213,-0.01564202550002284,0.9779758846348535,0.0008860983806458822,0.0020128681422684736,0.07663113674520758,0.0
-0.3898305,0.2808696,-0.1140487,-0.2185082722613912,-0.035246413333414064,0.9751983517728439,0.0015254557339461875,0.0026451906183555126,0.19294594707177376,0.0
-0.3898305,0.313913,-0.1153955,-0.20854232906510622,-0.05999931720761341,0.976171183206471,0.0013597564874473,0.0024952629498776278,0.15983822674997977,0.0
-0.3898305,0.3469565,-0.1104789,-0.22294290376841663,-0.07882124597929017,0.9716396826198376,0.0014712439329218376,0.002681462110806953,0.22545560796231795,0.0
-0.3898305,0.38,-0.1078549,-0.22576799806433134,-0.08791537113330516,0.9702060083139652,0.001202824444299809,0.0025515702721224187,0.2545828785065323,0.0
-0.3559322,-0.38,-0.0969998,-0.22590723470958093,0.09257314848774201,0.9697402402112316,0.0013867330949104988,0.002740366156484723,0.290078670873584,0.0
-0.3559322,-0.3469565,-0.1047559,-0.22931676493117423,0.07252665008136444,0.970646025258166,0.0016185316597851136,0.0028172237151235188,0.25263840748276056,0.0
-0.3559322,-0.313913,-0.1041205,-0.2306071275729358,0.043628189840062635,0.9720683791605605,0.0019700283843298414,0.0030113732568502896,0.27049024728661225,0.0
-0.3559322,-0.2808696,-0.1109369,-0.22891308414221523,0.03280685353844227,0.972893884382776,0.0018396965058638157,0.0029089610974647982,0.25170850180870386,0.0
-0.3559322,-0.2478261,-0.1053891,-0.22781290286797687,0.057190494445157364,0.9720239341867998,0.002116766452088898,0.0031213128611238096,0.29852012080913715,0.0
-0.3559322,-0.2147826,-0.1119638,-0.22994126236338686,0.05042530716906274,0.9718972704250372,0.0019130622461029164,0.0029706875401284277,0.2633777068686481,0.0
-0.3559322,-0.1817391,-0.1153177,-0.22631854798456216,0.04275152378837239,0.9731147013851613,0.002491025829740099,0.0033852275775645953,0.36716442527796206,0.0
-0.3559322,-0.1486957,-0.1110589,-0.22823198442395554,0.01225802203150632,0.9735296103261466,0.0019898161770834488,0.0030252009908425946,0.27604952135271443,0.0
-0.3559322,-0.1156522,-0.1083504,-0.23165392479689487,-0.008973484576924358,0.972756873890255,0.0020877788868489924,0.0031003155664656875,0.2928345188106497,0.0
-0.3559322,-0.0826087,-0.1168304,-0.22707910860333905,0.016928745603703752,0.9737291697429002,0.0019522087960855761,0.0029970252019592388,0.2757387658662583,0.0
-0.3559322,-0.0495652,-0.1159142,-0.22424999293128706,0.016416146194702948,0.9743933758059069,0.002482681549060604,0.003379391991458318,0.3662088231188986,0.0
-0.3559322,-0.0165217,-0.1150765,-0.25225484793536385,0.007027623848813024,0.9676353157032592,0.0021615263463568186,0.0031635164214236593,0.3095067582659406,0.0
-0.3559322,0.0165217,-0.1162351,-0.24993871895749148,0.007652145599226952,0.9682314193588311,0.0021341346418513453,0.0031423273254787875,0.30425108031694814,0.0
-0.3559322,0.0495652,-0.1115118,-0.24095340269577695,-0.00881272980338465,0.9704966736278591,0.002178605811832192,0.0031716634156864895,0.31139404449303526,0.0
-0.3559322,0.0826087,-0.1146791,-0.23715213207055574,-0.014238779529514013,0.9713681708867652,0.001820441236284061,0.002897563106527463,0.24809655808070435,0.0
-0.3559322,0.1156522,-0.113832,-0.2364210366702543,-0.024232503820940995,0.971348484931299,0.0016986362140199735,0.0027976112702319538,0.225554344439309,0.0
-0.3559322,0.1486957,-0.1091314,-0.23093802702034452,-0.03589983691315661,0.9723059340483113,0.0016706916630037038,0.0027726748326133473,0.21951943874560859,0.0
-0.3559322,0.1817391,-0.1121651,-0.22859468713322476,-0.03597901126495593,0.9728566080172654,0.0015407850716094582,0.0026617514572052263,0.1962055035287788,0.0
-0.3559322,0.2147826,-0.107421,-0.23468441919764726,-0.02920174079425272,0.9716328945236719,0.001013251559149334,0.002159556284637551,0.10437506729859428,0.0
-0.3559322,0.2478261,-0.1102578,-0.23008560540692555,-0.018605455891694864,0.9729925237100184,0.0010609581429819027,0.0022085170543374843,0.10802675970952073,0.0
-0.3559322,0.2808696,-0.1094077,-0.23938743536369325,-0.04056869176852176,0.9700762016657163,0.0015113446147178695,0.0026399323475561095,0.19109867886875867,0.0
-0.3559322,0.313913,-0.1095088,-0.24543261107253866,-0.07327181103800466,0.9666406132215462,0.0013432901740154386,0.002492202888663921,0.1595664172572181,0.0
-0.3559322,0.3469565,-0.0964535,-0.24965612678498222,-0.0738350660280231,0.9655155106902001,0.0013582887868634154,0.002529978825512531,0.20927100560212775,0.0
-0.3559322,0.38,-0.100836,-0.24611515031801356,-0.08803706073571527,0.9652340693950647,0.0011909188517712592,0.002548583274353624,0.2543827585397605,0.0
-0.3220339,-0.38,-0.0903804,-0.2600399827414133,0.09327476695346959,0.9610822156431889,0.0005899579478013537,0.0017986358500826135,0.15135056979871642,0.0
-0.3220339,-0.3469565,-0.0933672,-0.2601098573120356,0.059058244849477595,0.9637712310732313,0.0012383354012754481,0.00241816047665307,0.1848314333302597,0.0
-0.3220339,-0.313913,-0.0947596,-0.2610782861568117,0.05517937308345883,0.9637392620846876,0.0013004729019128645,0.0024564992942749755,0.15513210207076927,0.0
-0.3220339,-0.2808696,-0.0968592,-0.25826880872050084,0.036949758469340975,0.9653662195204215,0.0012618077865487846,0.0024181126254860736,0.14508091149387065,0.0
-0.3220339,-0.2478261,-0.0928559,-0.2607299923542007,0.04913569574065853,0.9641605439401986,0.0015511799019625524,0.002682769558191188,0.20200634199797002,0.0
-0.3220339,-0.2147826,-0.1030731,-0.26141742018005837,0.03727277816579121,0.964505921409613,0.0017215224623959382,0.0028263718464848586,0.23058085791731048,0.0
-0.3220339,-0.1817391,-0.105808,-0.25151531274459454,0.049193058393076534,0.9666023435006372,0.0015659128170331033,0.002691955085466174,0.20043877557419748,0.0
-0.3220339,-0.1486957,-0.1051541,-0.2546219723001706,0.021069824853480423,0.9668111054919747,0.001327826836222661,0.002479199178988368,0.1584504019996423,0.0
-0.3220339,-0.1156522,-0.1069085,-0.2570937612725783,-0.0006049707618247755,0.9663862746982156,0.0011819414404433647,0.002340016125946029,0.1340277095697699,0.0
-0.3220339,-0.0826087,-0.1012531,-0.2522193855224004,0.014864476555696905,0.9675559047948743,0.0014179800691596102,0.0025612496430088964,0.17423547451465854,0.0
-0.3220339,-0.0495652,-0.101426,-0.2531241266870611,-0.005937052206069324,0.967415592131952,0.002101807373955771,0.0031198361295355953,0.2957841204659552,0.0
-0.3220339,-0.0165217,-0.1069676,-0.2590327629137238,-0.0026791814423686037,0.9658648195912727,0.0018343779822421727,0.0029168211472911662,0.25135691464737053,0.0
-0.3220339,0.0165217,-0.1082549,-0.2546562874033509,-0.005378803805968435,0.9670166719118954,0.001915784185731631,0.00297898321098482,0.2679721503196489,0.0
-0.3220339,0.0495652,-0.1049515,-0.2569780436523784,-0.0016451078131713938,0.9664158414993409,0.002223627451255276,0.0032110712075803707,0.31834297674454165,0.0
-0.3220339,0.0826087,-0.0993206,-0.2587846536969257,-0.0027604457185488526,0.965931096378203,0.001893660276004915,0.002963749992769276,0.25861619902360283,0.0
-0.3220339,0.1156522,-0.1113631,-0.25059500031469084,-0.01405096802930673,0.9679900392642063,0.0012301295306069897,0.0023856099742444506,0.14913110651983985,0.0
-0.3220339,0.1486957,-0.1005384,-0.2485937466750347,-0.030203566449802335,0.968136815583304,0.001391769985597441,0.0025361625180252674,0.16965458967128652,0.0
-0.3220339,0.1817391,-0.1043628,-0.24685764051017553,-0.03810465549690725,0.9683022981234792,0.001218208055149711,0.00237212722534881,0.139078472020987,0.0
-0.3220339,0.2147826,-0.0968352,-0.24870219013181014,-0.03469536016075277,0.9679583940474695,0.0008934290198013915,0.0020316088999855516,0.08056294134594878,0.0
-0.3220339,0.2478261,-0.1018144,-0.25400690982817714,-0.030658917543583766,0.9667163599187693,0.0010661740153362484,0.0022211205672367233,0.1095546050307869,0.0
-0.3220339,0.2808696,-0.0978645,-0.2537159985787826,-0.04141272097178919,0.9663918349235385,0.0014992258023822109,0.0026344872657992117,0.18969835876873045,0.0
-0.3220339,0.313913,-0.0997583,-0.2574712935935453,-0.07175862339620294,0.963617783638071,0.001438896924330148,0.0025837002077846046,0.17816623124042336,0.0
-0.3220339,0.3469565,-0.0962059,-0.2585116787619667,-0.08311584488529028,0.9624258248159566,0.001204762444832885,0.0023842129279637854,0.17944234688098468,0.0
-0.3220339,0.38,-0.0869547,-0.25522834021004054,-0.08543906600725709,0.9630984686694474,0.0012735060126810019,0.002660720504730633,0.268996141526998,0.0
-0.2881356,-0.38,-0.0793087,-0.26522089643743785,0.08560799795684826,0.9603796888620367,0.0006241928577109883,0.001851727638293585,0.1622798558463794,0.0
-0.2881356,-0.3469565,-0.0851373,-0.2627301923975601,0.06330806087815566,0.962790182454406,0.0013371947089260022,0.0025122148648260914,0.20018138988657053,0.0
-0.2881356,-0.313913,-0.0885082,-0.26271851292719517,0.051858251525010696,0.9634779212385164,0.0015332544393929924,0.00266808826876502,0.19720168613746586,0.0
-0.2881356,-0.2808696,-0.093348,-0.27467702595540877,0.03913327254337471,0.9607398807129521,0.0013159961460036916,0.0024756972339852854,0.16115041245229822,0.0
-0.2881356,-0.2478261,-0.0904198,-0.2795001506848147,0.04724097395745495,0.9589827715588621,0.00151571286722488,0.0026594158076747748,0.19852376490165222,0.0
-0.2881356,-0.2147826,-0.0907073,-0.28745057008527514,0.035811489081980626,0.9571257529746972,0.0014712243731414471,0.0026231408851295933,0.18540999884580575,0.0
-0.2881356,-0.1817391,-0.092046,-0.2780205324280332,0.04951886291863296,0.9592979025118727,0.0014972838719102706,0.0026426365764189884,0.18693447568017368,0.0
-0.2881356,-0.1486957,-0.0930579,-0.28249164671928195,0.020672379689012813,0.9590469864672023,0.0011363994877919973,0.0023031079118774095,0.1285052485072361,0.0
-0.2881356,-0.1156522,-0.0969281,-0.2786331807602596,0.0015174792049624732,0.9603964014073993,0.0011192982303098958,0.0022845844460394134,0.12672688550201283,0.0
-0.2881356,-0.0826087,-0.0943511,-0.2745155115433438,0.009550231883404951,0.9615352448002464,0.001442085371976456,0.0025916436286602725,0.18105399336750416,0.0
-0.2881356,-0.0495652,-0.0946613,-0.2790525240526671,-0.0038082390744767674,0.9602682886230218,0.0017301606354264384,0.002841582893764067,0.23251805788179214,0.0
-0.2881356,-0.0165217,-0.0908702,-0.27836667932255466,0.006245111686548428,0.9604545748878272,0.0014254451076669335,0.0025786984873602753,0.1775831662150572,0.0
-0.2881356,0.0165217,-0.0891417,-0.27997218388940553,-0.002619897407660508,0.9600045376901979,0.0016158517093260545,0.002746133310597366,0.21731877710651867,0.0
-0.2881356,0.0495652,-0.0949563,-0.2826351973904971,-0.001023669578283874,0.9592269269034464,0.0018912031150871717,0.002972630391151699,0.2624929956426691,0.0
-0.2881356,0.0826087,-0.0964512,-0.2818990563189172,-0.012884944401747624,0.9593575455763441,0.001798680177678931,0.0028982078049385788,0.24673046213809766,0.0
-0.2881356,0.1156522,-0.0937576,-0.2800950699156446,-0.012760612593601098,0.9598874509937019,0.0015817230917697098,0.0027167415282258623,0.20357140507155466,0.0
-0.2881356,0.1486957,-0.0945994,-0.27629247392786793,-0.026093664609679903,0.960719308392444,0.0017567326314741531,0.002863446136788381,0.2366335877509121,0.0
-0.2881356,0.1817391,-0.0940211,-0.27927257432055513,-0.02390335914007317,0.9599142975569179,0.0015612536376995812,0.002698629074060941,0.2058623230641444,0.0
-0.2881356,0.2147826,-0.0907905,-0.2768911299864509,-0.02959126310273809,0.9604455524821858,0.0011654313082230582,0.0023302929782598463,0.1314221108442114,0.0
-0.2881356,0.2478261,-0.0923687,-0.2741060097033319,-0.031176503544064163,0.961194008029224,0.0011643001103441443,0.0023300340650001996,0.1297626404925586,0.0
-0.2881356,0.2808696,-0.0858482,-0.26659007895161974,-0.04407261481141184,0.962801814720067,0.0018844288567015414,0.0029597659424203527,0.26112437210014117,0.0
-0.2881356,0.313913,-0.0862095,-0.272950585708681,-0.06690421803408045,0.9596988086741253,0.0018723588559275933,0.0029542962092729925,0.25752822854193547,0.0
-0.2881356,0.3469565,-0.0831823,-0.2686087888960709,-0.07722336805367959,0.9601488790569055,0.0015871577368999222,0.002806328595468269,0.2515451834604324,0.0
-0.2881356,0.38,-0.0823193,-0.2651886910986475,-0.07917179350332604,0.9609405732025538,0.00144013508733877,0.002813210360174297,0.3040010894562364,0.0
-0.2542373,-0.38,-0.0740836,-0.2783661708085408,0.07325663053665488,0.9576772635036326,0.0011397928418957885,0.002509275394486078,0.24582212964522449,0.0
-0.2542373,-0.3469565,-0.0769077,-0.2832283646942028,0.05685180449228336,0.9573659518484137,0.0010612295478400558,0.0022451906891348752,0.15328428947000755,0.0
-0.2542373,-0.313913,-0.076741,-0.28020000060040323,0.04754101328723384,0.9587636891951831,0.0014696882362840592,0.002618974925431845,0.18421665042612007,0.0
-0.2542373,-0.2808696,-0.0794443,-0.28772971531311764,0.040558114814598895,0.9568524704720777,0.0013251914805289349,0.002492347298552795,0.16385334771255747,0.0
-0.2542373,-0.2478261,-0.0786686,-0.3020418790424492,0.0357843310600357,0.9526227925863904,0.0017085936013360027,0.0028341989725812343,0.23603303123266173,0.0
-0.2542373,-0.2147826,-0.0807593,-0.30272399751942713,0.029062186207036798,0.9526350668848619,0.00156537757910114,0.0027128992356888703,0.20520019074114068,0.0
-0.2542373,-0.1817391,-0.0860122,-0.3106200027603204,0.061505717987246133,0.9485421764687385,0.0009363394712513497,0.0021013092867752004,0.09173588771845895,0.0
-0.2542373,-0.1486957,-0.0827066,-0.30058032922828243,0.0340142029444388,0.9531497781980919,0.0009281906348626614,0.0020876674790902636,0.08783814321137592,0.0
-0.2542373,-0.1156522,-0.0877227,-0.2855816034536831,0.007056777542930361,0.958328414302494,0.0008610973181324276,0.0020057395489995918,0.07751278296993572,0.0
-0.2542373,-0.0826087,-0.0861331,-0.28388961958328035,0.003288124487124841,0.9588513295241435,0.0012205362322273948,0.002387763783495184,0.14392848153794588,0.0
-0.2542373,-0.0495652,-0.0855598,-0.2843444517074803,-0.011465549444481726,0.9586536256433338,0.0013934549585577626,0.002551501524409739,0.17399042757838729,0.0
-0.2542373,-0.0165217,-0.0910991,-0.2787083897534778,0.00490629842465754,0.9603632446719267,0.0014416764247989348,0.002593444022193991,0.18429166189965712,0.0
-0.2542373,0.0165217,-0.0845988,-0.2843466256576751,-0.0024742944862909625,0.9587183498524937,0.0015934524449374102,0.0027289536199646925,0.20616304416406891,0.0
-0.2542373,0.0495652,-0.0842238,-0.29251423948648575,-0.011584135335498229,0.9561909994902545,0.0016385950657909713,0.0027718234411633798,0.21815168965506823,0.0
-0.2542373,0.0826087,-0.0847578,-0.2944800223500457,-0.00600189279797015,0.9556387883084055,0.0016401160778846703,0.0027732924611439005,0.2184624372775482,0.0
-0.2542373,0.1156522,-0.084967,-0.2990670995136758,-0.013804802346764315,0.9541322221896945,0.0013993207692515033,0.002563220152819924,0.1739910059243332,0.0
-0.2542373,0.1486957,-0.0840287,-0.29641196836594813,-0.01671085511313587,0.9549139711674612,0.0017028999953692,0.0028266617844983403,0.2309414189961619,0.0
-0.2542373,0.1817391,-0.0848549,-0.3046907077739461,-0.034431648046320026,0.9518287840830544,0.0013686641148849719,0.0025374287551780546,0.174057375647329,0.0
-0.2542373,0.2147826,-0.0815551,-0.29931012189630113,-0.0385705328141246,0.9533759829830284,0.0010986467644993852,0.0022710191466811473,0.11773603616397742,0.0
-0.2542373,0.2478261,-0.0810281,-0.2992535200206754,-0.030515467877621404,0.9536855545594914,0.0014160198592940913,0.0025784948339858775,0.1787642058180288,0.0
-0.2542373,0.2808696,-0.0775229,-0.2943129949232856,-0.03865239343089527,0.9549271456510956,0.0014539839647503452,0.0026107627512957313,0.18171976261653552,0.0
-0.2542373,0.313913,-0.0796415,-0.2934585861792285,-0.05443298618535925,0.9544208234382952,0.0015780456789592405,0.0027201393712662216,0.20935889721581036,0.0
-0.2542373,0.3469565,-0.073357,-0.27244212815336466,-0.05971318656986642,0.9603174590503593,0.0018504309544685748,0.002960452695276712,0.2992658123170268,0.0
-0.2542373,0.38,-0.0714722,-0.28018411177610036,-0.07060289480279092,0.9573463818042579,0.0016523331794829786,0.0030229911810588815,0.341467115494941,0.0
-0.220339,-0.38,-0.061986,-0.29775303081510257,0.06624834738937291,0.9523414771543858,0.0010149878678381685,0.0023782432127461713,0.23227600707054563,0.0
-0.220339,-0.3469565,-0.0650409,-0.29992280352916556,0.048508233606960514,0.9527293756337832,0.0011562497716661837,0.0023504883401326932,0.17045121926716741,0.0
-0.220339,-0.313913,-0.0640316,-0.30060949459489694,0.05254457406820279,0.9522987973820989,0.0012348985256452024,0.0024088027652317354,0.14210150721219533,0.0
-0.220339,-0.2808696,-0.0724513,-0.3067786313069712,0.03584110523390369,0.9511058230023794,0.0010714482878034974,0.002245633861341446,0.11618510731948867,0.0
-0.220339,-0.2478261,-0.0676484,-0.31115494763307067,0.03727003425317861,0.9496281077928493,0.0013325407902750317,0.0025066482789334534,0.16411251166154095,0.0
-0.220339,-0.2147826,-0.0696764,-0.2987688983163556,0.019201416449928243,0.9541323026735589,0.0010645433467554029,0.0022351622847349034,0.11590697970523431,0.0
-0.220339,-0.1817391,-0.0707346,-0.2917150102720664,0.04939334823317171,0.9552291086081314,0.0010735526919519547,0.0022422455217679885,0.11332744751103742,0.0
-0.220339,-0.1486957,-0.0714175,-0.2986142692671934,0.053443963808072086,0.9528763093510624,0.0009241870275518632,0.0020828599329018047,0.08856926354227182,0.0
-0.220339,-0.1156522,-0.0753145,-0.2901945679705005,0.027357913196068732,0.9565765297695579,0.0010238811992702114,0.002190433104125277,0.10873196519896877,0.0
-0.220339,-0.0826087,-0.0747216,-0.291797233744455,0.0026067188486643862,0.9564766486412137,0.001283130166794734,0.0024517296689859102,0.15278052678466222,0.0
-0.220339,-0.0495652,-0.0724251,-0.2889588475660142,-0.022360401853994204,0.9570803502539631,0.0012016868436530946,0.002370931459371519,0.13478844175188026,0.0
-0.220339,-0.0165217,-0.0732409,-0.2912146210618973,-0.00431544156137997,0.9566480133486432,0.001337735825952796,0.002503235003653831,0.16227857435518137,0.0
-0.220339,0.0165217,-0.0739126,-0.2967361048935091,-0.006436298809152339,0.954937829447691,0.0013156189841618143,0.0024848798046977236,0.16158264098673714,0.0
-0.220339,0.0495652,-0.0788792,-0.2872592348704303,0.0018159593822255605,0.9578511545502134,0.001784539715917121,0.0028896187558265112,0.24070792750619827,0.0
-0.220339,0.0826087,-0.0723295,-0.28880038740740865,-0.005694073061569851,0.9573724007747977,0.0014297622408147568,0.0025870172052427417,0.1789840379250584,0.0
-0.220339,0.1156522,-0.0698451,-0.3051928191881584,-0.02321004884581315,0.9520076873369034,0.0012572630629779885,0.0024320215923780975,0.15116586645569294,0.0
-0.220339,0.1486957,-0.0695384,-0.3059788722773086,-0.02220631773630907,0.9517792859547327,0.0013507253474796738,0.0025212625987852595,0.16668889279114552,0.0
-0.220339,0.1817391,-0.0708831,-0.3065356826273954,-0.042400499237909284,0.9509143352271711,0.0012965249811138233,0.002470528839981002,0.15674820746098084,0.0
-0.220339,0.2147826,-0.0750785,-0.32045998765095984,-0.04717568529881966,0.9460865980613683,0.0007121410020667531,0.0018353165826125095,0.05288059210042338,0.0
-0.220339,0.2478261,-0.0662021,-0.3225839904187964,-0.03444366699653706,0.9459139511231016,0.0012674963626770125,0.0024498534776750836,0.1520189813947614,0.0
-0.220339,0.2808696,-0.0678992,-0.31649338904465324,-0.045240186780260774,0.9475153086843069,0.0014001994370748383,0.0025722914061862465,0.17542111612812555,0.0
-0.220339,0.313913,-0.0732862,-0.30583254021267164,-0.0495624608750787,0.9507944151177325,0.0014641471816058194,0.002621545440133363,0.19514745157315394,0.0
-0.220339,0.3469565,-0.0625916,-0.30701280278276627,-0.04149018099322893,0.9508005594280116,0.0012753374703975944,0.002471827701886647,0.19876168193451363,0.0
-0.220339,0.38,-0.0660379,-0.29888791749845856,-0.056938856639195956,0.952588042848563,0.0013751412677022882,0.002768880178761681,0.28913488814149113,0.0
-0.1864407,-0.38,-0.0546957,-0.3172859368495462,0.04573999769962933,0.9472262068207065,0.001188451204335517,0.002585482397811378,0.25798700541242925,0.0
-0.1864407,-0.3469565,-0.0548731,-0.317494084905223,0.041869271625745115,0.9473354580842651,0.001246855252752626,0.002449207806637975,0.1888973760301071,0.0
-0.1864407,-0.313913,-0.0511159,-0.320244451664839,0.04229215350827871,0.9463904400032362,0.0012248333896223305,0.0024072715290107656,0.14395274741873743,0.0
-0.1864407,-0.2808696,-0.057815,-0.3191417126051131,0.043785163390614175,0.9466950019633208,0.0012606272202443927,0.0024417539001460454,0.1503670275916448,0.0
-0.1864407,-0.2478261,-0.0574618,-0.314520080922494,0.04343618266783404,0.9482565142047561,0.0014045963918716822,0.0025753367975369823,0.18214989459898887,0.0
-0.1864407,-0.2147826,-0.0544066,-0.31881257261133933,0.03264362919623734,0.947255476108657,0.0014892813474400208,0.0026538838828547937,0.1952299691166411,0.0
-0.1864407,-0.1817391,-0.0560477,-0.30565014084159886,0.04221494250405879,0.9512075956555907,0.001362868851826804,0.0025326182190029372,0.16840589876077597,0.0
-0.1864407,-0.1486957,-0.0621225,-0.3116980827607144,0.0502510382042568,0.9488514838280484,0.0011337051244419672,0.002315869721593655,0.1297188483809743,0.0
-0.1864407,-0.1156522,-0.0633231,-0.31804349873212107,0.024207881782046182,0.9477670132336626,0.0015281134052688588,0.002687892360779178,0.19821266692006817,0.0
-0.1864407,-0.0826087,-0.0669708,-0.31544214895426925,0.007391432428792584,0.9489160223063806,0.0012648075083772357,0.0024441469779997514,0.15367950876345485,0.0
-0.1864407,-0.0495652,-0.0656646,-0.3146268593026086,-0.008961011026786269,0.9491731347266174,0.0010821423531295808,0.002260816236938317,0.1192259524684852,0.0
-0.1864407,-0.0165217,-0.0625017,-0.3134524726744604,-0.005941809625633655,0.949585300156147,0.0008225501270933412,0.001970302904235715,0.07250373376195635,0.0
-0.1864407,0.0165217,-0.0625906,-0.31461571426351087,-0.01363708841291036,0.9491211630545807,0.0008494448582601939,0.002002213225144447,0.07641113933348992,0.0
-0.1864407,0.0495652,-0.0632505,-0.30251230416331826,0.0050588751026848025,0.9531320546558568,0.0013104393741746158,0.002482445810626508,0.15799874243532872,0.0
-0.1864407,0.0826087,-0.0602038,-0.3005900357136772,-0.006505396134629994,0.9537312568280343,0.0014649197894424193,0.0026235567609721147,0.18812208481428566,0.0
-0.1864407,0.1156522,-0.0649157,-0.3049358760826188,-0.015757313179082764,0.9522425208732821,0.0016136383142626536,0.0027556143656800214,0.21775298887844985,0.0
-0.1864407,0.1486957,-0.0619807,-0.30046485443316173,-0.02446449041888308,0.953479082077317,0.0015080906339037465,0.002663519149006763,0.19480583934486084,0.0
-0.1864407,0.1817391,-0.058636,-0.29958793162528624,-0.051281024934202064,0.9526895232478316,0.0016295072923209538,0.00276697497256,0.21613178807748323,0.0
-0.1864407,0.2147826,-0.0578981,-0.31051205581988794,-0.04566735601891247,0.9494718299058422,0.0010600838661961208,0.0022353790159817047,0.11805754929630326,0.0
-0.1864407,0.2478261,-0.0550619,-0.32426199639042946,-0.03258079789257714,0.9454060764060999,0.0013662638264085364,0.0025444312002122268,0.17125338384880576,0.0
-0.1864407,0.2808696,-0.0555114,-0.3215582267603028,-0.04924078842252397,0.9456086143634154,0.0014635686266320522,0.0026325746683928558,0.1905471235688983,0.0
-0.1864407,0.313913,-0.0558618,-0.3231053421489876,-0.04139266093385995,0.9454573419756177,0.0014546649389912633,0.002625105448926082,0.1878631654624574,0.0
-0.1864407,0.3469565,-0.0518817,-0.32214081184844473,-0.026870501158625125,0.9463103473539268,0.0011384923300048724,0.002343258803688302,0.16921784306327775,0.0
-0.1864407,0.38,-0.0538141,-0.31384512936080433,-0.04764131809008143,0.948278197359372,0.0010483516030230372,0.0024260353215280407,0.23020654550259723,0.0
-0.1525424,-0.38,-0.0446151,-0.32638250465731367,0.04217153691659947,0.9442965753023306,0.0010304346843498177,0.0024130947440313974,0.23107160159867474,0.0
-0.1525424,-0.3469565,-0.0401166,-0.3252120704988534,0.049855061177704496,0.9443259935407985,0.0014311912769717939,0.002631081878306138,0.2225221962098489,0.0
-0.1525424,-0.313913,-0.0439894,-0.31928534839384604,0.04671304816130205,0.9465066071784712,0.0014305078997131865,0.002601427219014438,0.18173955077400997,0.0
-0.1525424,-0.2808696,-0.0446676,-0.3167239967631229,0.05016475922560832,0.9471902695901337,0.0014398978750306515,0.0026088155927005497,0.18501597760143304,0.0
-0.1525424,-0.2478261,-0.0522582,-0.3051493887153916,0.04395264671867271,0.9512896590487289,0.0015221712985693519,0.00267654187425405,0.1980123716872985,0.0
-0.1525424,-0.2147826,-0.0496362,-0.3132151573463579,0.02668901873662489,0.9493070954582463,0.0014948153034732075,0.0026560010831014405,0.19369690032174774,0.0
-0.1525424,-0.1817391,-0.0515196,-0.31088583435007017,0.03760622449022782,0.9497029903501676,0.001394812777086134,0.0025644995586342387,0.17553151986900944,0.0
-0.1525424,-0.1486957,-0.0532954,-0.3155361318241234,0.04272556392715423,0.947951199007932,0.001416847847923458,0.002587029601334693,0.17689906189356416,0.0
-0.1525424,-0.1156522,-0.058254,-0.3188214741148552,0.03033419605670863,0.9473292480404177,0.0014721523443198504,0.0026385455180027418,0.19603724468542447,0.0
-0.1525424,-0.0826087,-0.0530831,-0.31471144083055075,0.007926564730855916,0.9491542965092271,0.0012719782953892304,0.0024507235253753254,0.15180628466713247,0.0
-0.1525424,-0.0495652,-0.0497797,-0.3162489940143597,-0.007731921556607527,0.9486447128266456,0.0010207628129624315,0.0021958092258828024,0.10856250676376594,0.0
-0.1525424,-0.0165217,-0.0515251,-0.3117122208204036,-0.004182762468124535,0.9501673515172722,0.0007601873814489236,0.0018934137397789855,0.060605762132673074,0.0
-0.1525424,0.0165217,-0.054471,-0.3102165038761931,-0.011134437959438838,0.9506007284944397,0.0007768448654656338,0.001913784606183057,0.06464807846631697,0.0
-0.1525424,0.0495652,-0.0525162,-0.307017091915892,0.006191380489814709,0.9516838614157221,0.0014132671115179869,0.0025802679004589737,0.17661897584176128,0.0
-0.1525424,0.0826087,-0.0498081,-0.31079741459896887,-0.007432120333202205,0.950447121446506,0.001787885408649947,0.00290409594473507,0.24655665709990465,0.0
-0.1525424,0.1156522,-0.0597702,-0.3173139325051712,-0.03030086149061626,0.9478363392648703,0.0020790223835772466,0.0031355310928507046,0.30440739101884234,0.0
-0.1525424,0.1486957,-0.0510764,-0.3225888947715215,-0.0242811689816957,0.9462276839127941,0.0023672829903521766,0.0033496327493121162,0.35068720017039834,0.0
-0.1525424,0.1817391,-0.0480905,-0.31954831525245175,-0.04437660017711846,0.9465302908919712,0.0026155158525672747,0.003519522538458659,0.394513944924346,1.0
-0.1525424,0.2147826,-0.0464945,-0.3220464389726942,-0.0367660540239035,0.9460096978448572,0.0015944630344905608,0.002747874492550182,0.21347593775650425,0.0
-0.1525424,0.2478261,-0.0420629,-0.3238528271010921,-0.03820878645498656,0.9453356203043805,0.001219716311784719,0.002406674128967332,0.1503195514101672,0.0
-0.1525424,0.2808696,-0.0421877,-0.31732959304288777,-0.03914141929976208,0.9475071918853364,0.001398236458051162,0.0025707486232538963,0.17248054555640063,0.0
-0.1525424,0.313913,-0.0428863,-0.3239163237577186,-0.030723893501094435,0.9455867266260763,0.0014192243322881089,0.0025931509184602907,0.1793191117153226,0.0
-0.1525424,0.3469565,-0.0409527,-0.3242324612717893,-0.03545323547747491,0.9453128472372607,0.0014334090321630386,0.002629756404682995,0.22543921760715518,0.0
-0.1525424,0.38,-0.0373359,-0.3259520032938742,-0.05085354701962167,0.944017588980329,0.0014255424823985435,0.002863435665456508,0.30498883255092535,0.0
-0.1186441,-0.38,-0.0299121,-0.3216519816314447,0.052162347120852326,0.945420061271924,0.0013055179248788237,0.0027134524787596646,0.28063801316761305,0.0
-0.1186441,-0.3469565,-0.0305766,-0.31795396259745873,0.05807971600441765,0.9463255382041743,0.001579443432803196,0.0027580365927116816,0.2547528963364468,0.0
-0.1186441,-0.313913,-0.0297027,-0.32119875361891886,0.05375307010355721,0.9454850438415696,0.00169326597691599,0.0028319054855761925,0.23206274047357317,0.0
-0.1186441,-0.2808696,-0.0283179,-0.2996566507570472,0.05123135568328322,0.952670583072618,0.001396802483170191,0.002565302210244683,0.17859041971164327,0.0
-0.1186441,-0.2478261,-0.0362403,-0.30347088664523086,0.04911594272952187,0.9515739830031861,0.0015093614639078855,0.002664607285041911,0.1929722878226698,0.0
-0.1186441,-0.2147826,-0.0372835,-0.30852886616329034,0.025227585136378287,0.9508803855860002,0.0014903615715419363,0.002649757751141153,0.19090078300767122,0.0
-0.1186441,-0.1817391,-0.037722,-0.31857595282641527,0.02614842343777694,0.9475366073310623,0.0014564792089073399,0.0026243116869314855,0.18872128722721782,0.0
-0.1186441,-0.1486957,-0.0352706,-0.3180292757322238,0.032780811096981624,0.9475140095012109,0.001431416763943777,0.0026013646005503257,0.1773372267593956,0.0
-0.1186441,-0.1156522,-0.0401773,-0.329874813345927,0.02574045172915866,0.9436736918367328,0.0013821456905859127,0.0025619960971985877,0.1744513465751365,0.0
-0.1186441,-0.0826087,-0.0362679,-0.3341765402253608,0.022383184469042666,0.9422446778921242,0.001107959357551019,0.0022955621851372824,0.12632698070451076,0.0
-0.1186441,-0.0495652,-0.043969,-0.3237210162934262,-0.0029913289430772037,0.9461478507934723,0.0009931739859445803,0.0021693376899668015,0.10468404684433909,0.0
-0.1186441,-0.0165217,-0.0418237,-0.3122365678567238,0.004737559715901362,0.9499925690346173,0.000713592008916858,0.0018346266550617442,0.05264733649161518,0.0
-0.1186441,0.0165217,-0.04186,-0.3086817877009376,-0.01048317598447895,0.9511075948403688,0.0006527034789785753,0.0017530608780694705,0.04424171244598708,0.0
-0.1186441,0.0495652,-0.0387095,-0.3174613382540808,-0.005158451894969464,0.9482571850969412,0.0014843979919303696,0.0026495812102309943,0.19158878451923375,0.0
-0.1186441,0.0826087,-0.0375402,-0.32829879680501783,-0.012232635709494915,0.9444947128703137,0.001887126236366583,0.002993582241117148,0.26480688944470987,0.0
-0.1186441,0.1156522,-0.0446147,-0.32734789418593235,-0.031021091354376463,0.944394540466652,0.002139236459237023,0.0031868402617377016,0.3095391427123911,0.0
-0.1186441,0.1486957,-0.0420455,-0.3220479151651997,-0.03165943935980294,0.9461938597545283,0.002044008702179733,0.0031148143617104806,0.29708154789494634,0.0
-0.1186441,0.1817391,-0.0373069,-0.3231581222255618,-0.051235690144450154,0.944957000130202,0.0020890502555067224,0.0031471196641155723,0.30440431284249425,0.0
-0.1186441,0.2147826,-0.0391143,-0.3159586798223996,-0.04922531256653721,0.947495108825166,0.001421069744194481,0.0025912784230316416,0.1791483331133902,0.0
-0.1186441,0.2478261,-0.0403298,-0.30753796122934307,-0.03497086855108584,0.950892970189433,0.0012028275354997577,0.002379786959463891,0.1416160415689083,0.0
-0.1186441,0.2808696,-0.0310748,-0.3016981585510649,-0.04068539888371008,0.95253499644085,0.0010392769105178987,0.0022097072187254665,0.11050543766049545,0.0
-0.1186441,0.313913,-0.0309395,-0.3050054477521017,-0.036746450015517185,0.9516414110644814,0.0011196319385686612,0.002294904086703074,0.12633959993830435,0.0
-0.1186441,0.3469565,-0.0289765,-0.31345794099942853,-0.05376027403921971,0.9480790853929996,0.0016919640411692187,0.002854433768030256,0.2708509102273925,0.0
-0.1186441,0.38,-0.0297204,-0.31881529452088,-0.04837245058839068,0.9465816995926122,0.001248321733495765,0.0026510748883612004,0.2681712861061728,0.0
-0.0847458,-0.38,-0.0135752,-0.3256046859060985,0.04453601310809378,0.9444565273491556,0.0017190897496088084,0.00314458331649061,0.3544567565712225,0.0
-0.0847458,-0.3469565,-0.0195438,-0.33104650784136874,0.049960914954001366,0.9422908874774254,0.0016845558817454366,0.002858443038083675,0.2749741018388341,0.0
-0.0847458,-0.313913,-0.0175,-0.33227477687594903,0.052534907546409285,0.9417184059691774,0.0017083498050622314,0.0028506152889159683,0.23632752327576984,0.0
-0.0847458,-0.2808696,-0.0252931,-0.3268565684478597,0.056567055105206696,0.9433795375877171,0.0015918354204647314,0.0027487799274647927,0.21156101995009782,0.0
-0.0847458,-0.2478261,-0.0266928,-0.3331060784601439,0.04972565043708598,0.9415772406879385,0.0016711565214393253,0.0028197285645094796,0.22955436894104791,0.0
-0.0847458,-0.2147826,-0.0248922,-0.33140302821306483,0.024905195981446138,0.9431605187370476,0.001219232089287317,0.0024068358044841394,0.1496624914622922,0.0
-0.0847458,-0.1817391,-0.0287924,-0.3413245227465901,0.01279767072334102,0.9398583881606154,0.0005064646140453621,0.001554001731467598,0.020411648820569766,0.0
-0.0847458,-0.1486957,-0.0256417,-0.33964514450114575,0.024671126311026657,0.9402300310792785,0.0009943628377905096,0.0021770165120487328,0.10365142243521933,0.0
-0.0847458,-0.1156522,-0.0276739,-0.3426436194578253,0.012119655081255449,0.9393872811601999,0.0012094671235132835,0.002402864720390979,0.14696637056776837,0.0
-0.0847458,-0.0826087,-0.0318127,-0.3392550800381168,0.017745558555736736,0.9405270255659196,0.001312576205051756,0.002502882197188339,0.16772094262949708,0.0
-0.0847458,-0.0495652,-0.0292183,-0.3385100903828004,0.009344480951890633,0.9409163615246406,0.001047098688647596,0.0022344252009902496,0.11615220495923473,0.0
-0.0847458,-0.0165217,-0.0306873,-0.3322647655806336,0.007204623656368988,0.9431586393346653,0.0012152594983096175,0.0024041574532228213,0.14318642846497676,0.0
-0.0847458,0.0165217,-0.0268859,-0.32327529587708215,-0.0015291844763538759,0.9463037274947311,0.001311537690999231,0.002492972891671641,0.1595026861190616,0.0
-0.0847458,0.0495652,-0.0313345,-0.3316140134133485,-0.00378111610319483,0.9434075732518292,0.0016856284149351342,0.0028314801062893804,0.23369407841157092,0.0
-0.0847458,0.0826087,-0.0303613,-0.3323439240434434,-0.01190755305229027,0.9430830961965718,0.0020830656942969687,0.003149170630930061,0.30171340533956886,0.0
-0.0847458,0.1156522,-0.0248205,-0.3309112511433229,-0.032029897651709084,0.9431181418693959,0.002329929758966622,0.003328475972356707,0.3431289722457975,0.0
-0.0847458,0.1486957,-0.0209523,-0.33474916887583867,-0.03985665570879799,0.9414639881230963,0.0020966229049222953,0.003159659809103138,0.3038286257920786,0.0
-0.0847458,0.1817391,-0.0206883,-0.32745743618702516,-0.03309802631924307,0.944286052072988,0.0015900741888743909,0.0027469225673282314,0.20795467189923045,0.0
-0.0847458,0.2147826,-0.0253165,-0.30829485877105023,-0.03071498794073443,0.9507948619818782,0.0018378836410213426,0.0029428703051570036,0.2525483880942025,0.0
-0.0847458,0.2478261,-0.0234738,-0.30459534946689104,-0.027824426218926203,0.952075351213721,0.0013891746374459011,0.0025562999375729066,0.17542005529059285,0.0
-0.0847458,0.2808696,-0.0179577,-0.30533659788594564,-0.04082443703854679,0.9513689753885828,0.0012684548078429367,0.0024430485508893907,0.15183155558802414,0.0
-0.0847458,0.313913,-0.0211626,-0.3051328935774319,-0.056870664226897856,0.950610143438127,0.0017673730692096754,0.002884900464343398,0.2393674008403791,0.0
-0.0847458,0.3469565,-0.0217529,-0.3099111596243545,-0.064126706668095,0.9486004631203759,0.0015745563789323804,0.0027496748372127463,0.24926568276453276,0.0
-0.0847458,0.38,-0.0163114,-0.3102537594261003,-0.060428934567165714,0.9487312309759007,0.00134009564660443,0.0027413800410472657,0.28476870057623627,0.0
-0.0508475,-0.38,-0.0035104,-0.3374868062608122,0.052888535819890954,0.9398433158663761,0.0021831068216591693,0.003525814357726034,0.4354081184526408,1.0
-0.0508475,-0.3469565,-0.0095144,-0.3189914420845458,0.052669093033053116,0.9462929918983324,0.0020189479363841027,0.0031191731735370804,0.328276154691346,0.0
-0.0508475,-0.313913,-0.013931,-0.32445018108015106,0.05304580137629797,0.9444142221257598,0.002053971465924552,0.0031213964905636208,0.2969526101833958,0.0
-0.0508475,-0.2808696,-0.0150713,-0.32618173195393263,0.040488496926277616,0.9444396006924868,0.0019707112141280105,0.003057957577640233,0.2850370080234067,0.0
-0.0508475,-0.2478261,-0.0103371,-0.335781095354335,0.034401692685059014,0.9413116272218487,0.0023010993042163323,0.003311041338964284,0.34021907945135843,0.0
-0.0508475,-0.2147826,-0.0159843,-0.33799192985235477,0.028692999004335133,0.9407115217551114,0.0015245914408526567,0.0026953623201416478,0.19906894890735696,0.0
-0.0508475,-0.1817391,-0.0153124,-0.33326770093283303,0.025685019338187932,0.942482317763331,0.0010477742663457248,0.0022318592421548076,0.11428852042893335,0.0
-0.0508475,-0.1486957,-0.0152334,-0.3217179372121735,0.030850595446424375,0.946332821810881,0.0011841700231742143,0.0023674475962186864,0.13563376050170994,0.0
-0.0508475,-0.1156522,-0.0147998,-0.31838735318620476,0.026961481982597537,0.9475772115349679,0.0013049902583426292,0.0024838329343647423,0.1661453029086359,0.0
-0.0508475,-0.0826087,-0.0182515,-0.31831311457062716,0.022798656954572137,0.9477114446567662,0.001484029301967383,0.0026489289747057307,0.19127068034845882,0.0
-0.0508475,-0.0495652,-0.0161437,-0.3219750968205474,0.0007382032805244442,0.9467478503188246,0.001426187176993182,0.0025990384755090147,0.18139448185995535,0.0
-0.0508475,-0.0165217,-0.0205066,-0.3238708155034759,0.007510430515602666,0.9460715027409838,0.0015398512376014885,0.0027015110013701845,0.19821298370560436,0.0
-0.0508475,0.0165217,-0.0189216,-0.3211546391068396,0.004617597017257317,0.947015509681833,0.0017754042615372968,0.0029000782667669986,0.2454292800344094,0.0
-0.0508475,0.0495652,-0.0207131,-0.32169796030359044,-0.0026038395008234658,0.9468387625970768,0.0017727199354808814,0.0028980842342759593,0.24359250881998085,0.0
-0.0508475,0.0826087,-0.0138515,-0.31482562223523675,-0.01929175194555762,0.9489534529633511,0.0018747266979847264,0.0029775936824025305,0.2670725912181577,0.0
-0.0508475,0.1156522,-0.0167385,-0.3146660154724632,-0.03649794722674045,0.9485005000288177,0.001985398637112489,0.0030625482838274767,0.2797130717065157,0.0
-0.0508475,0.1486957,-0.018089,-0.3238174322635725,-0.030639908395926,0.9456233217173301,0.0017713888854489132,0.002897466903605912,0.24549935070167303,0.0
-0.0508475,0.1817391,-0.0159455,-0.3255415096408771,-0.023621346132061467,0.9452326472925319,0.00130239296668618,0.0024847807851100683,0.16304975674103594,0.0
-0.0508475,0.2147826,-0.0143743,-0.31734185124237985,-0.018720108351622862,0.948126419309874,0.0014912780192280414,0.002654946903731824,0.19525360732994643,0.0
-0.0508475,0.2478261,-0.0102318,-0.31927580702206226,-0.0296418163034567,0.9471981428279109,0.0013176383190522914,0.0024962816135698875,0.16094207084097203,0.0
-0.0508475,0.2808696,-0.015548,-0.319600904672167,-0.04166242106215918,0.9466358879759269,0.0011034917690538428,0.0022845064128516872,0.1241453987553267,0.0
-0.0508475,0.313913,-0.0121039,-0.3137413661561329,-0.0580393280720092,0.9477329748190852,0.0016873177404596116,0.002823168966004058,0.2336443855628,0.0
-0.0508475,0.3469565,-0.0081612,-0.30880612748815367,-0.05638631852117914,0.9494521360813288,0.0014574153436667174,0.002644223098482851,0.23031673509098385,0.0
-0.0508475,0.38,0.0027319,-0.32153230764422597,-0.07778193117661307,0.943698546318376,0.0012733918688596951,0.0027031523773602593,0.2791177915992349,0.0
-0.0169492,-0.38,0.0098983,-0.3425496173455196,0.06703987865263573,0.9371048043451055,0.001801945014296367,0.003235571612637228,0.37646127395360673,0.0
-0.0169492,-0.3469565,0.004535,-0.3429656442247131,0.05934765864198663,0.9374712914512323,0.0021668354107847116,0.0032524963436199386,0.3596282615051465,0.0
-0.0169492,-0.313913,0.00504,-0.3430818046026368,0.0610647262328992,0.9373185021969316,0.0020016937398645946,0.003094090568963865,0.29329439421275194,0.0
-0.0169492,-0.2808696,0.0073075,-0.35618300122759,0.04654639638266008,0.9332561827388527,0.001862515586507614,0.002991413166112302,0.2639755644287163,0.0
-0.0169492,-0.2478261,-0.0011384,-0.3482055293281297,0.027379438229323327,0.9370182899535967,0.0018981545752556883,0.0030144364787387484,0.2708158254812194,0.0
-0.0169492,-0.2147826,-0.0029121,-0.34848398622126164,0.031371785118097226,0.9367895828017323,0.0012380573906854886,0.0024339629812156695,0.14606803597363055,0.0
-0.0169492,-0.1817391,0.0006437,-0.3361516247591564,0.031588125443912325,0.9412780011785672,0.0011099278438710517,0.0022985162481219215,0.12857354070929933,0.0
-0.0169492,-0.1486957,-0.0024923,-0.3359994698154013,0.04318616981405941,0.9408715698864325,0.0009808712327602147,0.0021607113480386323,0.10736276562024653,0.0
-0.0169492,-0.1156522,-0.0027469,-0.3279232146640003,0.03252111636462178,0.9441444498988628,0.0013058723200830465,0.0024892759548217195,0.16217505813221966,0.0
-0.0169492,-0.0826087,-0.0068752,-0.32255241151105335,0.015902231788664938,0.9464180159171445,0.0012121237198767063,0.0023957156374814067,0.14343670270491063,0.0
-0.0169492,-0.0495652,2.9e-05,-0.32162240782393614,0.0006676039410010921,0.9468677738156006,0.0012375440425224755,0.002420741050761229,0.15098664990301927,0.0
-0.0169492,-0.0165217,-0.0008114,-0.31972794998516924,0.012742303819033267,0.947423702306241,0.0012769361445272194,0.0024521786279710148,0.16147610323735903,0.0
-0.0169492,0.0165217,-0.0042423,-0.32055849112394585,0.012118773016613961,0.9471511965409274,0.0015834739579193848,0.002738705698429816,0.21221589914907843,0.0
-0.0169492,0.0495652,-0.0036907,-0.3275886746338667,-0.010903908448033083,0.9447575165258986,0.002042566725642998,0.003114246688389605,0.29062170163987305,0.0
-0.0169492,0.0826087,-0.0114323,-0.32146320647755783,-0.02522656871676527,0.9465859850599655,0.002069336253839201,0.0031306633318111546,0.29956764632895366,0.0
-0.0169492,0.1156522,-0.0028478,-0.3206432598457756,-0.03843438824286582,0.9464199372983807,0.002030467758273526,0.0031006990694587835,0.2916030056706627,0.0
-0.0169492,0.1486957,-0.0045571,-0.3153997560570284,-0.038156495486567896,0.9481914763017806,0.0013170813624306344,0.0024968917464931687,0.16766549141343767,0.0
-0.0169492,0.1817391,-0.0016904,-0.3138869339580205,-0.029678331565547444,0.9489964116507073,0.0009490804620919044,0.0021160995108463363,0.09305083730926006,0.0
-0.0169492,0.2147826,0.0002345,-0.3120421719912836,-0.015197515426381382,0.9499466924116462,0.0011846218976042735,0.0023636615346575404,0.13480760236967052,0.0
-0.0169492,0.2478261,-0.001461,-0.3183084326372999,-0.01946301251068289,0.9477873880021801,0.0010096689944048317,0.002184496184529107,0.10628706486290694,0.0
-0.0169492,0.2808696,-0.0039363,-0.3263081902749529,-0.02872246274456911,0.944826960397179,0.0010385727576833802,0.0022189576648466176,0.11671246071970479,0.0
-0.0169492,0.313913,0.0040076,-0.32605731692950923,-0.0643835865026555,0.9431550136991182,0.0016301821824516055,0.0027817260022396434,0.2220238227284336,0.0
-0.0169492,0.3469565,0.0026452,-0.3254328018381118,-0.06306960325639957,0.9434594409050535,0.0015991094596969407,0.0027798471921921812,0.2541437587275614,0.0
-0.0169492,0.38,0.0060407,-0.33393626995622233,-0.08095459134578285,0.9391128376014045,0.0013504572208912428,0.0027712043196840724,0.28483025497993814,0.0
0.0169492,-0.38,0.0171472,-0.33276816206309584,0.06793382288899565,0.9405585287608824,0.0021392924679477323,0.0034866725391877983,0.4356052260225961,1.0
0.0169492,-0.3469565,0.0157741,-0.3374951244590049,0.06486883090956122,0.9390894929360183,0.002420764755323896,0.0034346830534526815,0.4021630233459627,1.0
0.0169492,-0.313913,0.0079049,-0.3420744908662168,0.052934146190232886,0.9381806962764314,0.0022447388806581116,0.003268358985848868,0.33625333406829455,0.0
0.0169492,-0.2808696,0.0167155,-0.3413824430518026,0.041742550141660846,0.9389971177185016,0.002418516152508621,0.0033986889730008444,0.36260303066253924,0.0
0.0169492,-0.2478261,0.0122524,-0.33529108067226576,0.03100701677363385,0.9416041929241945,0.002504750407209428,0.0034543829453787607,0.3784895991296039,0.0
0.0169492,-0.2147826,0.0134508,-0.327026026723659,0.04203320528144668,0.9440800747283594,0.0018277598566738757,0.0029452992853552765,0.2593160371437331,0.0
0.0169492,-0.1817391,0.0148769,-0.326464748201105,0.03762030247576718,0.9444604179231766,0.0015371849535082529,0.0027003228187320177,0.20276939643291342,0.0
0.0169492,-0.1486957,0.0080224,-0.3255284521612321,0.030195097115336925,0.9450499896533029,0.0014474386756315148,0.002619651720694462,0.18525891609085934,0.0
0.0169492,-0.1156522,0.0017612,-0.32093286316392516,0.028670031866253956,0.9466679072484676,0.0012714599951033384,0.0024550320616882762,0.1596827675414725,0.0
0.0169492,-0.0826087,0.0038972,-0.3267663550036061,0.016686684114880355,0.9449578317633586,0.001472666785980698,0.0026431296124984583,0.19019101599619725,0.0
0.0169492,-0.0495652,0.0025651,-0.3266082427439281,0.005387489918756109,0.9451444496605261,0.001563496938643065,0.002723730481223992,0.21293612787611157,0.0
0.0169492,-0.0165217,0.0044837,-0.32939121892133943,0.011158695263896564,0.9441275911747954,0.0015665919250881513,0.0027277572938135598,0.20803932475708123,0.0
0.0169492,0.0165217,0.0062282,-0.3239379863592047,-0.002071800590945173,0.94607604801932,0.002280657124924268,0.0032892995539892693,0.3332700257237012,0.0
0.0169492,0.0495652,0.0001793,-0.32807937970224166,-0.010783864200437381,0.9445886029839125,0.002013892592211443,0.0030925739397505013,0.28802015036122297,0.0
0.0169492,0.0826087,0.0076063,-0.334072442429413,-0.012174601096739962,0.9424687699321298,0.0016637475654544564,0.0028138062619511277,0.22613164894399407,0.0
0.0169492,0.1156522,0.0026374,-0.32835318434120464,-0.019975854149915942,0.94434376769478,0.0018108807663273442,0.002934116787617559,0.25029806031798807,0.0
0.0169492,0.1486957,0.0088468,-0.3276024939725954,-0.021622519873721404,0.9445681937145919,0.001636295702447355,0.0027866966006331647,0.2182699616707276,0.0
0.0169492,0.1817391,0.0086089,-0.31758719027328164,-0.027852446954013003,0.9478199289807091,0.0008964369450374218,0.002057947773554088,0.08588957220943859,0.0
0.0169492,0.2147826,0.0091757,-0.31969920940566876,-0.02214009738594689,0.947260382151144,0.0008473408447544082,0.0020015692404542745,0.07916278084832146,0.0
0.0169492,0.2478261,0.0112732,-0.324970247397744,-0.03498750970281204,0.945076828872153,0.0011651736935850857,0.002349872425972004,0.13836014909813113,0.0
0.0169492,0.2808696,0.0114453,-0.33422944378526437,-0.03956882744488523,0.9416607599351424,0.001045554219233339,0.002230015574821269,0.11505535609109757,0.0
0.0169492,0.313913,0.012996,-0.33032413142556866,-0.0739662066369922,0.9409649135189246,0.00137690860773897,0.002558974259444732,0.17160646323632955,0.0
0.0169492,0.3469565,0.0117505,-0.34500532506337045,-0.08175564316933606,0.9350333365650052,0.0011782148054414528,0.002397399624456938,0.18112292467773305,0.0
0.0169492,0.38,0.0188718,-0.33991692403951507,-0.09583533937854152,0.9355597642468996,0.0011273287282387542,0.002537337290136212,0.25630326350821586,0.0
0.0508475,-0.38,0.0363936,-0.3152235463656992,0.07102117840533193,0.9463562268165991,0.0017781787684999233,0.0031893627358093456,0.36394176788902455,0.0
0.0508475,-0.3469565,0.0346366,-0.30747640284356725,0.05455193848527694,0.9499907092713479,0.00222302261829534,0.0032687819978065866,0.3693917253834796,0.0
0.0508475,-0.313913,0.0306952,-0.30900552997953623,0.05920102827657743,0.9492158978299203,0.002256306160269495,0.0032627278712315686,0.32957067091502995,0.0
0.0508475,-0.2808696,0.0270783,-0.305787213969662,0.038205235604123644,0.9513330330358057,0.0021810307950716834,0.003205010608073822,0.3155312434407853,0.0
0.0508475,-0.2478261,0.0213592,-0.30510141807846725,0.03664431759208219,0.951614585152371,0.00205174348431708,0.003107974057093478,0.29060277433243675,0.0
0.0508475,-0.2147826,0.0263411,-0.2961393484544754,0.048527300516819215,0.9539112051975852,0.0014568641457533293,0.0026144348151365348,0.18192049157403228,0.0
0.0508475,-0.1817391,0.0206652,-0.3077853017879436,0.04022475316460228,0.9506051636910833,0.0016749169327718073,0.0028123671986409905,0.22543468014921644,0.0
0.0508475,-0.1486957,0.0196443,-0.3149464256116325,0.03126459714265455,0.948594367451106,0.0016507201548380185,0.0027921844649689154,0.22482222465371232,0.0
0.0508475,-0.1156522,0.0181911,-0.3166464403208669,0.01934787669415258,0.9483462930277903,0.001734138140940447,0.0028645831041650047,0.23692229698187742,0.0
0.0508475,-0.0826087,0.0187511,-0.3213098438612746,0.005283637230470135,0.9469593800240115,0.0016198884034224394,0.0027700792202053205,0.213183383220109,0.0
0.0508475,-0.0495652,0.0167765,-0.32867543700267843,0.0011760256761007002,0.9444422026120535,0.0014964652187437466,0.002665869480520577,0.19695690269408375,0.0
0.0508475,-0.0165217,0.0176342,-0.3257520350882639,0.01131162127722113,0.9453875707136914,0.0014760398823577127,0.0026466728765260016,0.190314729938084,0.0
0.0508475,0.0165217,0.0146318,-0.3287915152502432,0.008160081343441821,0.9443672763135739,0.002161846888490132,0.003205732554293906,0.3186548535826921,0.0
0.0508475,0.0495652,0.0169611,-0.3355730722959084,-0.009104887392274082,0.9419701769034191,0.0019537708712393707,0.0030506183024325852,0.27707071407279327,0.0
0.0508475,0.0826087,0.0253168,-0.3467860623290383,-0.01870123633260353,0.9377577996124332,0.001506962977559112,0.002677578907360109,0.20297306106209995,0.0
0.0508475,0.1156522,0.018856,-0.337380486655596,-0.01930262746799092,0.9411704499169451,0.0017438280936122829,0.0028826273563095886,0.2371145329876839,0.0
0.0508475,0.1486957,0.019135,-0.32330723524127275,-0.00837615478349467,0.9462569797215168,0.0013508731833270181,0.0025298029682951683,0.17081804836175996,0.0
0.0508475,0.1817391,0.0224307,-0.32250287995784016,-0.021574388156628075,0.9463225867507157,0.0009597382279507275,0.002131443249384111,0.09730440498481176,0.0
0.0508475,0.2147826,0.0241372,-0.32150477030937546,-0.02207081078126203,0.9466507074839031,0.0008687477300952317,0.002027415154158163,0.08615616054161099,0.0
0.0508475,0.2478261,0.0200473,-0.32137980622483175,-0.04239111347062144,0.9460010642962355,0.001126091342548003,0.0023086024658815606,0.1290836733445347,0.0
0.0508475,0.2808696,0.0243394,-0.3313914444757461,-0.05138235727018293,0.9420931821691725,0.0009639147776669086,0.0021401523382663743,0.09784327373552382,0.0
0.0508475,0.313913,0.0294846,-0.34443405127150223,-0.07755191259936053,0.9356018839105024,0.0009636547326689078,0.002146795493898065,0.10547905875925126,0.0
0.0508475,0.3469565,0.0295046,-0.338075320788436,-0.07715672463469278,0.9379509141300743,0.0010384670156334738,0.0022498756036848327,0.1546525922704225,0.0
0.0508475,0.38,0.0312229,-0.31921534322392164,-0.07265737028897815,0.9448928358248487,0.0014622057315115953,0.002894907708035508,0.31382559720885816,0.0
0.0847458,-0.38,0.047316,-0.3058782824227036,0.06727806329642035,0.9496905488322077,0.0017079584885131961,0.0030923715754095434,0.35606271065270784,0.0
0.0847458,-0.3469565,0.0384588,-0.3098787236510366,0.06239796386987536,0.9487263413299426,0.0022602609357511645,0.0032952832255989267,0.3764381418020254,0.0
0.0847458,-0.313913,0.038775,-0.3055958561632115,0.05843066415005928,0.9503667871842197,0.0022546591777972283,0.0032594914653745785,0.33349115110131694,0.0
0.0847458,-0.2808696,0.0351977,-0.3019174664069117,0.03597201523284042,0.9526551619544819,0.0020332081050871698,0.00309211872400945,0.28807728536223215,0.0
0.0847458,-0.2478261,0.0396565,-0.29292164519242764,0.039162820099036336,0.9553340689516163,0.0012043019324603048,0.0023778160755319098,0.14235042015929467,0.0
0.0847458,-0.2147826,0.0279542,-0.29769354800109493,0.045870718423369074,0.9535588228682297,0.0012116351390018326,0.0023845588160390408,0.14369981487146652,0.0
0.0847458,-0.1817391,0.0306202,-0.3079116053479908,0.029127992337562594,0.9509689812787832,0.0014887262565201928,0.0026480117663362328,0.19672295912874324,0.0
0.0847458,-0.1486957,0.0300605,-0.3138778428468679,0.028078213779319457,0.9490481092551426,0.0015919778789707847,0.0027414193469856127,0.21192460160049584,0.0
0.0847458,-0.1156522,0.0328524,-0.3249573928227904,0.013845437087049424,0.9456273032869154,0.0013528351977435825,0.0025323279500808053,0.16711926015398737,0.0
0.0847458,-0.0826087,0.032091,-0.33949658516333064,0.005998893329584296,0.9405881574532274,0.0011078650939180276,0.0022982686562413738,0.12416007546207151,0.0
0.0847458,-0.0495652,0.0340647,-0.3513946784437395,0.001179745556153534,0.9362266756303429,0.001050542087699264,0.0022438878907343374,0.11854852704548571,0.0
0.0847458,-0.0165217,0.0249605,-0.3543902527382587,0.01247306275353361,0.9350144231345624,0.0011088181409035138,0.002306424922112618,0.12535069235865717,0.0
0.0847458,0.0165217,0.031934,-0.3437337797619361,-0.005011599193144106,0.9390537644480745,0.0018553847248845511,0.002977872510978138,0.2589628513208687,0.0
0.0847458,0.0495652,0.0289993,-0.3422170950355539,-0.008789853303820738,0.939579798816644,0.0018732334617486397,0.0029919575948222743,0.26465813064812554,0.0
0.0847458,0.0826087,0.0282753,-0.33403098039998,-0.0173510286465927,0.9424023800574431,0.0014807883932858401,0.002655727261952843,0.19721147300771097,0.0
0.0847458,0.1156522,0.0324805,-0.32166001506008574,-0.012377928875238356,0.9467743245295076,0.0014226433612324009,0.002595292833447551,0.18056891033318417,0.0
0.0847458,0.1486957,0.0288875,-0.3202235379627945,-0.007028166005373858,0.9473159402317644,0.001470639102037762,0.0026381744213199126,0.18824497762835476,0.0
0.0847458,0.1817391,0.0263999,-0.3242490679711587,-0.02008708018263194,0.9457584528459536,0.0010451493143369512,0.002225112644050763,0.11395108130161334,0.0
0.0847458,0.2147826,0.0326992,-0.3178966371854738,-0.03010862893323191,0.9476471909576517,0.0007661538365272081,0.0019042830759476092,0.0627800971676568,0.0
0.0847458,0.2478261,0.0306923,-0.3188673339652958,-0.05114444143541742,0.946418443100156,0.0008993338751859784,0.0020621264479728355,0.08441973778819999,0.0
0.0847458,0.2808696,0.0348111,-0.3214460250479257,-0.04911201069791328,0.9456534584011717,0.0008529305871176043,0.002009110965420958,0.080168532756587,0.0
0.0847458,0.313913,0.0396414,-0.3229847219678474,-0.0689693322921002,0.9438877584641803,0.0014446524286413755,0.002617159469061883,0.18116855815112107,0.0
0.0847458,0.3469565,0.0414281,-0.3237106950947735,-0.07325036292792092,0.943316368040005,0.0014047357478498273,0.0026083124956956644,0.22492414713198394,0.0
0.0847458,0.38,0.0474147,-0.32491364121355804,-0.06638223638145788,0.9434111110466862,0.0012240099591728669,0.0026304329698454264,0.27575644979847036,0.0
0.1186441,-0.38,0.0536871,-0.3047594330425304,0.06483684909361176,0.9502199066380408,0.0012064435047656776,0.002597534120734442,0.2614593054850295,0.0
0.1186441,-0.3469565,0.0475242,-0.2925644831859566,0.05768093436817569,0.9545045484378525,0.001430936215942579,0.0026120018372788405,0.22406502210476992,0.0
0.1186441,-0.313913,0.0478905,-0.28191203396825176,0.06268939189806666,0.9573900173113011,0.0012409648419051372,0.0024076045796683314,0.14869916214142817,0.0
0.1186441,-0.2808696,0.0456319,-0.2929625401689917,0.046363321845621065,0.9549991583478866,0.0014956231734747966,0.0026475248038788633,0.19050344061205696,0.0
0.1186441,-0.2478261,0.0431642,-0.3041037291346255,0.03783325580642053,0.9518873707963038,0.0013565048102677296,0.0025259052495089636,0.17123627196283372,0.0
0.1186441,-0.2147826,0.0467481,-0.3155929003672741,0.03929301040756891,0.9480807879979862,0.00137450787993047,0.00254798887785051,0.17159288788668223,0.0
0.1186441,-0.1817391,0.042327,-0.3165561341986623,0.01858304939554057,0.9483917356115882,0.0014646531316360343,0.0026307192945704927,0.18652483587835186,0.0
0.1186441,-0.1486957,0.0373479,-0.31927094359528585,0.021835468513466787,0.947411883443823,0.001111037734050597,0.0022920355149367152,0.12512663078019243,0.0
0.1186441,-0.1156522,0.0445847,-0.32122240022896137,0.006090696508001826,0.9469841989216043,0.0008062106528650998,0.0019531473400137334,0.07049118211381909,0.0
0.1186441,-0.0826087,0.04157,-0.3195846487139452,0.00526426008569127,0.947543107131351,0.0009734987956963473,0.0021457468356763263,0.09982969709217027,0.0
0.1186441,-0.0495652,0.0425817,-0.318880417842435,0.0031521562652195917,0.9477897145609433,0.0014308307126493353,0.002601634404579188,0.1826476482039969,0.0
0.1186441,-0.0165217,0.0416318,-0.3195756959578899,0.007058292289041179,0.9475344611479797,0.0015278912526911286,0.0026887703555835054,0.1983847055931177,0.0
0.1186441,0.0165217,0.0432096,-0.32192466554923516,-0.005411633178847319,0.9467498211974223,0.0021063893442661813,0.0031593115346095703,0.30559825683128894,0.0
0.1186441,0.0495652,0.0416253,-0.32147502676693857,-0.017473080386337925,0.9467568318354026,0.0019473437886082321,0.0030368965123311036,0.2751155619416235,0.0
0.1186441,0.0826087,0.0456129,-0.3213909889706576,-0.012316766067349603,0.9468664792261393,0.0017533242325131193,0.00288144899687159,0.24323031433083958,0.0
0.1186441,0.1156522,0.0437688,-0.31926920644703005,-0.01187666535306465,0.9475896362005947,0.0014755084301722333,0.002641935751557524,0.18754293660292362,0.0
0.1186441,0.1486957,0.0444562,-0.31932479289862475,0.000732969936488503,0.9476450492643973,0.0013503107009304486,0.0025276378686791483,0.16805963009016578,0.0
0.1186441,0.1817391,0.0454923,-0.3297771657306838,-0.0151522132603024,0.9439371967434866,0.0010508775386630644,0.002233697319815242,0.1155505940235168,0.0
0.1186441,0.2147826,0.041072,-0.3298481372183772,-0.022877473867514802,0.9437567629230574,0.0010250712568265021,0.0022060247730921563,0.11444998953656495,0.0
0.1186441,0.2478261,0.0463238,-0.31805994525368414,-0.05020765215345596,0.9467402298890978,0.0010139650220948274,0.002189356411650331,0.10706133082251114,0.0
0.1186441,0.2808696,0.0476121,-0.3265416140801435,-0.057656057575463715,0.9434226800850132,0.0012415862468491635,0.0024271359209930778,0.14753756649024893,0.0
0.1186441,0.313913,0.0507815,-0.3178864746835347,-0.0682774396598727,0.9456671615567324,0.0016498092934133235,0.0027943241380396873,0.22219305746596224,0.0
0.1186441,0.3469565,0.0480481,-0.3149454918348744,-0.06659376594589965,0.9467706203247078,0.0016561639221179436,0.0028263489941774645,0.270980416633633,0.0
0.1186441,0.38,0.0591885,-0.3230387745564067,-0.05969641855839984,0.9445010787417848,0.001558033039737788,0.002991327235574562,0.33004585797989483,0.0
0.1525424,-0.38,0.0660019,-0.30405505001487243,0.07190199381634854,0.949937171525405,0.0010842867023188728,0.0024623681024672985,0.24408485050882742,0.0
0.1525424,-0.3469565,0.0598928,-0.3090589851500379,0.07029597803203785,0.948441363063921,0.0012386438004516258,0.002438422926400866,0.1873754542559406,0.0
0.1525424,-0.313913,0.0564348,-0.30699565824559216,0.06216558307124266,0.9496784224671889,0.0014108746466781827,0.002578281131142927,0.17284782397386372,0.0
0.1525424,-0.2808696,0.0589487,-0.313759537872963,0.04468457888838592,0.9484504419332158,0.0011564435110912705,0.002336235939654091,0.13705407112560686,0.0
0.1525424,-0.2478261,0.0579513,-0.3126008040361261,0.034854901009594284,0.9492448963210594,0.0011977143950956215,0.0023769132796409233,0.14436173817466758,0.0
0.1525424,-0.2147826,0.0546897,-0.3196564317528854,0.032333593979206786,0.9469816811002214,0.001279621650599245,0.0024601585316279457,0.1557229285481308,0.0
0.1525424,-0.1817391,0.0559417,-0.3158657614140666,0.011591442744784628,0.9487330811252479,0.0013682864721923354,0.0025432689157178236,0.16989937912052272,0.0
0.1525424,-0.1486957,0.0527591,-0.3281433682011875,0.012596139287856606,0.9445439466645379,0.0009109224845652711,0.0020788825877840274,0.08959314834055405,0.0
0.1525424,-0.1156522,0.0555515,-0.3214593482886726,0.005601136864779385,0.9469068141394084,0.0008436711863765091,0.0019984891874805185,0.07434114277941199,0.0
0.1525424,-0.0826087,0.0511332,-0.31272341157652583,0.006349585462906147,0.9498230101531483,0.001005133733016685,0.002177514632208732,0.107686840521923,0.0
0.1525424,-0.0495652,0.0527983,-0.3065508551567286,0.004439780493519821,0.9518439270972148,0.0014750635255039806,0.0026355034144820853,0.19060216924229625,0.0
0.1525424,-0.0165217,0.0556538,-0.3140767431103452,-0.003155812824758031,0.9493923531831366,0.001792755432295224,0.002910246159740718,0.24899615181788415,0.0
0.1525424,0.0165217,0.0604323,-0.3199298930840278,-0.007103989491436867,0.9474145855139384,0.0019394316644094805,0.003030732625739392,0.27657595258646145,0.0
0.1525424,0.0495652,0.0498909,-0.32425960076142596,-0.01725716081093187,0.9458107113554947,0.0018363674923252457,0.0029505380552158414,0.25625728894307803,0.0
0.1525424,0.0826087,0.0519134,-0.3266737380878528,-0.008048398192544893,0.9451029002866528,0.0015663153542578188,0.002726824012595214,0.20786712693827097,0.0
0.1525424,0.1156522,0.051377,-0.3302033140061677,-0.01345497037222858,0.9438139303865071,0.0010676748169502713,0.0022463566248539834,0.12411810434682395,0.0
0.1525424,0.1486957,0.0570356,-0.33285703095041186,-0.003126086750541873,0.9429721228798357,0.001193464173544228,0.0023823413477261778,0.13987462866722755,0.0
0.1525424,0.1817391,0.052221,-0.3343886663922901,-0.014439011905672643,0.9423246440179589,0.0011093776156081208,0.0022972279836029363,0.12470326992368456,0.0
0.1525424,0.2147826,0.0553915,-0.3373011421078743,-0.022768833926027958,0.9411214160427827,0.0010420508502971722,0.0022275888580892103,0.11528511390058281,0.0
0.1525424,0.2478261,0.0581315,-0.3351230857787787,-0.05447985981784036,0.9405979280502044,0.0012864386349191745,0.00247472153430149,0.16058229201386656,0.0
0.1525424,0.2808696,0.0568566,-0.33248039649275474,-0.06469611123186852,0.9408885157868037,0.001041020069681556,0.002225189532655278,0.11223626536834609,0.0
0.1525424,0.313913,0.0586894,-0.32065342506906647,-0.06626724293309032,0.9448756709247641,0.001674145716815248,0.0028162286108801837,0.23096684577856047,0.0
0.1525424,0.3469565,0.0620999,-0.31659849307794113,-0.06129744947113618,0.9465769999683655,0.001555468796568689,0.0027364358742888776,0.24767575755544316,0.0
0.1525424,0.38,0.0593874,-0.31789213321982696,-0.06430054213601655,0.9459439898418733,0.0013799145776126403,0.0027876857851074008,0.29067137486750017,0.0
0.1864407,-0.38,0.0724619,-0.3092740321313918,0.06539727042357757,0.9487216504699029,0.0008710059052426245,0.002209325558937081,0.20133148474234475,0.0
0.1864407,-0.3469565,0.0733974,-0.31259294730884124,0.06380654664591982,0.9477417232019986,0.0009291506614307742,0.0021150213811168645,0.13162697061442571,0.0
0.1864407,-0.313913,0.0731158,-0.3190239820740718,0.06371390341221565,0.9456025789799757,0.000869248939310112,0.0020278256445544897,0.08108205445251847,0.0
0.1864407,-0.2808696,0.070345,-0.3216990363993211,0.044571339163668004,0.9457923269433444,0.0010067662082540957,0.0021829268536845362,0.10542581541613735,0.0
0.1864407,-0.2478261,0.0640081,-0.3135421467253204,0.03496918946816588,0.948930175521264,0.0011434098169692281,0.0023227529672191364,0.12790808336179976,0.0
0.1864407,-0.2147826,0.0665628,-0.30800073927568966,0.019849637769982463,0.9511790244144525,0.0007566055374519581,0.0018871886881463012,0.058660502235156994,0.0
0.1864407,-0.1817391,0.0691703,-0.3154299552657928,0.008123301488427862,0.9489140926838149,0.0010400390992628817,0.0022166554852004142,0.11256349795430573,0.0
0.1864407,-0.1486957,0.0674599,-0.3144730812020357,0.027555677645030665,0.9488663582553767,0.0010445473390069719,0.0022203071639273846,0.11294529348630099,0.0
0.1864407,-0.1156522,0.0647699,-0.31149549509610336,0.012499566591577235,0.950165415793406,0.0010590121093518052,0.0022353574687318453,0.1132630076293546,0.0
0.1864407,-0.0826087,0.0617544,-0.3081589570278705,0.015595062905893223,0.9512070496040576,0.001163473521034251,0.0023407721585341555,0.1345613040430333,0.0
0.1864407,-0.0495652,0.0659171,-0.30019803593990024,0.00450796652596605,0.9538662471518884,0.0015385452671490426,0.0026886402097496325,0.1997834313420327,0.0
0.1864407,-0.0165217,0.0620901,-0.3048484035963752,-0.01213971767493034,0.952323515450246,0.0016599943960021641,0.002794996579659521,0.21966363395190175,0.0
0.1864407,0.0165217,0.0603192,-0.3131245615876184,-0.01740022612830211,0.9495526531273796,0.0018898420276440282,0.0029869379406794404,0.26638455372103137,0.0
0.1864407,0.0495652,0.0616169,-0.31921064322517134,-0.019947637423900197,0.9474738291968685,0.0019919848896150765,0.003070205712671668,0.27900629074048655,0.0
0.1864407,0.0826087,0.0687616,-0.3226677042804971,-0.007490674372190592,0.9464826688385813,0.0016510734600345524,0.002796859829157885,0.22217531186037187,0.0
0.1864407,0.1156522,0.0656667,-0.32224632016902954,-0.0144805168459047,0.9465450986452758,0.0012814508606724543,0.0024643264650284244,0.1553614102945474,0.0
0.1864407,0.1486957,0.06927,-0.31499565915126926,-0.007376406458575802,0.949064446359474,0.0010393790949441283,0.002215737680204509,0.11136261986242407,0.0
0.1864407,0.1817391,0.065337,-0.31477286809828153,-0.020027820448399646,0.9489557038751962,0.0008893713919379801,0.002048753453930818,0.08208039353642348,0.0
0.1864407,0.2147826,0.0707687,-0.3194221936917754,-0.018620194143774426,0.9474295491207682,0.0010830898821508515,0.0022630885931071683,0.11866020740896892,0.0
0.1864407,0.2478261,0.0675254,-0.3225131939797211,-0.05013634472866009,0.9452362596971443,0.0016142297722761846,0.00276547870598131,0.2129957275576068,0.0
0.1864407,0.2808696,0.07043,-0.32077805192100384,-0.05030408679158791,0.94581760411711,0.001367096810369559,0.0025438804516043525,0.17209349099770968,0.0
0.1864407,0.313913,0.0801301,-0.3238387978396818,-0.05615108289741932,0.944444539876851,0.0017852493569474957,0.0029095102154385543,0.24372023403835555,0.0
0.1864407,0.3469565,0.0769379,-0.31481783246393896,-0.059411172974008795,0.9472908977122918,0.0017423144673902513,0.002898094894144694,0.27964042487512225,0.0
0.1864407,0.38,0.0752949,-0.3032546718983501,-0.06002567099714429,0.9510170991066175,0.0018255542756635626,0.0031945876507579766,0.3739728551685696,0.0
0.220339,-0.38,0.0872989,-0.31051564869145903,0.04862358487578777,0.9493238535460645,0.0007274408727816522,0.0020188844597467453,0.17710732441905272,0.0
0.220339,-0.3469565,0.0863701,-0.3133731405002154,0.06338162129405625,0.9475125565897101,0.0008309393271162818,0.002000319467373862,0.11889488459910347,0.0
0.220339,-0.313913,0.0870574,-0.3139829964226453,0.06307797790659457,0.9473309066322455,0.0008478538657780569,0.0020007800094804617,0.07429642055131633,0.0
0.220339,-0.2808696,0.0801898,-0.31517171172628416,0.04777056474604371,0.9478316122979693,0.0009470665605563346,0.002114625677187752,0.09445161119181106,0.0
0.220339,-0.2478261,0.074861,-0.30785376230277484,0.04102412222459083,0.9505488322183816,0.0010955270103261115,0.002271275689738085,0.11890775213296143,0.0
0.220339,-0.2147826,0.0778703,-0.29310697452132206,0.03087009944791447,0.955581152203743,0.001034766403462811,0.002201500935560239,0.11224483530538928,0.0
0.220339,-0.1817391,0.0775761,-0.29574670054067936,0.0088242473964653,0.9552256391958851,0.0012146331852862023,0.0023866005159777497,0.1410876427172182,0.0
0.220339,-0.1486957,0.0768759,-0.29597501299574885,0.02114287816366713,0.9549616591178526,0.0011968621475964545,0.0023689858805091193,0.1395260559174565,0.0
0.220339,-0.1156522,0.0797112,-0.2911498444757657,0.008803242099595428,0.9566369588251716,0.0011579616169119713,0.0023283690830270677,0.1328275842938249,0.0
0.220339,-0.0826087,0.0761216,-0.2909165157687141,0.018112828859799247,0.9565769735278427,0.0011862255069647813,0.002357590501988679,0.13436703453676468,0.0
0.220339,-0.0495652,0.0772172,-0.3002466546378338,0.0031517028912728465,0.9538563902116891,0.0015491254925426039,0.0026981918871246836,0.20066862310766598,0.0
0.220339,-0.0165217,0.0712786,-0.3006980372994923,-0.01797332364418725,0.9535500249076682,0.0020135658680722787,0.003077996585920423,0.28517524626877816,0.0
0.220339,0.0165217,0.0771856,-0.2951376280950585,-0.019013120704283473,0.9552655556040465,0.0022939214953339175,0.003282590994050756,0.3379377550784924,0.0
0.220339,0.0495652,0.0810671,-0.2966837974460989,-0.014171295208689417,0.9548706188406206,0.0023825812417784535,0.0033460819164355393,0.3551224086088737,0.0
0.220339,0.0826087,0.0774903,-0.3030319241914173,-0.005450822191494044,0.952964816484997,0.0022609045848414567,0.0032619206134809377,0.3277189678255564,0.0
0.220339,0.1156522,0.0765218,-0.3012242479172598,-0.004491925206510123,0.9535427494740966,0.002162266707353737,0.003188842390280375,0.31414763862794026,0.0
0.220339,0.1486957,0.0770092,-0.3000442690418874,-0.013363458683252796,0.9538316699434654,0.0016380974257162683,0.0027740832940356653,0.22078274105027967,0.0
0.220339,0.1817391,0.0828914,-0.301153768931257,-0.025170920890461423,0.9532433226621758,0.001333272371365482,0.002502742998684177,0.1655322857008725,0.0
0.220339,0.2147826,0.0759276,-0.29945615653887997,-0.016366451488721793,0.953969679589781,0.0014722967565839865,0.002630659863465803,0.18811218132612376,0.0
0.220339,0.2478261,0.0797516,-0.30288300267205404,-0.053044724349264945,0.9515503895806416,0.0021644571280687143,0.0031916705238477614,0.3185681104283982,0.0
0.220339,0.2808696,0.0830379,-0.3034225109249176,-0.05066860788333829,0.9515079989359959,0.0017243322369510968,0.0028483564906051986,0.23306294667220373,0.0
0.220339,0.313913,0.0856581,-0.30691792959386904,-0.05121108854114208,0.9503572006904794,0.0021556190964762516,0.0031873334445360058,0.315351920775901,0.0
0.220339,0.3469565,0.0840795,-0.30952641895243554,-0.046182779206950686,0.9497686807192601,0.0020223401863162806,0.0031178495692626286,0.33268703723258947,0.0
0.220339,0.38,0.0884753,-0.2958111637356081,-0.051834174128453876,0.9538390712283739,0.002008110559970652,0.003372435766853148,0.40691417136852503,1.0
0.2542373,-0.38,0.0970601,-0.2964766784425722,0.061396764168233794,0.9530645395194021,0.0012358414354983,0.0026452261798368755,0.26544577917652024,0.0
0.2542373,-0.3469565,0.0960934,-0.3018523387220862,0.05730916846459965,0.951630613640557,0.0007602582804528553,0.0019084091781481458,0.10509088137149192,0.0
0.2542373,-0.313913,0.0933703,-0.2997341251506199,0.056289944284641506,0.9523606965811978,0.000757967173893918,0.0018865920976537313,0.059607481953261335,0.0
0.2542373,-0.2808696,0.088573,-0.3043013144837986,0.053839602967889796,0.9510531042774071,0.0009204581139978924,0.0020807401028293876,0.0881421904468247,0.0
0.2542373,-0.2478261,0.0903621,-0.2947879743009078,0.04889310900365582,0.9543110153925308,0.0010660895116103122,0.002235579561893331,0.11348576960873766,0.0
0.2542373,-0.2147826,0.0916812,-0.2946376263152986,0.03684165182453973,0.9548986133878954,0.0011121455473101613,0.0022830731567249933,0.1219219661284234,0.0
0.2542373,-0.1817391,0.0849694,-0.2877872456365023,0.012999647761710037,0.9576061353223603,0.0012704074788185214,0.0024374693648610206,0.1500118097810203,0.0
0.2542373,-0.1486957,0.0861645,-0.2782564780992051,0.024137700996547534,0.9602034699929113,0.001088663839769329,0.0022526251595394293,0.12090240999306279,0.0
0.2542373,-0.1156522,0.088096,-0.27275672163647874,0.01129293756021249,0.9620167567996833,0.0009976005982142307,0.0021544886836653986,0.09894466437641815,0.0
0.2542373,-0.0826087,0.0823024,-0.28099444343928615,0.02023939051560077,0.9594959561289473,0.0010983641388780906,0.002263652084654244,0.1201752747562527,0.0
0.2542373,-0.0495652,0.0856669,-0.2858976079039391,0.008836607187728655,0.9582194279851644,0.0011732514738108954,0.002341647025196442,0.13246517436691968,0.0
0.2542373,-0.0165217,0.081742,-0.28932985265481465,-0.010572556817170424,0.9571710700836561,0.0018116836928924315,0.0029131388660583596,0.2473304607217424,0.0
0.2542373,0.0165217,0.0883263,-0.279707355751701,-0.020381739155671298,0.959868938890816,0.0020366222555319954,0.0030831034214089652,0.2864952664828767,0.0
0.2542373,0.0495652,0.0920574,-0.2822494765034603,-0.02142955882191069,0.9591016666768026,0.0019263105634748053,0.0029995158530794225,0.2742446915279598,0.0
0.2542373,0.0826087,0.0915788,-0.2719480398712172,-0.009333214466220645,0.9622666754688793,0.0015416391029994488,0.002678660198948433,0.20023145597755704,0.0
0.2542373,0.1156522,0.0854441,-0.2716885942984529,-0.011716101711953036,0.962313899249515,0.001858466779697509,0.0029413192368521173,0.258934910587448,0.0
0.2542373,0.1486957,0.0891084,-0.2785465247562033,-0.01970694202384533,0.9602205319520668,0.0013070109441405643,0.002468580576537793,0.15597934221931536,0.0
0.2542373,0.1817391,0.0882335,-0.2925504116960859,-0.028266424581743273,0.9558322372978513,0.0011442468956485501,0.002314915353454053,0.12901003925038895,0.0
0.2542373,0.2147826,0.089356,-0.2885494106302894,-0.017261331628729684,0.9573093982904982,0.0012633108791685651,0.002430898868320517,0.14785898350028087,0.0
0.2542373,0.2478261,0.0950687,-0.28522637579442434,-0.0492231983384632,0.9571953778077441,0.0021399176859764374,0.0031638234556552124,0.3015350473963964,0.0
0.2542373,0.2808696,0.0880402,-0.288119981705728,-0.049230274557011795,0.9563280066007337,0.0017777755506301507,0.0028846099859418314,0.24441409881384532,0.0
0.2542373,0.313913,0.0969325,-0.27877548518613166,-0.04713503283988452,0.9591988936286462,0.0018161850183910624,0.0029111647696652755,0.2489134614949244,0.0
0.2542373,0.3469565,0.095585,-0.2753456854790186,-0.04716845068932025,0.960187424801876,0.0018061514485000032,0.002927497263915248,0.28883692529336563,0.0
0.2542373,0.38,0.1021195,-0.28227746959216526,-0.035308352291430214,0.9586828205507328,0.0021632798095227047,0.0034892207892948204,0.42978232627682805,1.0
0.2881356,-0.38,0.1083241,-0.28201535878995326,0.06697179713851953,0.9570695459550529,0.0014222556851331174,0.0028052832047056994,0.3018906768284174,0.0
0.2881356,-0.3469565,0.1035825,-0.2714350912550706,0.06453925385050015,0.9602904122960784,0.0014201023286701737,0.002595229270841228,0.21768127809330118,0.0
0.2881356,-0.313913,0.1044666,-0.27881639963773236,0.0639661120429188,0.9582117468509584,0.0013657514784618065,0.002524721329275407,0.1741237178555468,0.0
0.2881356,-0.2808696,0.1040742,-0.2803836709696382,0.04924437999231416,0.9586240076759825,0.0016823805724325374,0.0028025005470882556,0.2283135159389481,0.0
0.2881356,-0.2478261,0.1004013,-0.278744494946791,0.04168430219011197,0.9594602261103798,0.0014928147132531528,0.0026387408533157485,0.18690741055082521,0.0
0.2881356,-0.2147826,0.1003824,-0.2884469759395629,0.039549735422234104,0.956678713309412,0.001002798610369749,0.002165609304989522,0.10109055061886112,0.0
0.2881356,-0.1817391,0.096174,-0.2819295184075044,0.02418870392402821,0.9591301544905096,0.0011334690156320037,0.002299915795781955,0.1257345863160673,0.0
0.2881356,-0.1486957,0.0903547,-0.2751135360657315,0.02452196107364468,0.9610989624895615,0.0010427871866365772,0.0022035094508804504,0.11366230170299844,0.0
0.2881356,-0.1156522,0.0986703,-0.27132155086763454,0.011345310690797052,0.962421892913971,0.0008165286597518842,0.0019485804631218784,0.06848198398755963,0.0
0.2881356,-0.0826087,0.0974781,-0.2710873065859647,0.010746747730389415,0.9624947686201664,0.0008804519862966793,0.0020234122706445186,0.07948429813104546,0.0
0.2881356,-0.0495652,0.0954321,-0.2630696639574439,0.01856269577908922,0.9645982470597441,0.0013733423241399285,0.002524501787976828,0.16593336103027792,0.0
0.2881356,-0.0165217,0.0949962,-0.2543164794623135,-0.016011505017622937,0.9669885004388445,0.0016766715429086686,0.0027873186222068386,0.22214765079455046,0.0
0.2881356,0.0165217,0.0978999,-0.24716454491667086,-0.01229704086903025,0.9688954899895036,0.0018478151317866467,0.002922344195329551,0.2533476286515419,0.0
0.2881356,0.0495652,0.0936162,-0.2521309622486652,-0.015175854609393316,0.967574116702404,0.002017449276379968,0.0030558609455495684,0.2858999090067084,0.0
0.2881356,0.0826087,0.093261,-0.24454743838980084,-0.015393496962122933,0.9695151317170163,0.0016696803148393937,0.0027766512026255073,0.2175650612635831,0.0
0.2881356,0.1156522,0.0954046,-0.24670830806034136,-0.0126882347885576,0.9690067179498573,0.0015193646079781158,0.002650120123949636,0.19178896915239727,0.0
0.2881356,0.1486957,0.1003237,-0.2575239464831994,-0.034981430827514384,0.9656385019690229,0.0013200570750076966,0.002475156641530385,0.1609370740910875,0.0
0.2881356,0.1817391,0.0935777,-0.26742195241703454,-0.028562671580971064,0.9631561000988466,0.0014101197638137766,0.0025616453575112203,0.1763284581759518,0.0
0.2881356,0.2147826,0.1024938,-0.264855485512365,-0.025874325326366358,0.9639409168008767,0.002010952136431347,0.0030565379812470986,0.28177279798859645,0.0
0.2881356,0.2478261,0.0983763,-0.26381606029696736,-0.04526496707334241,0.9635103367817266,0.00217948877543408,0.0031822228989438206,0.3086953494297739,0.0
0.2881356,0.2808696,0.0985641,-0.26841661415818174,-0.043203752069461976,0.9623335996685234,0.0020948352304138687,0.0031217628999085567,0.3001243667437564,0.0
0.2881356,0.313913,0.1074153,-0.2579623927199225,-0.05425925370637831,0.9646301557226165,0.0019205429829724226,0.002984691844241125,0.2659736080873275,0.0
0.2881356,0.3469565,0.1053099,-0.26229989545510685,-0.05023351184946698,0.9636780370702185,0.0018374945857012152,0.002944569076499294,0.29269497458782295,0.0
0.2881356,0.38,0.1038617,-0.2661744852031664,-0.05300484674140726,0.9624664304009511,0.0015600058145032578,0.002927052502031039,0.3197842551585066,0.0
0.3220339,-0.38,0.116028,-0.25867101368788203,0.0654600282257305,0.96374493066494,0.0012835191540816345,0.002672597385369751,0.2760963304181865,0.0
0.3220339,-0.3469565,0.1177354,-0.2667081253668255,0.06372670411128048,0.9616681772037727,0.0014612557147945832,0.0026304157563689238,0.22788838332186906,0.0
0.3220339,-0.313913,0.1165531,-0.27027630520062706,0.0671521612600457,0.9604380802973205,0.0014184157304389657,0.002569778207446889,0.17619543538744878,0.0
0.3220339,-0.2808696,0.1099268,-0.26407318567333676,0.04459003400145246,0.9634713703458369,0.0013687258466507496,0.002520935659338584,0.16510224628574666,0.0
0.3220339,-0.2478261,0.1108548,-0.2634188215375039,0.03186887860056232,0.9641550181565908,0.0010525387493959893,0.002209890886910439,0.11207220936742729,0.0
0.3220339,-0.2147826,0.1104023,-0.27064555330971524,0.04218980907848738,0.9617541289142452,0.0009883108403584812,0.0021438447622480817,0.10015813283636912,0.0
0.3220339,-0.1817391,0.1051469,-0.26872906631698046,0.04247329710257279,0.9622789138028749,0.0009273431454832281,0.002076006919291849,0.08465099991200264,0.0
0.3220339,-0.1486957,0.1071632,-0.26487375001072366,0.03230879562266209,0.9637416864910792,0.0010778051223550218,0.00223677364794887,0.11412198140062098,0.0
0.3220339,-0.1156522,0.1052163,-0.26452026645268506,0.012307685992256467,0.9643015863832832,0.0008739839336899819,0.0020139223615212643,0.07796639573892065,0.0
0.3220339,-0.0826087,0.1031143,-0.25721382042918434,0.007346675717220559,0.966326589169588,0.0009373811812976226,0.002083570650134364,0.08804735674624894,0.0
0.3220339,-0.0495652,0.1028529,-0.24877310766407135,0.016627869441720317,0.968419049203902,0.0012239738706035395,0.00237913658093213,0.13940098133474663,0.0
0.3220339,-0.0165217,0.1043339,-0.244743480733419,-0.0005002510790225007,0.969587736302058,0.0014169629437314674,0.002557941149465157,0.1725429202501912,0.0
0.3220339,0.0165217,0.1042223,-0.23918332961818428,-0.006344382125730694,0.9709536979939886,0.0015429464475145633,0.0026672401174431862,0.19672819909878433,0.0
0.3220339,0.0495652,0.1026328,-0.23552773925809092,-0.006350214346123086,0.9718468803354421,0.0016266318074472687,0.0027374053103489974,0.21058881063100454,0.0
0.3220339,0.0826087,0.1034445,-0.23100196229488792,-0.023516471629505965,0.9726690439085691,0.0013898233948701545,0.00252970853469953,0.17116106758108177,0.0
0.3220339,0.1156522,0.108652,-0.24196893954777088,-0.0169764486807194,0.9701354712019958,0.0013839375746021168,0.0025276564287805437,0.16642856138590434,0.0
0.3220339,0.1486957,0.1067396,-0.24513241678149147,-0.03301145836798348,0.9689274182617007,0.0013012621421409315,0.0024529396753808406,0.15201861482697684,0.0
0.3220339,0.1817391,0.1097361,-0.2518385577788476,-0.03577880933436543,0.9671076556508512,0.0014276056301879697,0.0025698961998925733,0.18031854673963155,0.0
0.3220339,0.2147826,0.1118655,-0.2539784940991802,-0.03983421975884021,0.966389238077141,0.0017419362817427638,0.0028428224491811012,0.2367603552642072,0.0
0.3220339,0.2478261,0.1114023,-0.25651694164685385,-0.04132305799755535,0.9656559757625253,0.002248959784372949,0.0032290708004339566,0.32844669260190595,0.0
0.3220339,0.2808696,0.1180207,-0.2620131276548247,-0.04312120175660605,0.9641004526996148,0.0021844769896767545,0.0031849434245516148,0.31603355811362055,0.0
0.3220339,0.313913,0.110501,-0.25645657651413684,-0.05455673143301241,0.9650148120199994,0.0020583447219361312,0.0030935292430329165,0.29235606626031707,0.0
0.3220339,0.3469565,0.1173675,-0.25793233771353047,-0.059446739770205204,0.9643324086083217,0.0018994776710876903,0.002994806663293643,0.30807342130527743,0.0
0.3220339,0.38,0.1161498,-0.24965723354867914,-0.045821052150431404,0.9672495525543798,0.0017620625199881424,0.003126100705328176,0.3589227299282217,0.0
0.3559322,-0.38,0.1314346,-0.2466490892338302,0.06584234255799727,0.9668655608235289,0.0013402399569901462,0.0027243763902339373,0.2835964261001146,0.0
0.3559322,-0.3469565,0.1288066,-0.2379112317059178,0.06262252784296458,0.9692660444040792,0.0014341514289054852,0.0025939815471460416,0.22349593772046364,0.0
0.3559322,-0.313913,0.1158773,-0.24314361708997562,0.06964704174519985,0.9674866774506747,0.0013619147944131393,0.0025084259713583456,0.16301981152361159,0.0
0.3559322,-0.2808696,0.1170645,-0.23047338968667497,0.05325633579521781,0.9716201826557542,0.0015294470757858804,0.002653140216360177,0.19268132914565103,0.0
0.3559322,-0.2478261,0.1203917,-0.22952850703552255,0.037623216977921696,0.972574499975337,0.0013023365004552522,0.0024471821732493866,0.15218937378187716,0.0
0.3559322,-0.2147826,0.1193926,-0.22460761877518176,0.04282490782523712,0.9735078042100653,0.0012361574148130757,0.002382797603510479,0.13962094139657152,0.0
0.3559322,-0.1817391,0.1180535,-0.23563033267618627,0.04174241962713516,0.9709458876408006,0.001794108815487858,0.00287531580947792,0.2411186958985888,0.0
0.3559322,-0.1486957,0.1146485,-0.232189646124658,0.028955191289202663,0.9722394587394158,0.0018932664700722372,0.0029522438026624315,0.25630230821657335,0.0
0.3559322,-0.1156522,0.1154404,-0.2361990152745318,0.01765751797777561,0.9715442538774063,0.001468346163025764,0.0026007075893131506,0.18396311719049707,0.0
0.3559322,-0.0826087,0.1154444,-0.22098772371610975,0.012670469903303365,0.9751942807252315,0.000756126922223068,0.001862582628838499,0.05696065153685398,0.0
0.3559322,-0.0495652,0.1128587,-0.22887438711811461,0.011610682282354566,0.9733867201571249,0.0009540129576310415,0.002093864289516288,0.08895814885288761,0.0
0.3559322,-0.0165217,0.1159777,-0.22702957979046903,0.005663490915837125,0.9738713953961321,0.001088329279174787,0.002236114087923414,0.11487950147807138,0.0
0.3559322,0.0165217,0.1061173,-0.2343833548348633,0.012451686536054595,0.972064503250048,0.0012235019317497606,0.002373195988812677,0.13850986166754356,0.0
0.3559322,0.0495652,0.1149937,-0.22644667500400517,-0.0007547896545106868,0.974023271627638,0.0017035651283047203,0.0027983819878556245,0.2265922499098056,0.0
0.3559322,0.0826087,0.1103832,-0.21608219073094537,-0.020467325651815953,0.9761606299321735,0.0017873370684779674,0.0028637841125214057,0.23702378974930044,0.0
0.3559322,0.1156522,0.116951,-0.21355843102197325,-0.03466989630312192,0.9763149055657014,0.00134056832030593,0.002479755456982883,0.16518846426421396,0.0
0.3559322,0.1486957,0.1141751,-0.21670702157444266,-0.042471929667547655,0.9753123612415916,0.0015682094775507692,0.0026816857092325477,0.20354664083680457,0.0
0.3559322,0.1817391,0.1131775,-0.22358015859931182,-0.037359764027150605,0.9739692811955324,0.002193051553561978,0.003174619581905094,0.3128978140382196,0.0
0.3559322,0.2147826,0.1181448,-0.22733908453844573,-0.05529563962684701,0.9722444820514434,0.0022165627695187595,0.0031976429931250814,0.31869498045100775,0.0
0.3559322,0.2478261,0.1156648,-0.2340530679337333,-0.035952178365546594,0.9715588516716724,0.0025525370561751363,0.0034299675316262564,0.3775002332584367,0.0
0.3559322,0.2808696,0.1172328,-0.2413753975798492,-0.04061173222879524,0.9695816647650398,0.0024967818870313945,0.0033956012650002603,0.36986936637994805,0.0
0.3559322,0.313913,0.117038,-0.24728841750388403,-0.05067422212820731,0.9676159164565894,0.002395632073481436,0.003329034231705262,0.3502471370639418,0.0
0.3559322,0.3469565,0.1236252,-0.23951829123650353,-0.03551539069626464,0.9702420549465154,0.0023113081925417197,0.003292488792947306,0.37746650167539997,0.0
0.3559322,0.38,0.1273577,-0.22544236164768774,-0.03545025049704077,0.9736113296970255,0.0017339418652802686,0.0030867166344011837,0.35170208498629707,0.0
0.3898305,-0.38,0.1370718,-0.2212638073551833,0.06739962796292874,0.9728821191208865,0.0017582908506054717,0.0031063430806696174,0.35492289438343616,0.0
0.3898305,-0.3469565,0.1314157,-0.21552629223319267,0.06582773605729005,0.9742767196858315,0.0016589088986528548,0.0027818059738650034,0.2594572563018238,0.0
0.3898305,-0.313913,0.1330191,-0.2252894286860574,0.06891565846665819,0.9718514831703537,0.001376602138457037,0.0025161393434169703,0.16543569168716266,0.0
0.3898305,-0.2808696,0.1281605,-0.21719626780090198,0.06662491202081763,0.9738515812748767,0.0014406919141681251,0.0025714863977737935,0.17762106056443838,0.0
0.3898305,-0.2478261,0.1262545,-0.21710904529603808,0.038453527871220104,0.9753896599025951,0.0013827361247572782,0.002517899810359512,0.1703727224135665,0.0
0.3898305,-0.2147826,0.1268793,-0.21272083570540543,0.04194003450394636,0.9762125176223677,0.0011483029691199062,0.0022932099386045604,0.12432608731256843,0.0
0.3898305,-0.1817391,0.1271546,-0.2094397779963526,0.031143075104421245,0.9773254771394628,0.0011795051447365387,0.002323090054858919,0.12940715895143226,0.0
0.3898305,-0.1486957,0.1219724,-0.20965647414681526,0.022906470125279313,0.9775067552066969,0.0011907346769569021,0.0023341087789542766,0.13004703086681896,0.0
0.3898305,-0.1156522,0.1214793,-0.22336562184682676,0.027149586885554505,0.9743565563534349,0.0009111193348997618,0.002045955671306158,0.0831096487743512,0.0
0.3898305,-0.0826087,0.1211384,-0.21790255614841594,0.01382199234956753,0.9758726497609588,0.001290966563444117,0.0024328209354767052,0.14870900293894662,0.0
0.3898305,-0.0495652,0.1214762,-0.22520348120812922,0.01822940146717417,0.9741412017638347,0.0014617700477930178,0.0025912439562815128,0.18098031474467804,0.0
0.3898305,-0.0165217,0.1183301,-0.22186069529658986,0.010396634130688023,0.9750229442845263,0.0015983315511309446,0.002709289378364567,0.2056516127932936,0.0
0.3898305,0.0165217,0.1241153,-0.2230455692759142,0.01060308666653828,0.9747503519258282,0.00176191779794228,0.0028452030423503066,0.2381537825487526,0.0
0.3898305,0.0495652,0.1200266,-0.20914940385078168,-0.010023748579325063,0.977832322708388,0.0017715809010059019,0.0028477121955573633,0.23423559526753113,0.0
0.3898305,0.0826087,0.1230083,-0.21327473589245732,-0.011958613179696978,0.976919074745099,0.0016428341087376178,0.0027433955184234067,0.2127481813107931,0.0
0.3898305,0.1156522,0.1197341,-0.19627384195317063,-0.02545286051282524,0.980218715826553,0.0010083670060279646,0.002145622523366683,0.09927203887445787,0.0
0.3898305,0.1486957,0.1240731,-0.19738030606294613,-0.04270145229772895,0.9793965492843857,0.001214526380426216,0.002354526640707108,0.13520071215714569,0.0
0.3898305,0.1817391,0.1251542,-0.1976833793901487,-0.0443618081042166,0.979261615450445,0.0015195882449582723,0.002634208211107169,0.1907604850049895,0.0
0.3898305,0.2147826,0.1238966,-0.2137525431448825,-0.06488479290036732,0.9747306366116599,0.0019589008207617823,0.002997920245518129,0.2703463145662468,0.0
0.3898305,0.2478261,0.132597,-0.22126097540185688,-0.04260102898936613,0.9742837025698757,0.002840377508793018,0.0036131939360541463,0.4336812928277561,1.0
0.3898305,0.2808696,0.1292198,-0.22354424178455612,-0.03394320489591381,0.9741025771479935,0.0025860635936102217,0.003447891403361753,0.3809184288267161,0.0
0.3898305,0.313913,0.1352063,-0.2213379718711186,-0.035094702123520574,0.9745654745017607,0.0024844382920637194,0.0033784321610043043,0.36659038977028324,0.0
0.3898305,0.3469565,0.1347183,-0.22149478916730822,-0.03697239577317037,0.9744604149592336,0.002069624011573346,0.003178093693188461,0.33579895655945763,0.0
0.3898305,0.38,0.1320159,-0.21981278284648945,-0.02179943483887803,0.9752984800244422,0.0021444029022079313,0.003401041996227193,0.4203095671844003,1.0
0.4237288,-0.38,0.1403191,-0.1917006775350854,0.05268161358819508,0.9800385185401306,0.0017800569304503209,0.003110316844587034,0.36047809317156343,0.0
0.4237288,-0.3469565,0.140612,-0.20007246044201277,0.06920560883859415,0.9773339215835901,0.0016399827921929346,0.002821585644799397,0.25332646247590906,0.0
0.4237288,-0.313913,0.1375219,-0.20476451154740208,0.06462679218058,0.9766754182138518,0.0016246414576839494,0.002726994524665362,0.21018110304484383,0.0
0.4237288,-0.2808696,0.1357179,-0.20742784911133436,0.06374667388900501,0.9761711166497059,0.0016489828568557526,0.002748125853772932,0.21207192645157422,0.0
0.4237288,-0.2478261,0.1331386,-0.19528341515063075,0.05411281906658193,0.9792528736642921,0.00129767037885524,0.0024361789975022,0.14973052489088307,0.0
0.4237288,-0.2147826,0.1271961,-0.19113494166031184,0.051593957341107985,0.9802068647190721,0.001159540482562558,0.0022993805520807966,0.1231466524899747,0.0
0.4237288,-0.1817391,0.130766,-0.18103295993138024,0.033930890204978234,0.9828915312018826,0.0011750857389270653,0.0023119100034855824,0.12785385353846007,0.0
0.4237288,-0.1486957,0.1238052,-0.17371590729684275,0.02793290857909016,0.9843995815573809,0.001320593712976024,0.0024492518589693114,0.15140725155582416,0.0
0.4237288,-0.1156522,0.1307889,-0.18481341061233217,0.011481726482978594,0.9827065549871984,0.0017767326479873888,0.0028444769063678856,0.23441694097500945,0.0
0.4237288,-0.0826087,0.1269056,-0.18836686009358106,0.00534194571880837,0.9820842069977617,0.0016591030589685465,0.002749855857478575,0.2128541696928223,0.0
0.4237288,-0.0495652,0.1265445,-0.18928389356892514,0.004178075711303874,0.9819135151930325,0.001547895795677982,0.0026559747497692287,0.19556270402931933,0.0
0.4237288,-0.0165217,0.1278363,-0.2011372842056785,-0.0002601991348171761,0.9795630276805948,0.0021090874171669147,0.003105090787448703,0.2941819873972704,0.0
0.4237288,0.0165217,0.1293122,-0.22021919444754653,-0.0015333868903547262,0.9754492068383251,0.0020535065223702903,0.0030706149393545435,0.2867879733798791,0.0
0.4237288,0.0495652,0.1243947,-0.21334471720586148,-0.003601298367495013,0.9769703487263162,0.002019412894741722,0.00304255079827811,0.279216758377213,0.0
0.4237288,0.0826087,0.123838,-0.21708587244210528,-0.0015113585188763824,0.9761513406134715,0.0018521768140622482,0.0029147429528772997,0.2526334848756274,0.0
0.4237288,0.1156522,0.1264752,-0.21213857716715706,-0.004009809118442169,0.9772313674398342,0.0015402053451169376,0.0026559628427238165,0.1981564733512862,0.0
0.4237288,0.1486957,0.1243344,-0.20180991514894092,-0.0433259250654588,0.9784659536053358,0.0014548740661117997,0.002580619250311336,0.18109925538159766,0.0
0.4237288,0.1817391,0.1285417,-0.20818609786105763,-0.057955619845807986,0.9763706748902665,0.0021620703663480425,0.0031473905672325343,0.3037372363119748,0.0
0.4237288,0.2147826,0.1373941,-0.21398082785679642,-0.05292258123046429,0.9754032016072252,0.002418367083220004,0.003330986003379194,0.3557603371179125,0.0
0.4237288,0.2478261,0.1308275,-0.20176197123238365,-0.031595844465771135,0.9789248232509569,0.003029562959074317,0.0037232580547574235,0.462719478100617,1.0
0.4237288,0.2808696,0.1375238,-0.20440041509777393,-0.04334302554693765,0.9779273247252558,0.0032061273275818636,0.003832087013512917,0.49633205174526546,1.0
0.4237288,0.313913,0.1332235,-0.19173637469313218,-0.03297741625110953,0.9808922737166076,0.0030573905992551586,0.00373647407234938,0.46541943210701314,1.0
0.4237288,0.3469565,0.1402011,-0.19519165920023554,-0.039073154403322895,0.9799864819392322,0.002344292877215365,0.0033720169489205847,0.3813472499791609,1.0
0.4237288,0.38,0.1405064,-0.20083365421607033,-0.04212765237864846,0.9787191140665863,0.0018491850223558313,0.003148709023434346,0.3739045141496617,0.0
0.4576271,-0.38,0.1480349,-0.1622536397938731,0.04905421025868774,0.985529015721778,0.0008303909609165224,0.0020979086488440066,0.18775708128290428,0.0
0.4576271,-0.3469565,0.1477588,-0.1659537015541793,0.042771284765245166,0.9852055552726025,0.0009568415970246516,0.0021447928576341095,0.13046047053563817,0.0
0.4576271,-0.313913,0.1493558,-0.1735278269830483,0.04825036268284032,0.9836462757330583,0.0009579812538252618,0.002086144655160675,0.08671895825489674,0.0
0.4576271,-0.2808696,0.1429024,-0.18325864417553805,0.06310928383213962,0.981036945088786,0.0009564550059145318,0.0020870095915572194,0.08725238269264476,0.0
0.4576271,-0.2478261,0.141119,-0.18639113176415598,0.0571784820601876,0.98081036250081,0.0010973339295508933,0.002235968118911628,0.11256400863801962,0.0
0.4576271,-0.2147826,0.1364501,-0.1846378042360008,0.0665752299647024,0.9805491420638007,0.0012851387449721045,0.0024200880227990018,0.14703297858767786,0.0
0.4576271,-0.1817391,0.139941,-0.18036587371519414,0.04090206856107523,0.9827487839658614,0.0017360606506318147,0.0028108736222715873,0.22761719732684743,0.0
0.4576271,-0.1486957,0.1364701,-0.1729390935725481,0.032344643554830174,0.984401287050975,0.00173649339991634,0.00280902888102565,0.22754847212975401,0.0
0.4576271,-0.1156522,0.1389182,-0.17539504236254838,0.013101333287379037,0.9844109579747339,0.0022688365550257716,0.0032121972106198644,0.3236184425257998,0.0
0.4576271,-0.0826087,0.1357014,-0.17601744277221204,-0.003694874389321936,0.9843801134435712,0.0017690909756791651,0.0028362047307961265,0.23358903835186062,0.0
0.4576271,-0.0495652,0.140662,-0.17762557953454391,0.0085190802835544,0.9840612677908525,0.0016119323819053944,0.002707650921509934,0.2074119220209316,0.0
0.4576271,-0.0165217,0.1292942,-0.1868256069649665,-0.007356035008703871,0.9823655538195152,0.002007145617768139,0.0030246700964471863,0.27764493335223556,0.0
0.4576271,0.0165217,0.1343531,-0.19391040009782728,-0.002245338555487014,0.9810166742663818,0.0020397624824961213,0.003051120603816275,0.281730280497764,0.0
0.4576271,0.0495652,0.1380839,-0.1939662989174407,-0.005885222832489586,0.9809905397283308,0.0016284693228411598,0.002725618904046809,0.211930770067365,0.0
0.4576271,0.0826087,0.1347805,-0.1973045661054319,-0.0023186749264641577,0.9803394983068534,0.0017498641542969325,0.002826617420903952,0.22830365066031727,0.0
0.4576271,0.1156522,0.1340456,-0.20415724107108163,-0.014009926493246084,0.9788378532105805,0.001821078748792047,0.0028856352387807223,0.2431416506152212,0.0
0.4576271,0.1486957,0.1364106,-0.2055172508954077,-0.03861196989838142,0.9778914946787095,0.0017408166360733611,0.002821930167830847,0.22828288330862245,0.0
0.4576271,0.1817391,0.1340512,-0.19087317768543716,-0.058741891615685396,0.9798555098634054,0.002780775124394348,0.003567710786046012,0.4160260288216966,1.0
0.4576271,0.2147826,0.1397271,-0.1892800203500713,-0.0540335502257698,0.9804353366470813,0.0028737791610141655,0.0036223547192665594,0.43303832938027426,1.0
0.4576271,0.2478261,0.1480673,-0.18838583739944761,-0.039071997272461856,0.9813175608825363,0.0034303648840426242,0.003957435344817339,0.5332198769383187,1.0
0.4576271,0.2808696,0.1457533,-0.17621711140292,-0.04295116591406996,0.9834138126930257,0.0030580374213985636,0.003731649789572112,0.4655955579163458,1.0
0.4576271,0.313913,0.14076,-0.17289486940351487,-0.03780750436067983,0.9842143855623927,0.0029830436666092456,0.0036841191758876747,0.44924003222616293,1.0
0.4576271,0.3469565,0.1434324,-0.18053454569818284,-0.024313629213538822,0.9832680841174585,0.0024112146447337734,0.0034121192411140336,0.392091554835221,1.0
0.4576271,0.38,0.1470002,-0.1795589993388961,-0.025050423620822552,0.9834282088860532,0.0017819388247955752,0.0030807386827788334,0.3574359473209266,0.0
0.4915254,-0.38,0.1572246,-0.14426939937952318,0.0403802838157994,0.9887142019216812,0.0009048263851003552,0.002202913078086239,0.199327074276068,0.0
0.4915254,-0.3469565,0.149585,-0.1535039395938424,0.03786285033031452,0.9874223742117827,0.0009579851347103113,0.0021432146678921245,0.13083856290700932,0.0
0.4915254,-0.313913,0.1480134,-0.15441851500543588,0.044672341451670976,0.9869950882009196,0.0009760210756966658,0.0021021561059348967,0.0917012508622069,0.0
0.4915254,-0.2808696,0.1509695,-0.15396678214183881,0.051461700528563976,0.9867349813276084,0.000830932427088037,0.0019396468247635165,0.06277897553102106,0.0
0.4915254,-0.2478261,0.1493369,-0.16635830721182052,0.05458366258713421,0.9845534710721361,0.0013840761466488334,0.002506743330723293,0.16310549162768473,0.0
0.4915254,-0.2147826,0.1442458,-0.16614046676012387,0.06524264668064227,0.9839414323824528,0.001269106880879929,0.0024007803946505674,0.1425448510102517,0.0
0.4915254,-0.1817391,0.1408347,-0.16861606037377697,0.04119616999892465,0.9848205419067206,0.0018964899922783048,0.0029349586442281948,0.25486775401805456,0.0
0.4915254,-0.1486957,0.1385561,-0.16556713006608229,0.028967879645887408,0.9857729897854286,0.0017784411604422064,0.002840874141932003,0.2339676495958077,0.0
0.4915254,-0.1156522,0.1403222,-0.15461067988306482,0.0053249935596016715,0.9879611237845781,0.0022119671460349272,0.0031659160592099906,0.31226637664204326,0.0
0.4915254,-0.0826087,0.135138,-0.16309710598361435,-0.0051968127657918755,0.9865963344533808,0.001866885954855749,0.0029100863473099313,0.2514195482472607,0.0
0.4915254,-0.0495652,0.1436859,-0.16597976275675888,0.006300353270200351,0.9861090324623746,0.0015698600156718561,0.0026688341972857686,0.1971947344401996,0.0
0.4915254,-0.0165217,0.1393498,-0.16480000341273476,-0.022090005617623615,0.9860796065871029,0.0016805956789712748,0.0027621292742211006,0.21732132307651278,0.0
0.4915254,0.0165217,0.1426838,-0.17631058791919443,-0.009288607375878893,0.9842907590547645,0.0018270871605793845,0.0028826636383057036,0.24579708511093518,0.0
0.4915254,0.0495652,0.1470415,-0.18738274896652693,-0.007659149906694857,0.9822571164478548,0.0015507496276680039,0.0026582139405343904,0.1987322798893587,0.0
0.4915254,0.0826087,0.1453485,-0.18205056638430564,-0.005514484942095489,0.9832737064190096,0.0016187485171340974,0.00271444558137684,0.20822994974122785,0.0
0.4915254,0.1156522,0.1389658,-0.19234143186609362,-0.009923761351052633,0.9812778875264375,0.002307860107893058,0.0032451904429034225,0.33065105838767467,0.0
0.4915254,0.1486957,0.1458131,-0.18943935801045236,-0.04209250774076751,0.9809897810011483,0.0022783261529609865,0.0032238290224616503,0.3237912270058751,0.0
0.4915254,0.1817391,0.1476616,-0.17510972190275992,-0.043051230533806786,0.9836072269176671,0.0031115897793803646,0.003763901756670415,0.4774784107474859,1.0
0.4915254,0.2147826,0.1431281,-0.17062593881274216,-0.051642659982359104,0.9839816180570738,0.0031672986265147184,0.0037965382966779464,0.48921260971538205,1.0
0.4915254,0.2478261,0.1438831,-0.17991213187214644,-0.037665511411591114,0.982961308524055,0.003593419968739088,0.0040473232616941145,0.5629924700046607,1.0
0.4915254,0.2808696,0.1479862,-0.17333947525677962,-0.04471235427489741,0.9838466504963566,0.003263509681361983,0.0038544445504654665,0.5005902061279806,1.0
0.4915254,0.313913,0.1452798,-0.17054168909689008,-0.04935548959499192,0.9841135950320057,0.0030924378424967945,0.0037510860378244947,0.47219881683540643,1.0
0.4915254,0.3469565,0.1564617,-0.16355647118050387,-0.02245372194985826,0.9862784145998429,0.002445288146572806,0.0034303114548239104,0.39980324978720916,1.0
0.4915254,0.38,0.1469953,-0.16381038462953457,-0.01636818183137912,0.9863560414531147,0.001975665341731272,0.0032373732755800896,0.39048957466460005,1.0
0.5254237,-0.38,0.156103,-0.12862318232870948,0.033304747926487195,0.9911341335728423,0.0008253112908910318,0.002083405160843868,0.1825457409521427,0.0
0.5254237,-0.3469565,0.1564528,-0.12421655388183393,0.03269739266808766,0.9917162539025115,0.0008247609363106567,0.0019832460801627104,0.10674202756523345,0.0
0.5254237,-0.313913,0.1546148,-0.12142756510259732,0.03955083927385798,0.9918120172421725,0.0007884859708811566,0.0018847066803396142,0.055339439796865134,0.0
0.5254237,-0.2808696,0.1540256,-0.11906333263259827,0.054297572441436646,0.9914008757558093,0.0010672377007161743,0.0021932541050564036,0.10601543579266903,0.0
0.5254237,-0.2478261,0.1527693,-0.123424826940237,0.058454488631385325,0.9906308014864146,0.001506292600477722,0.002607133515289779,0.1833553677050618,0.0
0.5254237,-0.2147826,0.1499384,-0.120420429950427,0.07013574447324358,0.990242342761477,0.0013636641581374219,0.0024807716379512896,0.1604660026683284,0.0
0.5254237,-0.1817391,0.1528107,-0.12538796998742385,0.04588632033342063,0.9910460648167126,0.0018029624748922084,0.0028523831773692335,0.23840352611219678,0.0
0.5254237,-0.1486957,0.1419992,-0.12470059828604729,0.027252661417901725,0.9918200709971255,0.0016110613435798282,0.0026961534748636755,0.20282871077537734,0.0
0.5254237,-0.1156522,0.1476307,-0.12834048207768883,0.001909923048512722,0.9917283261327241,0.0018225042834095807,0.002867677112586294,0.23999553199197082,0.0
0.5254237,-0.0826087,0.1448978,-0.12887784461973828,-0.017251058472695143,0.9915104145432572,0.001477002855623954,0.0025816644464052426,0.17812598521484843,0.0
0.5254237,-0.0495652,0.147046,-0.14171532441668944,0.011874398387500505,0.9898362316506746,0.0017936180872447209,0.002847365402976166,0.23509204738302922,0.0
0.5254237,-0.0165217,0.1471142,-0.1410138083181397,-0.01095442246002629,0.9899470220633945,0.0021418293891157917,0.00311187814319042,0.2992157072254196,0.0
0.5254237,0.0165217,0.1437165,-0.13829750885267428,-0.01474649782979996,0.9902809398584324,0.0020754729525720053,0.0030631614459619766,0.2877593776676931,0.0
0.5254237,0.0495652,0.1447256,-0.14255578315529188,-0.01118607337782078,0.9897235575913952,0.001596329488656431,0.0026861163761195523,0.20076833816687586,0.0
0.5254237,0.0826087,0.1494193,-0.14530912221883457,-0.008531909037708498,0.9893495163632339,0.0013146560407726407,0.0024378217425173095,0.1513478544576703,0.0
0.5254237,0.1156522,0.1486783,-0.15413954421720077,-0.009923437743465845,0.9879992541960066,0.0018193752285349844,0.0028705474550653155,0.2432643277819658,0.0
0.5254237,0.1486957,0.1463766,-0.1671304308175885,-0.04258265127101323,0.9850147901962986,0.0019023997588224098,0.002939208577825629,0.25623998746641236,0.0
0.5254237,0.1817391,0.1555197,-0.15454132929205344,-0.036865791884492766,0.9872982786014439,0.002564479612401037,0.003409809203867596,0.37340877561577984,0.0
0.5254237,0.2147826,0.1575067,-0.14969352749964587,-0.034638854570327594,0.9881254968771774,0.0025629901490534313,0.003407431278512096,0.3751896869486552,0.0
0.5254237,0.2478261,0.1475676,-0.1590399086127516,-0.030938177268183407,0.9867872803475782,0.003287254377434287,0.0038630847343296432,0.5093474068359238,1.0
0.5254237,0.2808696,0.1544327,-0.14281617733132865,-0.037248673904893226,0.9890480654572829,0.002998613117198067,0.003684629277255133,0.4531459182009959,1.0
0.5254237,0.313913,0.1628231,-0.13832752187518843,-0.04002126697759562,0.9895775840637139,0.0028817708309374387,0.0036127170529434076,0.43451237309941454,1.0
0.5254237,0.3469565,0.1596132,-0.1350941524805335,-0.036773389084910055,0.9901501339800831,0.00281736283168478,0.003672523197232796,0.4661194760657166,1.0
0.5254237,0.38,0.1600866,-0.13447913210252815,-0.0086617301244315,0.9908785684735553,0.002290029618177749,0.0034744404013709886,0.4466989088422633,1.0
0.559322,-0.38,0.1631972,-0.11113453513854059,0.04290585781387447,0.9928787450966993,0.0012503931413110382,0.0025612075230925196,0.2585462745088365,0.0
0.559322,-0.3469565,0.1600359,-0.10124444592941474,0.03667410670567907,0.9941853811366301,0.0012327530348242113,0.0024213089045833835,0.18018586220487515,0.0
0.559322,-0.313913,0.1590566,-0.11641493745511816,0.03144108469565597,0.9927028863312936,0.0010068851373517397,0.002129160457723006,0.09455349789346246,0.0
0.559322,-0.2808696,0.1562731,-0.1127528930991311,0.04425211561899441,0.9926371619887192,0.001452214901918123,0.0025574798036414365,0.1738273425504716,0.0
0.559322,-0.2478261,0.1585877,-0.11034507567980434,0.04778350964765833,0.9927440256576567,0.0014940801674774267,0.002593947867843847,0.18221039201836267,0.0
0.559322,-0.2147826,0.1537828,-0.11634302462923596,0.0763330078749174,0.9902714640586631,0.0015301994876930115,0.002627981290874032,0.18877147212347797,0.0
0.559322,-0.1817391,0.1524745,-0.11551068111087406,0.04302759048122115,0.992373875616787,0.0017324100258622383,0.002794102951011068,0.22598055926490243,0.0
0.559322,-0.1486957,0.1492088,-0.12779083166815733,0.00889205895001393,0.9917612790531751,0.0015266250645746967,0.0026239979029668925,0.1886480734572508,0.0
0.559322,-0.1156522,0.1518804,-0.13642442257221943,0.0037706317488833724,0.9906433057675454,0.001703079662583225,0.002773564610586259,0.21870726829425788,0.0
0.559322,-0.0826087,0.1487572,-0.13111879331333626,-0.0052012730620983666,0.9913530192613472,0.0016171993520885468,0.002701469771035513,0.2039848821193048,0.0
0.559322,-0.0495652,0.1505042,-0.1178183344773421,0.01957646955628819,0.9928421837838566,0.001679865141980862,0.002751632807490183,0.21491823139804406,0.0
0.559322,-0.0165217,0.1539754,-0.101977526514596,0.003517188129121295,0.9947804850687558,0.00196195492930326,0.0029708879830637512,0.2648118245649964,0.0
0.559322,0.0165217,0.1519477,-0.09527962897858788,-0.020062459500245183,0.9952483559496612,0.0015970111188436935,0.002678953073734629,0.1993007171988794,0.0
0.559322,0.0495652,0.1525607,-0.09205664663033125,-0.03143808384404558,0.9952573640498187,0.001315601498375873,0.0024316594546957317,0.15164860154704607,0.0
0.559322,0.0826087,0.1525078,-0.10045618564269122,-0.01768792553569387,0.9947842439727148,0.0016798001719383845,0.0027483064620499663,0.21396348909693116,0.0
0.559322,0.1156522,0.1522067,-0.10691667428129117,-0.0273404789085137,0.9938920077018838,0.0021232628459331806,0.003091779051065257,0.29330344040063133,0.0
0.559322,0.1486957,0.1524333,-0.10196493594807882,-0.04690014575786588,0.9936818042839445,0.0018729794324242898,0.0029047670239208743,0.249575865230431,0.0
0.559322,0.1817391,0.1528746,-0.11451547333202,-0.024473128197367335,0.9931199687670057,0.0023894587860351668,0.003281632885896574,0.34368001451386265,0.0
0.559322,0.2147826,0.1572546,-0.11654075745671348,-0.029386742018540583,0.9927510620719334,0.0027107700686548274,0.0034964281592505865,0.4004848013117989,1.0
0.559322,0.2478261,0.1531003,-0.12325285459712987,-0.029365064994497796,0.9919407375400648,0.003263797182122299,0.0038391637163986162,0.4993750952947141,1.0
0.559322,0.2808696,0.1619474,-0.10564333721287125,-0.03530396598582513,0.9937771959992838,0.002911208210144618,0.0036217582609798242,0.4351616422499801,1.0
0.559322,0.313913,0.1597963,-0.1072613069728463,-0.039379322259682194,0.9934506937965495,0.0026899097016611652,0.003481495183667186,0.3986622213445503,1.0
0.559322,0.3469565,0.1594134,-0.10943467000532413,-0.028644057040388138,0.993581184904934,0.0025748964760270152,0.003503321716776832,0.42155690999243517,1.0
0.559322,0.38,0.1623539,-0.11515875855926262,-0.019840422178798896,0.9931489404791495,0.0022898516031851753,0.0034682288081640416,0.4466861518094175,1.0
0.5932203,-0.38,0.16535,-0.0894817736528388,0.0397373946336475,0.9951954338981219,0.0014244970249836925,0.002729448019168619,0.2894562150474832,0.0
0.5932203,-0.3469565,0.1656997,-0.1028165350297054,0.03301746927416402,0.9941522050708408,0.0016929952790602722,0.0028383452362714654,0.26320834712003377,0.0
0.5932203,-0.313913,0.1611001,-0.08843350392372941,0.030373263773252387,0.9956188930667857,0.0014257390811011309,0.002530422273682469,0.1688615233440155,0.0
0.5932203,-0.2808696,0.1649112,-0.0814125745902027,0.04442209486024532,0.9956900472470447,0.0017611661700714855,0.0028125822320163546,0.22926750817339805,0.0
0.5932203,-0.2478261,0.1575676,-0.08907198473253498,0.05187070845164744,0.9946736204104999,0.001440166351788775,0.002544170036648995,0.17029427547941745,0.0
0.5932203,-0.2147826,0.1517192,-0.09846183187643041,0.0688194850753977,0.9927583523383194,0.001696762595121016,0.002764276237273311,0.21824877697481665,0.0
0.5932203,-0.1817391,0.1551646,-0.09839586793698589,0.04404398899900845,0.9941722085262604,0.0019856818525944503,0.0029890571733578765,0.2692968099370164,0.0
0.5932203,-0.1486957,0.1503493,-0.09633459710933766,0.01606051427809056,0.9952194256951101,0.0018057794907914862,0.0028490690818859838,0.23625493308684448,0.0
0.5932203,-0.1156522,0.1554691,-0.09654105241072697,0.01312653986238006,0.9952424423981678,0.0017709839424423501,0.002821443561824216,0.23022168342005772,0.0
0.5932203,-0.0826087,0.1581766,-0.08511589943649162,0.00950672674619287,0.9963257026744268,0.0015008840295760687,0.002595844335629767,0.18369658400371017,0.0
0.5932203,-0.0495652,0.1565493,-0.07751551256546234,0.0196033516460856,0.9967984018425957,0.0013704430202644048,0.002479441436593803,0.15916433702243316,0.0
0.5932203,-0.0165217,0.1503967,-0.07923522829933712,0.0027703435393184694,0.9968520972506533,0.0020848848597058637,0.0030594493750439812,0.28653431759909304,0.0
0.5932203,0.0165217,0.1521227,-0.07973262360060836,-0.01579021957361333,0.9966912148201068,0.0014314245703665144,0.002534256412727814,0.16923241695944366,0.0
0.5932203,0.0495652,0.1599419,-0.08638417003729232,-0.03288712196640267,0.9957189424610416,0.0011826816628601829,0.002304242781671699,0.12655427452603082,0.0
0.5932203,0.0826087,0.1559547,-0.08680172453220213,-0.019342997374908293,0.9960378050409481,0.0012456864340066427,0.0023646558045698238,0.13701987636415008,0.0
0.5932203,0.1156522,0.1556011,-0.0844349290020319,-0.022467771877634112,0.9961756582005387,0.0016579188839298358,0.002728337702373876,0.2109511714881693,0.0
0.5932203,0.1486957,0.1595431,-0.08442532881499157,-0.04451825333691434,0.9954348240715263,0.0014907807937027551,0.002587664359081438,0.18007272091498194,0.0
0.5932203,0.1817391,0.1647158,-0.08638380496459616,-0.04680208823800312,0.9951619982577714,0.0016437789105006586,0.0027187567349108033,0.2127342430412741,0.0
0.5932203,0.2147826,0.1624265,-0.08900607079551741,-0.03803300425465258,0.9953046819687471,0.0021678303523261894,0.0031217578251151994,0.3022482650968065,0.0
0.5932203,0.2478261,0.1603308,-0.08771993274919654,-0.0349230536087624,0.9955328190095571,0.002113802102501103,0.003082220362807514,0.2915132142819383,0.0
0.5932203,0.2808696,0.1625489,-0.08413807823504753,-0.027499792357467828,0.9960745680977953,0.0018265857056326325,0.002864084352379444,0.2398916125171852,0.0
0.5932203,0.313913,0.1651049,-0.08126844863123668,-0.03430512874150426,0.9961017003293895,0.0012306604300237334,0.0023501117259076827,0.13417705357462936,0.0
0.5932203,0.3469565,0.1633809,-0.07441579733910751,-0.027631156661858815,0.9968444253181702,0.0008957597871481865,0.00206043556551726,0.11942648807655014,0.0
0.5932203,0.38,0.1642048,-0.0814974574030912,-0.005375293963232648,0.9966590543669585,0.0016179952935125033,0.002907125793620545,0.3236306726243208,0.0
0.6271186,-0.38,0.1702396,-0.07587648359229493,0.04367227932741843,0.9961603742651162,0.0013336209904305956,0.0026387586198061536,0.27441142056861456,0.0
0.6271186,-0.3469565,0.1650787,-0.07008189539559467,0.03453391166601518,0.9969432967239429,0.0018644726535680034,0.0029736972902679485,0.2937824984993008,0.0
0.6271186,-0.313913,0.1657706,-0.056847598052454894,0.048006453351419946,0.9972280235895321,0.0022590018633459907,0.0031837822349033173,0.3178456252691342,0.0
0.6271186,-0.2808696,0.1644745,-0.054817924392478304,0.052081540635019644,0.9971371562079024,0.0019978731328906658,0.002993835966940911,0.2712450376881269,0.0
0.6271186,-0.2478261,0.169637,-0.05937806455594738,0.051996837424441104,0.9968804212880531,0.0018253464768990188,0.0028617532394857783,0.24181771878334454,0.0
0.6271186,-0.2147826,0.158685,-0.06918199584711494,0.04955400384248099,0.9963725468687848,0.0021586425963894076,0.0031133643314335607,0.30028405458265756,0.0
0.6271186,-0.1817391,0.1596935,-0.07701849522443721,0.024227843978158678,0.9967352521956537,0.0021332009608598683,0.003094640946594043,0.2948961114954857,0.0
0.6271186,-0.1486957,0.1585833,-0.07846964430974904,0.001751598304612978,0.9969149646912121,0.0012681399930858919,0.0023849998016329896,0.13935194302467988,0.0
0.6271186,-0.1156522,0.159602,-0.0796253642520226,0.013505807540579284,0.9967333618026487,0.0013026575175368535,0.0024173994517154808,0.1462533726837128,0.0
0.6271186,-0.0826087,0.1608406,-0.06640280640819571,0.02436081326397069,0.9974954727106452,0.0014307581308085169,0.0025329406175137008,0.16921132682813358,0.0
0.6271186,-0.0495652,0.1558359,-0.05807272228361251,0.021884891081398933,0.9980724475051527,0.001158935185309884,0.0022783858031478342,0.11981702044835799,0.0
0.6271186,-0.0165217,0.1546468,-0.047174621751588604,0.003981792501622527,0.9988787215628676,0.0014423884956348083,0.0025412769191587754,0.17090779846241355,0.0
0.6271186,0.0165217,0.1521887,-0.054730725277812815,-0.019416973895635507,0.9983123403200527,0.0010125682845944842,0.002129262840859703,0.0941289601646686,0.0
0.6271186,0.0495652,0.1545288,-0.06112102877433543,-0.03357855595880917,0.9975653865392925,0.0008579718357387289,0.001960483437023597,0.06518149660063582,0.0
0.6271186,0.0826087,0.1593098,-0.06927919031744363,-0.024107073719043505,0.9973059925547746,0.0010784804864753868,0.0021986149690588984,0.10583053009573137,0.0
0.6271186,0.1156522,0.158427,-0.05986785274538242,-0.013566071232975293,0.9981141226928706,0.00180817076600753,0.0028468166762945874,0.2367125030266186,0.0
0.6271186,0.1486957,0.1560299,-0.05993687371961371,-0.024323834459532425,0.997905768219577,0.0018974884180553587,0.0029170082067284902,0.25274161397544087,0.0
0.6271186,0.1817391,0.1589406,-0.05363190460743247,-0.03150815508744602,0.9980635525712601,0.0022771430831072382,0.003195896813413975,0.3214550494201615,0.0
0.6271186,0.2147826,0.1613325,-0.040768922160952126,-0.038033289475060746,0.9984444721052544,0.002413866589401284,0.0032895209944261154,0.3450300172083614,0.0
0.6271186,0.2478261,0.1641249,-0.04530954668701518,-0.03885511731938861,0.9982170730042207,0.002396162256396908,0.003277753889633678,0.343546932338949,0.0
0.6271186,0.2808696,0.162406,-0.059638197487979716,-0.03289297097202779,0.9976779730258749,0.0019001447866696629,0.0029189214983807426,0.25315467945254516,0.0
0.6271186,0.313913,0.1652037,-0.060393398375705336,-0.032112840957358516,0.9976579588607917,0.0016492197249924933,0.0027190625682772013,0.20778283899887712,0.0
0.6271186,0.3469565,0.1624651,-0.06749926378267387,-0.026538731116123176,0.9973663043934973,0.0011281427437299792,0.0023120497802484553,0.1613288920946173,0.0
0.6271186,0.38,0.1666281,-0.06977703509472379,-0.029177694249984985,0.9971358119793136,0.0010497224135539332,0.0023396716322388986,0.2199386937403094,0.0
0.6610169,-0.38,0.1767635,-0.03683393634858106,0.04845399789570676,0.9981460169839843,0.002073554785557267,0.003286433455683195,0.4064793856083392,1.0
0.6610169,-0.3469565,0.163184,-0.03164175179997772,0.05745740395116363,0.9978464041495672,0.0023239998955468465,0.003318053656850243,0.3766004974860676,0.0
0.6610169,-0.313913,0.1667697,-0.032395993045230526,0.0531506543011399,0.9980608736855555,0.002089304744913224,0.003060418422152643,0.2881629907895033,0.0
0.6610169,-0.2808696,0.1666718,-0.034882158258528896,0.05097904403748615,0.9980903626948069,0.0016155162962300646,0.0026904596216709518,0.2028180976317242,0.0
0.6610169,-0.2478261,0.1633189,-0.03990673165497722,0.04488616090360692,0.9981947131336416,0.0017934137119213996,0.0028348456199406044,0.2337687802504802,0.0
0.6610169,-0.2147826,0.1606417,-0.04776100888069221,0.03193545383861613,0.9983481420921362,0.002043734255882246,0.003026441671684828,0.27890575842386134,0.0
0.6610169,-0.1817391,0.1617037,-0.06794419205928753,0.012428747410426527,0.9976117045239689,0.00193894148424128,0.002948912790398274,0.25990043198054097,0.0
0.6610169,-0.1486957,0.1608894,-0.06663534218185116,0.005651595231001526,0.99776138963364,0.0010172410544339997,0.0021349290778191494,0.09403927757686596,0.0
0.6610169,-0.1156522,0.1598718,-0.06664723526762131,0.013604598054248802,0.9976838481918832,0.001070586893518705,0.002190207002394372,0.10378448917719103,0.0
0.6610169,-0.0826087,0.1538954,-0.06806346197072231,0.02860812497975247,0.9972707457504723,0.001207806794970451,0.0023268632508156436,0.12952713088199652,0.0
0.6610169,-0.0495652,0.1586932,-0.056311926017888106,0.041734304022330776,0.9975405830621268,0.001074227629547597,0.0021939055537398234,0.10480377296986404,0.0
0.6610169,-0.0165217,0.1563736,-0.04142040337251949,0.011377668560150043,0.999077023478467,0.0017171518089777681,0.002772791064407649,0.2198849005437464,0.0
0.6610169,0.0165217,0.1572957,-0.040324767259023266,-0.020793878750844298,0.9989702336666498,0.0013243122912157928,0.0024348414756234916,0.14931980349076163,0.0
0.6610169,0.0495652,0.1598164,-0.04191634334689603,-0.03756223051338631,0.9984147930591193,0.0012959577105177923,0.002408992270386221,0.14422604032770878,0.0
0.6610169,0.0826087,0.1614507,-0.03620629966481968,-0.031151808303411032,0.9988586830498141,0.0013716250147464716,0.002477916353342421,0.1583262829178672,0.0
0.6610169,0.1156522,0.1628085,-0.027920631170214864,-0.01723963857068552,0.9994614716020869,0.001515477055335764,0.002604210961490165,0.18348573173883267,0.0
0.6610169,0.1486957,0.159415,-0.018960941281707253,-0.014936262291566435,0.9997086529456813,0.0015559236951400122,0.0026383642293720164,0.19078412063323463,0.0
0.6610169,0.1817391,0.164659,-0.01951202721381759,-0.027250487143465892,0.9994381880558951,0.0019515903063404092,0.0029557875360101383,0.26240259017589107,0.0
0.6610169,0.2147826,0.1665874,-0.023013265586971744,-0.041773919575426345,0.9988620171226501,0.0019065685681378145,0.0029221962282834513,0.25405575598575225,0.0
0.6610169,0.2478261,0.1678519,-0.023566160257440294,-0.04509690687605912,0.9987046135274098,0.0019114754865322363,0.0029264557680314064,0.2547773119728515,0.0
0.6610169,0.2808696,0.1701835,-0.04969657318282837,-0.03581146033302106,0.9981221317667994,0.0015103195691562256,0.0026016748277212175,0.18385088594352172,0.0
0.6610169,0.313913,0.167346,-0.0559783224811844,-0.03626533682209559,0.997773146941414,0.0015693079079436513,0.0026520867307922085,0.19419178327122297,0.0
0.6610169,0.3469565,0.169226,-0.05833651912111654,-0.026688011838767112,0.9979401788488751,0.001483759613837252,0.0026510330613067237,0.22579779596854155,0.0
0.6610169,0.38,0.1743855,-0.06588601395199582,-0.042062541270764996,0.9969402067262424,0.0014562522131000464,0.002756091585938659,0.29540200982440634,0.0
0.6949153,-0.38,0.1687554,-0.01513216260995004,0.05649462971163001,0.9982882221425294,0.0019207519830267727,0.003161836043164964,0.3765912970588894,0.0
0.6949153,-0.3469565,0.1713214,-0.016278948370852465,0.07023219894525319,0.9973978313949019,0.0018591169157543227,0.002967279166475414,0.2938180267225567,0.0
0.6949153,-0.313913,0.1671361,0.005806114233391158,0.05681400323624183,0.9983678971570454,0.002331560776464688,0.0032331498196891497,0.33086495996417914,0.0
0.6949153,-0.2808696,0.1658525,0.0012408593799015065,0.03656968438465749,0.9993303350003971,0.001789723715641138,0.0028305364682809074,0.23289823639603338,0.0
0.6949153,-0.2478261,0.1601621,-0.010303638646587766,0.034722870009488344,0.9993438634068579,0.0010978920949980748,0.002216129778211284,0.10892931225431535,0.0
0.6949153,-0.2147826,0.1613392,-0.013157968046684797,0.025488200819330314,0.999588525092138,0.001390291159205955,0.0024939104162240463,0.16100180182829726,0.0
0.6949153,-0.1817391,0.1627702,-0.022670947929657664,0.006609196236554643,0.9997211344395383,0.0011451049929558457,0.0022629801416505896,0.1175041507378302,0.0
0.6949153,-0.1486957,0.1645143,-0.030632615913134976,0.013652791139597897,0.9994374638447455,0.0014763444055008515,0.002570345281813214,0.17657656228861693,0.0
0.6949153,-0.1156522,0.1640329,-0.027615582003246614,0.022347718449592203,0.9993687803362278,0.001670483070058272,0.0027343492242991505,0.21209294228748285,0.0
0.6949153,-0.0826087,0.1602322,-0.02329459771122464,0.03154325981062837,0.9992308964788825,0.0019714903750789026,0.0029711279798223184,0.2659105465342381,0.0
0.6949153,-0.0495652,0.1595123,-0.02552235643606409,0.031191095770417954,0.99918753238148,0.0019195257672029445,0.0029316906626659285,0.2561531759000265,0.0
0.6949153,-0.0165217,0.1573915,-0.031875206409232824,0.014434061134191685,0.9993876270474551,0.0016298153700006735,0.002700808437914942,0.20415044015601616,0.0
0.6949153,0.0165217,0.1610907,-0.02237871094344639,-0.011620601141104128,0.9996820269093714,0.0015730028705435318,0.0026528697809086186,0.19393842691199598,0.0
0.6949153,0.0495652,0.1593374,-0.019762421133999418,-0.038848975620904516,0.9990496503198072,0.0013526781350495223,0.002460501149838614,0.1543733548654904,0.0
0.6949153,0.0826087,0.1622908,-0.017616918899757764,-0.02272754495851387,0.9995864659291053,0.001327445743007255,0.0024368160393363953,0.15042552696810166,0.0
0.6949153,0.1156522,0.1663179,-0.008200907464739421,-0.004141808221548192,0.9999577943800482,0.0012562902271753297,0.002370124894766922,0.13800102185149724,0.0
0.6949153,0.1486957,0.1617518,-0.012184760478083164,-0.0053647835900753685,0.9999113714270499,0.001397643657611098,0.002500157406050375,0.1622283388094755,0.0
0.6949153,0.1817391,0.1583396,-0.011259819245996073,-0.02918695954559179,0.9995105491504487,0.002018808270452963,0.003006272643324774,0.27467851345856586,0.0
0.6949153,0.2147826,0.1614283,-0.007350108523237766,-0.045376184155142434,0.9989429302098369,0.0017449849325602816,0.0027953525695636975,0.22477858873068066,0.0
0.6949153,0.2478261,0.1610122,-0.010671316212045085,-0.05874604692891072,0.9982159210213634,0.0017439259400054176,0.0027954568944430235,0.22482315146497658,0.0
0.6949153,0.2808696,0.1633676,-0.02465102131341883,-0.04933796903390519,0.9984778875667776,0.001901733228603196,0.0029189953661295895,0.25288281767006154,0.0
0.6949153,0.313913,0.1726436,-0.04286956356511518,-0.0571181452172087,0.9974465990751998,0.002417074719185961,0.003293183335558968,0.34706035539140045,0.0
0.6949153,0.3469565,0.1713731,-0.045881232381588914,-0.06168402749201003,0.9970406176618439,0.002182059031260637,0.0032162404960854036,0.3509129516122778,0.0
0.6949153,0.38,0.1682945,-0.04257015045381628,-0.05434207219095681,0.9976145154719496,0.001981583806333108,0.003213373682176531,0.3878577562321183,1.0
0.7288136,-0.38,0.1748719,-0.002588319363775328,0.06834547972582163,0.9976583563544783,0.0017634117224417964,0.003029683536176011,0.3502041357993321,0.0
0.7288136,-0.3469565,0.1745302,0.001184130294457797,0.06552333676774151,0.9978503345563737,0.0019496001814392116,0.003038239869583111,0.31275023274380187,0.0
0.7288136,-0.313913,0.1677041,-0.002941087331469568,0.060459880492287774,0.9981662951914209,0.0017163223986766069,0.002773370526340939,0.21989788417534986,0.0
0.7288136,-0.2808696,0.1649869,-0.004161410238993145,0.04166233339201611,0.9991230818278373,0.0014335566822493914,0.0025330591950745653,0.16901200662892676,0.0
0.7288136,-0.2478261,0.1644305,-0.007265045450997498,0.02387192057586761,0.9996886267846675,0.0006121146110819144,0.001654080373417694,0.020876981370933627,0.0
0.7288136,-0.2147826,0.1649207,-0.009546178104426184,0.012544814158822096,0.9998757413405525,0.000743790191403005,0.001823310100483379,0.044837774280204655,0.0
0.7288136,-0.1817391,0.1648076,-0.008645453012216617,0.010355653398337914,0.9999090041523314,0.0011091237901385655,0.002226880552732375,0.11077359953038875,0.0
0.7288136,-0.1486957,0.1654516,0.003606678718098113,0.019013792646314576,0.9998127162413105,0.001709452368037615,0.0027655751457864365,0.22023629900908942,0.0
0.7288136,-0.1156522,0.1647562,0.002092808114347768,0.02909800784326278,0.9995743724674768,0.002205607852788124,0.003142527754413806,0.3082477457756173,0.0
0.7288136,-0.0826087,0.1640854,0.006890224933935987,0.023339745805199773,0.9997038466796596,0.002280932559760718,0.003195675189023183,0.3216192898169127,0.0
0.7288136,-0.0495652,0.1642219,-0.010228241893022549,0.020964248716593248,0.9997279046538248,0.0021683869482716713,0.0031155738109053892,0.30195243529822996,0.0
0.7288136,-0.0165217,0.1619238,-0.004392831975134961,0.012690337917871494,0.9999098251096288,0.0015017351154791487,0.0025917180862778167,0.18157793109428708,0.0
0.7288136,0.0165217,0.1553469,-0.004575051861018352,-0.008120276284287162,0.9999565640634276,0.0010356781332458978,0.002151750701639075,0.09779325778033995,0.0
0.7288136,0.0495652,0.1597432,-0.00014816784667410316,-0.034270055501405224,0.9994125981506436,0.0009068917057552368,0.002013925358172105,0.07406229591621556,0.0
0.7288136,0.0826087,0.161471,0.004809820501981951,-0.01920429908090942,0.9998040110559415,0.0009376401397748933,0.0020474337777854285,0.07941747975888216,0.0
0.7288136,0.1156522,0.1599694,0.012219575745835244,0.0009899022747538076,0.9999248482071432,0.0010797542013892176,0.0021971442839682025,0.1052984259784752,0.0
0.7288136,0.1486957,0.1646387,0.021705288535229933,-0.0022321313845905313,0.9997619206786604,0.0012637178821586,0.0023773768080281262,0.13828407907550863,0.0
0.7288136,0.1817391,0.161807,0.024649846897387986,-0.010646632162007527,0.9996394521383908,0.0021163370929182207,0.0030780180405846165,0.29165227118586257,0.0
0.7288136,0.2147826,0.1612896,0.0247344192372577,-0.04930564653767878,0.9984774217399697,0.0020814719662730157,0.0030540975860019652,0.28669252948724194,0.0
0.7288136,0.2478261,0.1697755,0.030156740662259665,-0.06312195373410344,0.9975500939548947,0.0018811775000300013,0.002904380014439322,0.2500025293746712,0.0
0.7288136,0.2808696,0.1690129,0.016715949536587494,-0.06033449433509156,0.9980382386584291,0.001859331016999033,0.0028868417194113085,0.24535653851530695,0.0
0.7288136,0.313913,0.1694415,-0.0002361611928494121,-0.0609691239012769,0.9981396245809508,0.0022571731879455132,0.003181343251570337,0.317342331165855,0.0
0.7288136,0.3469565,0.1735292,-0.0015626631097569706,-0.04823857818997628,0.9988346197735714,0.0031000915175431847,0.003831991350272349,0.5170181485081191,1.0
0.7288136,0.38,0.1760986,-0.002865516221566484,-0.049646113522739684,0.9987627607339347,0.002966297902368678,0.003930616661976561,0.5652781839043279,1.0
0.7627119,-0.38,0.1731012,0.019030746732013163,0.0775362918348759,0.996807882255813,0.001813865931856546,0.0030737522859697413,0.3597431671951504,0.0
0.7627119,-0.3469565,0.1625432,0.014118760893921441,0.06693833430062456,0.9976572156767463,0.001899100485407425,0.00299877373495196,0.3000234974802359,0.0
0.7627119,-0.313913,0.165924,0.017324885809144513,0.06950427372083728,0.9974312027735243,0.0014622610614982976,0.002560610060608202,0.17453262090103586,0.0
0.7627119,-0.2808696,0.1648122,0.015515956963580838,0.05203628890282309,0.9985246515318118,0.0015075901656071298,0.002598428263028363,0.18257818902811093,0.0
0.7627119,-0.2478261,0.161657,0.014967019151308996,0.01798221007701367,0.9997262767670311,0.0008351396603255406,0.001932231719147941,0.06161670211330296,0.0
0.7627119,-0.2147826,0.1638299,0.023858866070429894,0.011951635464716417,0.9996438930536973,0.0011032712571875365,0.0022212532362080755,0.10927651926590266,0.0
0.7627119,-0.1817391,0.1656313,0.03805792131261239,0.02216359347268545,0.9990297141475526,0.0012674033679262128,0.002381626049998209,0.13928739363128312,0.0
0.7627119,-0.1486957,0.1596173,0.03912764004467249,0.017680625633903255,0.9990777863918947,0.0016407668631970877,0.0027102784667405867,0.20589762117008684,0.0
0.7627119,-0.1156522,0.1568813,0.0575780224579618,0.03140105778378705,0.9978470548635644,0.001857973032552382,0.0028860609111969943,0.24507810726334456,0.0
0.7627119,-0.0826087,0.1657803,0.04960323395554783,0.026085197757405237,0.9984283057080804,0.001945872102047839,0.002952871536636296,0.2627884146873214,0.0
0.7627119,-0.0495652,0.1579488,0.0421847134964919,0.01752396028378916,0.9989561355551059,0.0024152466811758404,0.0032897704857559073,0.3454205006737201,0.0
0.7627119,-0.0165217,0.1554077,0.028478960769224564,0.012202517754492891,0.9995199084330217,0.0017641367490956815,0.002810001597261477,0.2286017957067384,0.0
0.7627119,0.0165217,0.1598196,0.026686244619215524,-0.010611404669433508,0.9995875361563212,0.0012884793607239643,0.0024008206934146357,0.14284618770446167,0.0
0.7627119,0.0495652,0.1605802,0.025310099151164372,-0.027671194463906645,0.9992966045563743,0.0011278693717634372,0.002246245692339529,0.11435955032206772,0.0
0.7627119,0.0826087,0.1575811,0.026993241680238443,-0.023864611073847138,0.9993507118333816,0.0010100271394570285,0.0021256145398972164,0.0927697685854888,0.0
0.7627119,0.1156522,0.1626572,0.03335502625817137,-0.0003497331430070121,0.9994435051117422,0.0015002027687879924,0.0025910085942462613,0.1809968893589977,0.0
0.7627119,0.1486957,0.15961,0.034004073745297694,0.007768454933091782,0.9993915019033718,0.0014441360568917528,0.002542156940952505,0.17062378686101665,0.0
0.7627119,0.1817391,0.1592858,0.029030329399598178,-0.017862951881116015,0.9994189086289313,0.0022889981657435153,0.0032018583408476775,0.32266609029107296,0.0
0.7627119,0.2147826,0.1637697,0.021336476626036292,-0.043596985509142025,0.9988213341832973,0.0020989223203395726,0.0030664203768246755,0.28836027720041124,0.0
0.7627119,0.2478261,0.166922,0.02425588504543001,-0.07046363722431101,0.9972193980613211,0.0018590049836786514,0.0028881097185593442,0.24692427384777496,0.0
0.7627119,0.2808696,0.1642804,0.046252565277394866,-0.06508369361770375,0.9968073098800677,0.002655200616501164,0.0034530014568855947,0.3896016215037502,1.0
0.7627119,0.313913,0.1689427,0.049427368773181754,-0.06269041347337692,0.9968083302594822,0.0034186838710807523,0.003920714404479627,0.5268642640413235,1.0
0.7627119,0.3469565,0.1696357,0.04817918613609128,-0.05330559459263468,0.9974152994657691,0.003582080028226228,0.004123246571281097,0.6027590401586314,1.0
0.7627119,0.38,0.1805514,0.05139263079838896,-0.06155341328346785,0.9967798025706457,0.00327093331008817,0.004132860637244228,0.6255930985892605,1.0
0.7966102,-0.38,0.1682351,0.055254515441199324,0.07649715963084515,0.9955376050615925,0.0021103119059716884,0.0033191297169252796,0.41420734913924473,1.0
0.7966102,-0.3469565,0.1723513,0.059250712689348256,0.07907020126228856,0.9951066557500988,0.001994422398383961,0.0030772068206853668,0.3196650633953847,0.0
0.7966102,-0.313913,0.1660764,0.044387683577043396,0.0724143250187265,0.9963864205611929,0.0018112650700879416,0.0028512870991436274,0.23710808407567988,0.0
0.7966102,-0.2808696,0.1640843,0.039324611312903004,0.03331140654986196,0.9986710795546043,0.0015563590654723714,0.0026399816344430034,0.190890550582818,0.0
0.7966102,-0.2478261,0.1650573,0.04942030284528241,0.015675257671043948,0.9986550555440186,0.0009555282125303359,0.002068028325727622,0.0829480418477199,0.0
0.7966102,-0.2147826,0.1641985,0.056880916780207236,0.01767414250823451,0.9982245168261705,0.0011079760985840412,0.002227532327449485,0.11245499426168959,0.0
0.7966102,-0.1817391,0.1641384,0.056147927997572705,0.03414053368781214,0.9978385812049413,0.0012699967372417202,0.0023853847061876474,0.13933600465875096,0.0
0.7966102,-0.1486957,0.1603406,0.08449276498504847,0.0422766732451528,0.9955268231265816,0.0018350824141272963,0.002871357222933844,0.24130933972846466,0.0
0.7966102,-0.1156522,0.1567673,0.080313274950332,0.013014127066881898,0.9966847096065231,0.0022896946446789314,0.0032066147761587774,0.32396804466502493,0.0
0.7966102,-0.0826087,0.156366,0.0711623460995468,0.006765074832435291,0.9974418049491007,0.0022603901649432697,0.003184831934761341,0.31808131785817095,0.0
0.7966102,-0.0495652,0.1591148,0.05043027765034873,0.014718970637483477,0.9986191160795399,0.002331065451149072,0.0032325739101238668,0.3308210972396708,0.0
0.7966102,-0.0165217,0.159132,0.050442913035663235,0.00614809483547478,0.9987080221237687,0.0020765705034109447,0.003050350239400813,0.2848488065287828,0.0
0.7966102,0.0165217,0.1615835,0.04023857786786909,0.002974382960162778,0.9991856733846706,0.0014011255907886218,0.002504182492059567,0.16287904247154478,0.0
0.7966102,0.0495652,0.1588411,0.047652102656648015,-0.021226567619743262,0.9986384280306285,0.0015873351993085287,0.002666268913763618,0.19644674889886146,0.0
0.7966102,0.0826087,0.1611594,0.05058950125115821,-0.011765905595052655,0.9986502219639704,0.0016994680686319263,0.0027591888598801147,0.21728992909225459,0.0
0.7966102,0.1156522,0.1631188,0.06256300889457789,-0.00238313394858782,0.998038170908628,0.0016902164324369357,0.002752429876438266,0.21694627410455297,0.0
0.7966102,0.1486957,0.1598491,0.05684782221940865,-0.0024811163010728787,0.9983797720160456,0.0015013248231909883,0.0025933760245546674,0.18104664675425514,0.0
0.7966102,0.1817391,0.1558807,0.05613117024851124,-0.020084559618028325,0.9982213693322152,0.0018893785377055764,0.002909948730454968,0.2509726213742726,0.0
0.7966102,0.2147826,0.1579787,0.06804427067988639,-0.06281185066149095,0.9957030926155251,0.0014782247341786066,0.0025762464874553776,0.17832242980159146,0.0
0.7966102,0.2478261,0.1585789,0.06286558610736342,-0.050666732068880053,0.9967350702894114,0.0017893541937495552,0.0028335511532149196,0.2331618340854506,0.0
0.7966102,0.2808696,0.1692394,0.07529126083689275,-0.05345281690432279,0.9957278857230946,0.0017713273835297768,0.0028205590298510975,0.2314991147848911,0.0
0.7966102,0.313913,0.1636912,0.089781313450693,-0.05761739570585916,0.9942934936260736,0.0023314028138175687,0.003238999290057251,0.33101072958667255,0.0
0.7966102,0.3469565,0.1718944,0.09254490534737785,-0.06507806995750189,0.9935795314441878,0.002450774404188396,0.0034159362402855827,0.39976177843383137,1.0
0.7966102,0.38,0.1721179,0.08279539865750056,-0.04628162723186004,0.9954913022934538,0.0029470007108310732,0.003927454073705815,0.5639209421122761,1.0
0.8305085,-0.38,0.1729144,0.0854350316851816,0.08685463947561403,0.9925508183274613,0.001834604646684622,0.003123967781299108,0.36685626521153036,0.0
0.8305085,-0.3469565,0.168616,0.09345173024688912,0.07444674462617365,0.9928365708053003,0.0023237579083478337,0.0033269651741122254,0.3766363731774551,0.0
0.8305085,-0.313913,0.1633342,0.08374099762402185,0.06808273764568465,0.9941590346376187,0.002861685159173467,0.0035895458948253813,0.42787416706575776,1.0
0.8305085,-0.2808696,0.1612724,0.08525005969817613,0.030331266381651446,0.9958978068060713,0.002606000728637813,0.0034225868916603094,0.38026182434920974,0.0
0.8305085,-0.2478261,0.1605557,0.1033328869168704,0.020809711829876842,0.9944291178233787,0.00187132084703071,0.002901503571826534,0.24914055539087496,0.0
0.8305085,-0.2147826,0.1594502,0.10696803429891427,0.027855924692036443,0.9938721683887611,0.00195749135381511,0.002968411075797753,0.26488180642269094,0.0
0.8305085,-0.1817391,0.156153,0.10778561631195188,0.05014804937024174,0.9929085728608715,0.002554546396692075,0.003393263570160682,0.3709934838335305,0.0
0.8305085,-0.1486957,0.1566647,0.10377214689371028,0.03858513149505389,0.9938523678879975,0.00241303145430313,0.0032975588075631686,0.3468435248277111,0.0
0.8305085,-0.1156522,0.1608044,0.08814223738296559,0.004166158368142343,0.9960991863833524,0.0028406032463069064,0.0035738953836914867,0.42312211078712614,1.0
0.8305085,-0.0826087,0.1502804,0.0841464255471794,0.005528197592206262,0.9964380653603186,0.0031387532747945267,0.0037565360562015044,0.476838457232135,1.0
0.8305085,-0.0495652,0.1557692,0.07474585361907053,-0.00582974263874779,0.9971855752403974,0.0029940969656950143,0.0036674296202207067,0.45054373506500456,1.0
0.8305085,-0.0165217,0.1520763,0.07464183726970176,-0.007241593573244816,0.9971841131162907,0.0023294981598291683,0.003233838879031772,0.33154559173456183,0.0
0.8305085,0.0165217,0.1553583,0.07768861920988143,0.005639633830455041,0.9969617209178696,0.002353294703795199,0.0032505797847000107,0.33419480985317385,0.0
0.8305085,0.0495652,0.1575133,0.09106369397447338,-0.019905363779416586,0.995646111895453,0.001614818670219462,0.0026933317127662048,0.20377474280519756,0.0
0.8305085,0.0826087,0.155214,0.08509964830567891,0.0037222799206485615,0.9963654924225559,0.0015619279991353314,0.002648076555114086,0.19216733937890906,0.0
0.8305085,0.1156522,0.1582954,0.08188635005732346,-0.0034338664308122984,0.9966357580558831,0.0017963246115292925,0.00283976139884919,0.2355320159102868,0.0
0.8305085,0.1486957,0.151993,0.08565054734494303,-0.008226337528640678,0.9962912782466664,0.001927435733623027,0.002942149757484518,0.2581818559593607,0.0
0.8305085,0.1817391,0.1610662,0.08526747033654469,-0.010341381063317187,0.9963044285458684,0.002208663527936418,0.0031498775659113943,0.31186141943086887,0.0
0.8305085,0.2147826,0.1571151,0.08717713208537609,-0.05718037861304976,0.9945504270488436,0.0019622696969057865,0.0029706304025567346,0.2638911886438511,0.0
0.8305085,0.2478261,0.1621674,0.08538187105852481,-0.04930590731723081,0.995127561470473,0.002067187336126178,0.0030484043169209715,0.2836920155322493,0.0
0.8305085,0.2808696,0.1624199,0.09460243627143712,-0.04531248432158952,0.9944833622620916,0.0019104733003856888,0.0029313267170452224,0.2562240148392397,0.0
0.8305085,0.313913,0.1558847,0.10411547294041539,-0.04695082790689942,0.9934563845752112,0.0020050530931722274,0.0030046553480877333,0.27439671539389293,0.0
0.8305085,0.3469565,0.1633385,0.11285051050340082,-0.040480449033752613,0.9927870343256642,0.0021245368237938485,0.0031833855592459303,0.34083811558034544,0.0
0.8305085,0.38,0.1684301,0.1204509949448002,-0.042558640145361495,0.9918065940322162,0.0021218593084253038,0.003340513250697242,0.4158809638634269,1.0
0.8644068,-0.38,0.1689781,0.09777843090135617,0.09855429544713289,0.9903163278969949,0.0019402536266120715,0.0032161323366140435,0.38551880379942527,1.0
0.8644068,-0.3469565,0.163016,0.10671172198422953,0.06616959359702364,0.992085779191681,0.0025824524505060104,0.003509877193848144,0.4230338700701879,1.0
0.8644068,-0.313913,0.1609619,0.12554274033633947,0.07111390629287323,0.9895361704761534,0.001565138764928269,0.002658898748312465,0.19353363491596565,0.0
0.8644068,-0.2808696,0.154182,0.13466373055016773,0.05223343954856032,0.9895136924101853,0.0017462777350660276,0.0028091603433546652,0.22930641640343732,0.0
0.8644068,-0.2478261,0.1611412,0.1383140830557492,0.03816749338468577,0.9896526950790246,0.0015897641433122826,0.002680177829548616,0.20039578787717255,0.0
0.8644068,-0.2147826,0.1608932,0.14020623527926407,0.04367554924977266,0.989158560589022,0.0015578709722283812,0.002653681664991486,0.19340110664327798,0.0
0.8644068,-0.1817391,0.1543785,0.1402896637273197,0.04589828361874446,0.9890460847767051,0.0018670686753381122,0.002905674727769007,0.24937688479090245,0.0
0.8644068,-0.1486957,0.1526508,0.13464455914449455,0.029523511763578546,0.990454039794846,0.0021422558713773466,0.0031109902623311634,0.2995925742955296,0.0
0.8644068,-0.1156522,0.1476668,0.12213038188593542,-0.0030989441508415543,0.9925092273452903,0.0027640315515253615,0.0035317984337875303,0.4111873032937752,1.0
0.8644068,-0.0826087,0.1545843,0.12263912578121434,0.002648568430921496,0.9924477970719098,0.0030213805636999077,0.0036930252042393116,0.45644904087383237,1.0
0.8644068,-0.0495652,0.1596481,0.11774110998610152,-0.01174488950052385,0.9929748680555116,0.0031123128721887564,0.0037471445755192776,0.4747697402338259,1.0
0.8644068,-0.0165217,0.153496,0.11437825947517855,-0.01924528358079992,0.9932508408349439,0.0026223342082370145,0.0034387890061645175,0.3899086434012164,1.0
0.8644068,0.0165217,0.1551358,0.11422782973229997,0.010153830843721501,0.9934026890611108,0.0027619879046718782,0.0035289793214028967,0.40846713963834913,1.0
0.8644068,0.0495652,0.1531675,0.12360290351176215,-0.02215185885437926,0.9920844809756666,0.0020630077513226048,0.0030511561279768264,0.28425976953693327,0.0
0.8644068,0.0826087,0.1489793,0.11932267909937125,-0.006137367721494865,0.9928365580346038,0.002625655903766922,0.003441494326428278,0.3859700476766155,1.0
0.8644068,0.1156522,0.1565339,0.1012297266985211,-0.0032338575905635535,0.994857821297911,0.0020599582826472413,0.0030441161149374263,0.2828187169554787,0.0
0.8644068,0.1486957,0.1496063,0.09466345654847014,-0.01157802694926673,0.9954420019701088,0.002205610394369556,0.0031493755829610846,0.3091995737284426,0.0
0.8644068,0.1817391,0.1536608,0.09204225855716348,-0.008920629084118729,0.9957151425063496,0.0019882440925344164,0.0029891604991165405,0.27056983461648454,0.0
0.8644068,0.2147826,0.1563085,0.09127829234160567,-0.0332952888315091,0.9952686557351367,0.001980660690151267,0.0029837886231627478,0.26986770577987884,0.0
0.8644068,0.2478261,0.1594965,0.10015586914580876,-0.0444889798572218,0.9939766257548073,0.0022209684901731844,0.003161858715955553,0.31138100005828906,0.0
0.8644068,0.2808696,0.159668,0.1058653588759984,-0.03983308326148942,0.9935823324052917,0.001953665194599828,0.002965748140837855,0.264943710160107,0.0
0.8644068,0.313913,0.1613494,0.12427274266456231,-0.04629360222473341,0.9911675881624082,0.0019254719297259557,0.0029492439450810887,0.2615438466344587,0.0
0.8644068,0.3469565,0.1598698,0.1261533247138532,-0.022758247617771288,0.9917496664123508,0.0017206847600803852,0.00286607845604503,0.26796017734134103,0.0
0.8644068,0.38,0.160448,0.13671986892797203,-0.03527318521130141,0.9899815553056366,0.0018448665452418086,0.0031190471802847453,0.3669346797417978,0.0
0.8983051,-0.38,0.1602069,0.13514775105053978,0.0896486762758018,0.9867614707861154,0.0020352975012308096,0.003304126183323288,0.4031085919973023,1.0
0.8983051,-0.3469565,0.1557299,0.14542630811627297,0.08707110896492201,0.9855302181522843,0.002039545610146631,0.003129658245514602,0.32587272953017254,0.0
0.8983051,-0.313913,0.1519718,0.12221158708958928,0.07414209249260188,0.9897309119664104,0.0017485292245375287,0.002810293371265081,0.22704688798776326,0.0
0.8983051,-0.2808696,0.1503285,0.12616996530360017,0.04791038429818828,0.9908510155072198,0.002104715166957784,0.00308256891632686,0.29137151227842006,0.0
0.8983051,-0.2478261,0.1510836,0.12225491218931399,0.04054618008879189,0.9916701789031425,0.0022027139493708027,0.0031525123280482046,0.30830936949313875,0.0
0.8983051,-0.2147826,0.1456205,0.1271166519572961,0.03948193784091269,0.9911016766101721,0.002062019438844997,0.0030508541243691643,0.28465033758735425,0.0
0.8983051,-0.1817391,0.1459566,0.12728519773751568,0.06047588308423821,0.9900207805910456,0.0017983788423029548,0.0028519714689255998,0.23946664457859904,0.0
0.8983051,-0.1486957,0.144111,0.1393898544999405,0.038383116348262934,0.9894934081851586,0.0025704179072295547,0.0034099064755904337,0.3746928485704278,0.0
0.8983051,-0.1156522,0.148777,0.1424639377803208,0.002243562421528357,0.9897974504209359,0.002897871482339274,0.0036215111813499537,0.43336685857406354,1.0
0.8983051,-0.0826087,0.1488646,0.15582996118481124,0.006197629725742525,0.9877644519737098,0.0032984509548278623,0.003868455755693102,0.5070534193326605,1.0
0.8983051,-0.0495652,0.153269,0.16012717152642664,-0.004016027121516287,0.987088223243042,0.003660950036915506,0.0040777090139878375,0.5764221584374595,1.0
0.8983051,-0.0165217,0.1425584,0.16554840180766703,-0.004133314536675868,0.9861930046242816,0.003752555646568126,0.004130518971367811,0.5879437239094164,1.0
0.8983051,0.0165217,0.1450122,0.15050572168645812,0.007721472446335764,0.9885789834924162,0.0034808797063849003,0.0039730464392617225,0.5397881002820751,1.0
0.8983051,0.0495652,0.1499854,0.14674666320475196,-0.011932234783111718,0.9891021376032667,0.0024357708121840317,0.0033204580519218033,0.3531223648072529,0.0
0.8983051,0.0826087,0.1469903,0.13255540087787693,-0.01328358972394926,0.9910865814560051,0.0031438156151184777,0.0037697365784888416,0.4780075862445554,1.0
0.8983051,0.1156522,0.1472492,0.12580338507699418,-0.030685712699056778,0.9915805037107784,0.0026795212029490454,0.0034781980184420505,0.39746054338659237,1.0
0.8983051,0.1486957,0.1541439,0.11186655199160363,-0.01997041200298401,0.9935225499151696,0.002150033885362721,0.003111956094523741,0.3023935841054228,0.0
0.8983051,0.1817391,0.1489838,0.11950522588652016,-0.02965303624183641,0.9923906480955231,0.001900426453331614,0.0029269048697469443,0.2561749805655892,0.0
0.8983051,0.2147826,0.1477097,0.11857326523509433,-0.02364787640133409,0.9926636684764862,0.0018059217566839482,0.00285277413952931,0.23673725787474056,0.0
0.8983051,0.2478261,0.1486032,0.12543360824208208,-0.029524419277403045,0.9916626032021697,0.0016647813421263714,0.0027410667209263793,0.2114648128654283,0.0
0.8983051,0.2808696,0.1551334,0.12275897238339838,-0.03393879268670634,0.99185603443763,0.0015994915650940648,0.0026854445506248334,0.20007284577791565,0.0
0.8983051,0.313913,0.1568109,0.13894197428570343,-0.029686790137419018,0.9898554552422932,0.0016399346030799772,0.0027220837682219437,0.2090283958984925,0.0
0.8983051,0.3469565,0.1537454,0.1453023386966491,-0.03277780842199276,0.9888441968502091,0.001603176814795134,0.002771097837780287,0.24744306493784962,0.0
0.8983051,0.38,0.1570662,0.1489475023551605,-0.028777044265023373,0.9884262862072862,0.0013835284331916655,0.0027038262223053377,0.284762347688037,0.0
0.9322034,-0.38,0.1565155,0.14635815799440446,0.08255333421394018,0.9857810287272961,0.002116412394910921,0.003216421290413881,0.46943092923039736,1.0
0.9322034,-0.3469565,0.1544813,0.14430789147708106,0.06849895062596577,0.9871591189978344,0.0024199419231700683,0.0033356830132235623,0.3952964875079936,1.0
0.9322034,-0.313913,0.1488545,0.14874838371041826,0.06180123004299877,0.9869420075712202,0.002647573188698089,0.0034647286758380203,0.39349282585513085,1.0
0.9322034,-0.2808696,0.150882,0.1501001083702134,0.043643039617553336,0.9877070631316711,0.0027300753903327065,0.00351754776318639,0.40714215277848737,1.0
0.9322034,-0.2478261,0.1491586,0.1406272626108374,0.04020152690018392,0.9892460817438078,0.0026023959703601243,0.003431493960298616,0.3823086650043449,1.0
0.9322034,-0.2147826,0.140718,0.15829364351034494,0.05561233877821119,0.9858247259020426,0.002466142044671862,0.0033456610569379914,0.35841011727228106,0.0
0.9322034,-0.1817391,0.1439518,0.16054553364751206,0.05776305114152839,0.9853367757009055,0.0022584711517495753,0.003202112876955164,0.32419625575892874,0.0
0.9322034,-0.1486957,0.1451507,0.15099151886120937,0.022978223373227233,0.9882679608702264,0.0023687460441829617,0.0032754975376125452,0.33979416633942183,0.0
0.9322034,-0.1156522,0.1414,0.15987688795228241,0.0035801947405829865,0.9871304690385728,0.0029195792046622323,0.0036402978798114123,0.44009896711947627,1.0
0.9322034,-0.0826087,0.1361128,0.17122778529728994,-0.006785447725092362,0.9852081014899113,0.0031905870700262647,0.0038095354143705476,0.49144956683660757,1.0
0.9322034,-0.0495652,0.1412875,0.173017415052665,-0.006646538413093563,0.9848963385126464,0.00318480620587053,0.0038066957813892017,0.4885373883177811,1.0
0.9322034,-0.0165217,0.1441963,0.18167890830064107,0.01808853899527958,0.9831915271378736,0.0030947655328761583,0.0037553153843947955,0.4701222527380145,1.0
0.9322034,0.0165217,0.1466812,0.17611052342335778,0.009655914978737521,0.98432303988349,0.003647239620195339,0.004075733069053941,0.5710181113809852,1.0
0.9322034,0.0495652,0.1355642,0.16575965620971722,-0.010793995245741324,0.9861071067789096,0.0023520319095559285,0.0032678581229812808,0.34174827457746804,0.0
0.9322034,0.0826087,0.1503696,0.1588063581268308,-0.02144732819066273,0.9870767714478823,0.002779942393713969,0.0035513656350226494,0.4189321965498936,1.0
0.9322034,0.1156522,0.1397378,0.1559967495946938,-0.041299519759656816,0.9868937955948006,0.0024639013824020754,0.0033426885721845475,0.3584043244562593,0.0
0.9322034,0.1486957,0.1467763,0.14173619707438365,-0.023723114644486034,0.9896201616127551,0.0021279363791106387,0.0031019995276133114,0.2967328389104665,0.0
0.9322034,0.1817391,0.1485906,0.14914195411365647,-0.0259084978026261,0.9884763159857557,0.0018243855359871208,0.0028734572672378424,0.24476970898594702,0.0
0.9322034,0.2147826,0.1490163,0.1493654995159008,-0.012467896034665782,0.9887034434666618,0.0016625416185703306,0.002742771883695558,0.214445703523958,0.0
0.9322034,0.2478261,0.1478919,0.16011808092983815,-0.03587292892073598,0.9864458085115438,0.0012157051938896616,0.002348455347949261,0.13471512506197109,0.0
0.9322034,0.2808696,0.1455311,0.16872423718071286,-0.040048379309562177,0.9848493585835673,0.0013504723910378687,0.002476009068621088,0.15647910157996886,0.0
0.9322034,0.313913,0.1526638,0.16676783838435183,-0.02316848946732472,0.9857239518122777,0.001276361011625723,0.0024062711319707115,0.14552390924055886,0.0
0.9322034,0.3469565,0.1506038,0.16039980597980324,-0.02268812852394895,0.9867913411992032,0.0013389726153410714,0.0024806721485461447,0.1998254791527738,0.0
0.9322034,0.38,0.1473433,0.15427958918334062,-0.028273010720399967,0.9876226228809382,0.001746287872437369,0.002919274356411311,0.4018744209797841,1.0
0.9661017,-0.38,0.1574982,0.15572148218033027,0.06866824500568457,0.9854113314324129,0.00211331971098192,0.0032876896044363463,0.504880398840633,1.0
0.9661017,-0.3469565,0.1489739,0.1470756387545832,0.07283148580221181,0.9864402319252662,0.0025494753327071256,0.0034037183478528607,0.4954809103437343,1.0
0.9661017,-0.313913,0.1503384,0.14528320129153838,0.06190252581894959,0.9874517044998792,0.0025432693053564683,0.0034873403862269482,0.4216903922208346,1.0
0.9661017,-0.2808696,0.1403805,0.12565359673152485,0.053166024101637774,0.9906485489363296,0.0029039174753206927,0.0037756107589125196,0.48076726204171183,1.0
0.9661017,-0.2478261,0.1459456,0.13987810877534346,0.04885911541505875,0.9889625379792153,0.0023050984851340516,0.0033272959429318703,0.37300793420768774,0.0
0.9661017,-0.2147826,0.1449369,0.15022262681714904,0.059708886405278425,0.9868475116634776,0.002440721001696202,0.00342706867288562,0.397677840224751,1.0
0.9661017,-0.1817391,0.1436517,0.15197492012979824,0.04675612651446852,0.98727781717453,0.0020574368319690567,0.0031801554746944977,0.32855150595463056,0.0
0.9661017,-0.1486957,0.1379418,0.13879452236749829,0.03141276665926258,0.9898228723623174,0.002857004727450286,0.0037468365229274617,0.47233417775613923,1.0
0.9661017,-0.1156522,0.1336119,0.15186682561202833,0.024601009374386078,0.9880947614557459,0.0032017006394871998,0.003967836500156822,0.5343251492857657,1.0
0.9661017,-0.0826087,0.1360977,0.16815884193148267,0.010373083872006333,0.9857053327497257,0.0027988518275353087,0.0037123163102164465,0.4627726920487398,1.0
0.9661017,-0.0495652,0.1296283,0.1705349893535353,0.0001363504365279325,0.9853516117684835,0.0024401839106965384,0.0035379177494267956,0.39739562982279264,1.0
0.9661017,-0.0165217,0.130934,0.1654819320632936,0.004805874658863078,0.9862011122125967,0.002721914507903763,0.003660528646117889,0.4480774913287101,1.0
0.9661017,0.0165217,0.1363159,0.17585675510067375,-0.01103445525852105,0.9843539213527873,0.0032070661438453004,0.003931328767264466,0.5352839811916721,1.0
0.9661017,0.0495652,0.1332624,0.16732683165871465,-0.0325202980060004,0.9853649890394202,0.002275408809918553,0.0033466991321625035,0.3676765127217711,0.0
0.9661017,0.0826087,0.1361363,0.16671830322041262,-0.04093514273269819,0.9851544657873507,0.0022730176675322504,0.0033452942545493117,0.3674195470957281,0.0
0.9661017,0.1156522,0.1368923,0.17353826969857747,-0.03639301205818582,0.9841544683754457,0.0017784409160655466,0.0029593160508371605,0.27828796608667883,0.0
0.9661017,0.1486957,0.1437976,0.15049597186563282,-0.03679186824827682,0.9879257668888997,0.0020306084956055125,0.0031235603790425843,0.32398285926296744,0.0
0.9661017,0.1817391,0.142881,0.1500668257662951,-0.0208619031044623,0.9884557293087479,0.0014487300476491384,0.0026366204867500943,0.2190676137882465,0.0
0.9661017,0.2147826,0.1400327,0.16000875868247968,-0.01826382031526665,0.9869466196367381,0.0014277756226332861,0.0026185601483048626,0.21514058962642676,0.0
0.9661017,0.2478261,0.1451698,0.16756649646032054,-0.022354072748784617,0.9856073075497948,0.0017313632268398595,0.002885349001942642,0.2698207394759645,0.0
0.9661017,0.2808696,0.1407762,0.1673721032404803,-0.028849220662047207,0.9854716137586362,0.001393444361293285,0.0026177377751371287,0.2091242504698724,0.0
0.9661017,0.313913,0.1438735,0.17490725080954972,-0.025155617658848443,0.9842635056296901,0.0012688935846460149,0.002462940789877211,0.18819231150121074,0.0
0.9661017,0.3469565,0.1495802,0.1686906424226743,-0.02760530079341595,0.9852824034393038,0.0013217060864726363,0.0024502196093262,0.276020532742007,0.0
0.9661017,0.38,0.1452865,0.16756597959308572,-0.02052401771698187,0.985647202187356,0.0011317182408936565,0.0024024775136008984,0.33166499933903854,0.0
1.0,-0.38,0.1415185,0.1533017939877752,0.06739178653369211,0.9858787486643208,0.002203391438431018,0.003277550084905874,0.6487673255255746,1.0
1.0,-0.3469565,0.136231,0.14802713373820836,0.05614375271006662,0.9873883970904668,0.002381712980197113,0.003382297453048885,0.5663346851260476,1.0
1.0,-0.313913,0.1385806,0.14729111549935447,0.06539334540049697,0.9869290945515221,0.002408693336506682,0.0035239074841795304,0.5224806304014115,1.0
1.0,-0.2808696,0.1413569,0.1516916828303003,0.057654829343711106,0.986744928547119,0.002583351577825408,0.003722175945386567,0.4999507144771055,1.0
1.0,-0.2478261,0.1326307,0.14665738554984464,0.0489769043805538,0.9879741262305318,0.0022850988401113756,0.0034435513115536696,0.45083121697839645,1.0
1.0,-0.2147826,0.1341889,0.15168511193258233,0.057989744725249565,0.986726312776091,0.0019161322339966693,0.003204668305336075,0.3796123288018092,0.0
1.0,-0.1817391,0.1296401,0.13673684788900312,0.0489877020305317,0.9893953908721966,0.0021399738007343446,0.0033840204488094112,0.4244777743957219,1.0
1.0,-0.1486957,0.1279007,0.14522035070479328,0.034775112537506175,0.988788016355973,0.0026109289384590806,0.0037380675005012293,0.5092286331480378,1.0
1.0,-0.1156522,0.1268557,0.1538927025478801,0.021154446515544115,0.9878610861326255,0.0025292438872353824,0.003679016137575253,0.49159707058633845,1.0
1.0,-0.0826087,0.1343379,0.1903077355431901,0.0072380956398063745,0.9816978026683835,0.002413650964836971,0.0035986288730625,0.4679046337868264,1.0
1.0,-0.0495652,0.1366678,0.17060007083199677,0.007506848961874021,0.985311759318228,0.0026157914433091994,0.003743440426786182,0.5027013266477057,1.0
1.0,-0.0165217,0.1308331,0.1666037243870549,-0.008070272173302548,0.9859909075277578,0.0030842653153427147,0.004065140472096883,0.5930341383893581,1.0
1.0,0.0165217,0.1272351,0.1482243199285506,-0.009401396848516581,0.9889090780850461,0.0027532482274629814,0.0038375751092004744,0.5290855696746395,1.0
1.0,0.0495652,0.1316952,0.16743944031109922,-0.020927893582299743,0.9856602138153464,0.002632374493013847,0.00375540284690469,0.5087259904379562,1.0
1.0,0.0826087,0.1289706,0.17908150401308703,-0.030361282758788247,0.9833656529641717,0.0020188300606682782,0.0032900172176766633,0.4013958021796844,1.0
1.0,0.1156522,0.1329674,0.18232636524556756,-0.03644781807343651,0.9825622896763471,0.0017934473997981827,0.0031015419242941206,0.3583663905599114,0.0
1.0,0.1486957,0.1322223,0.17622074482767042,-0.03873282992111035,0.9835883371506002,0.0016933810811961562,0.003013030063916053,0.3401271621576488,0.0
1.0,0.1817391,0.1331712,0.17847034886834123,-0.01616809530097373,0.9838124451688703,0.001524309006888406,0.002857296238562083,0.3106850549993539,0.0
1.0,0.2147826,0.1353331,0.16094850800194016,-0.020425346084993332,0.9867514291903802,0.001412154274454079,0.002748215953996126,0.29059415744147293,0.0
1.0,0.2478261,0.1331485,0.17071140297469176,-0.02197846755004168,0.985075917814746,0.001483182273193229,0.0028177531466362688,0.30345842314122934,0.0
1.0,0.2808696,0.1352462,0.1804953121373784,-0.020505854085356046,0.9833620656933335,0.0011993929717441713,0.0025345281548573365,0.24992853585460623,0.0
1.0,0.313913,0.1330644,0.174831611703338,-0.025784673665172453,0.9842606657553646,0.001180149625393634,0.002464140559453511,0.3000050507615779,0.0
1.0,0.3469565,0.1388679,0.1731991232760719,-0.021016872130948782,0.9846625588404544,0.0010277000199267238,0.002276607394453923,0.31595471729537633,0.0
1.0,0.38,0.1380884,0.16755182902867252,-0.026385172313756144,0.9855101254026363,0.001240178289859618,0.0024560710853019753,0.4757276743765975,1.0
